
> hyperlocal-frontend@0.1.0 dev
> next dev

▲ Next.js 16.2.6 (Turbopack)
- Local:         http://localhost:5001
- Network:       http://10.5.50.157:5001
✓ Ready in 239ms


> hyperlocal-frontend@0.1.0 dev
> next dev

▲ Next.js 16.2.6 (Turbopack)
- Local:         http://localhost:3000
- Network:       http://10.5.50.157:3000
✓ Ready in 238ms


> hyperlocal-frontend@0.1.0 dev
> next dev

▲ Next.js 16.2.6 (Turbopack)
- Local:         http://localhost:3000
- Network:       http://10.5.50.157:3000
✓ Ready in 254ms

 GET / 200 in 287ms (next.js: 137ms, application-code: 150ms)
 GET /login 200 in 52ms (next.js: 29ms, application-code: 24ms)
 GET /login 200 in 27ms (next.js: 5ms, application-code: 22ms)
 GET /login 200 in 28ms (next.js: 5ms, application-code: 23ms)
 GET /login 200 in 27ms (next.js: 5ms, application-code: 22ms)
 GET / 200 in 39ms (next.js: 13ms, application-code: 26ms)

> hyperlocal-frontend@0.1.0 dev
> next dev

▲ Next.js 16.2.6 (Turbopack)
- Local:         http://localhost:3000
- Network:       http://10.5.50.157:3000
✓ Ready in 249ms

 GET / 200 in 281ms (next.js: 132ms, application-code: 149ms)
 GET / 200 in 52ms (next.js: 7ms, application-code: 45ms)
 GET /icon-192x192.png 404 in 57ms (next.js: 21ms, application-code: 36ms)
 GET /login 200 in 63ms (next.js: 38ms, application-code: 25ms)
 GET /icon-192x192.png 404 in 29ms (next.js: 3ms, application-code: 26ms)
 GET /login 200 in 176ms (next.js: 70ms, application-code: 106ms)
 GET /login 200 in 54ms (next.js: 13ms, application-code: 41ms)
 GET /login 200 in 14ms (next.js: 1010µs, application-code: 13ms)
 GET /icon-192x192.png 404 in 67ms (next.js: 24ms, application-code: 43ms)
✓ Compiled in 196ms
 GET /login 200 in 108ms (next.js: 36ms, application-code: 72ms)
 GET /login 200 in 27ms (next.js: 2ms, application-code: 25ms)
 GET /login 200 in 14ms (next.js: 1083µs, application-code: 13ms)
 GET /icon-192x192.png 404 in 70ms (next.js: 18ms, application-code: 52ms)
 GET /login 200 in 246ms (next.js: 153ms, application-code: 93ms)
 GET /login 200 in 65ms (next.js: 1404µs, application-code: 64ms)
 GET /login 200 in 81ms (next.js: 873µs, application-code: 80ms)
 GET /login 200 in 82ms (next.js: 883µs, application-code: 81ms)
 GET /login 200 in 83ms (next.js: 771µs, application-code: 82ms)
 GET /login 200 in 74ms (next.js: 968µs, application-code: 73ms)
 GET /login 200 in 85ms (next.js: 1404µs, application-code: 83ms)
 GET /login 200 in 71ms (next.js: 1248µs, application-code: 70ms)
 GET /login 200 in 82ms (next.js: 1147µs, application-code: 81ms)
 GET /login 200 in 85ms (next.js: 1087µs, application-code: 84ms)
 GET /login 200 in 72ms (next.js: 1436µs, application-code: 70ms)
 GET /login 200 in 70ms (next.js: 997µs, application-code: 69ms)
 GET /login 200 in 82ms (next.js: 974µs, application-code: 81ms)
 GET /login 200 in 68ms (next.js: 1110µs, application-code: 67ms)
 GET /login 200 in 70ms (next.js: 1015µs, application-code: 69ms)
 GET /login 200 in 80ms (next.js: 1631µs, application-code: 79ms)
 GET /login 200 in 102ms (next.js: 1540µs, application-code: 100ms)
 GET /login 200 in 101ms (next.js: 1025µs, application-code: 100ms)
 GET /login 200 in 100ms (next.js: 1379µs, application-code: 99ms)
 GET /login 200 in 87ms (next.js: 1379µs, application-code: 86ms)
 GET /login 200 in 72ms (next.js: 1025µs, application-code: 71ms)
 GET /login 200 in 58ms (next.js: 4ms, application-code: 54ms)
 GET /login 200 in 26ms (next.js: 1057µs, application-code: 25ms)
 GET /login 200 in 14ms (next.js: 924µs, application-code: 13ms)
 GET /icon-192x192.png 404 in 73ms (next.js: 12ms, application-code: 61ms)
 GET /login 200 in 176ms (next.js: 31ms, application-code: 145ms)
 GET /login 200 in 120ms (next.js: 14ms, application-code: 106ms)
 GET /login 200 in 92ms (next.js: 1232µs, application-code: 90ms)
 GET /login 200 in 72ms (next.js: 2ms, application-code: 69ms)
 GET /login 200 in 71ms (next.js: 861µs, application-code: 70ms)
 GET /login 200 in 85ms (next.js: 891µs, application-code: 84ms)
 GET /login 200 in 82ms (next.js: 760µs, application-code: 81ms)
 GET /login 200 in 89ms (next.js: 963µs, application-code: 88ms)
 GET /login 200 in 72ms (next.js: 1747µs, application-code: 71ms)
 GET /login 200 in 74ms (next.js: 1846µs, application-code: 72ms)
 GET /login 200 in 77ms (next.js: 3ms, application-code: 75ms)
 GET /login 200 in 86ms (next.js: 1404µs, application-code: 84ms)
 GET /login 200 in 74ms (next.js: 1117µs, application-code: 73ms)
 GET /login 200 in 82ms (next.js: 1235µs, application-code: 81ms)
 GET /login 200 in 69ms (next.js: 1245µs, application-code: 68ms)
 GET /login 200 in 72ms (next.js: 1810µs, application-code: 71ms)
 GET /login 200 in 75ms (next.js: 1212µs, application-code: 74ms)
 GET /login 200 in 86ms (next.js: 1587µs, application-code: 85ms)
 GET /login 200 in 75ms (next.js: 1061µs, application-code: 74ms)
 GET /login 200 in 88ms (next.js: 1885µs, application-code: 86ms)
 GET /login 200 in 72ms (next.js: 3ms, application-code: 69ms)
 GET /login 200 in 69ms (next.js: 1290µs, application-code: 68ms)
 GET /login 200 in 57ms (next.js: 1163µs, application-code: 56ms)
 GET /login 200 in 45ms (next.js: 1607µs, application-code: 43ms)
 GET /login 200 in 30ms (next.js: 1154µs, application-code: 29ms)
 GET /login 200 in 17ms (next.js: 1849µs, application-code: 15ms)
 GET /icon-192x192.png 404 in 57ms (next.js: 9ms, application-code: 49ms)
 GET /register 200 in 402ms (next.js: 380ms, application-code: 21ms)
 GET /icon-192x192.png 404 in 28ms (next.js: 2ms, application-code: 26ms)
 GET /login 200 in 34ms (next.js: 6ms, application-code: 28ms)
 GET /icon-192x192.png 404 in 45ms (next.js: 2ms, application-code: 43ms)
 GET /explore 200 in 63ms (next.js: 41ms, application-code: 22ms)
 GET /icon-192x192.png 404 in 33ms (next.js: 4ms, application-code: 29ms)
 GET / 200 in 46ms (next.js: 24ms, application-code: 22ms)
 GET /icon-192x192.png 404 in 33ms (next.js: 2ms, application-code: 31ms)
 GET / 200 in 12ms (next.js: 1015µs, application-code: 11ms)
 GET / 200 in 39ms (next.js: 1122µs, application-code: 38ms)
 GET / 200 in 52ms (next.js: 1526µs, application-code: 51ms)
 GET / 200 in 40ms (next.js: 10ms, application-code: 30ms)
 GET / 200 in 22ms (next.js: 950µs, application-code: 21ms)
 GET / 200 in 10ms (next.js: 846µs, application-code: 10ms)
 GET / 200 in 61ms (next.js: 799µs, application-code: 60ms)
 GET / 200 in 51ms (next.js: 17ms, application-code: 34ms)
 GET / 200 in 52ms (next.js: 1076µs, application-code: 51ms)
 GET / 200 in 52ms (next.js: 25ms, application-code: 27ms)
 GET / 200 in 53ms (next.js: 10ms, application-code: 43ms)
 GET / 200 in 36ms (next.js: 2ms, application-code: 34ms)
 GET / 200 in 61ms (next.js: 1101µs, application-code: 60ms)
 GET / 200 in 41ms (next.js: 2ms, application-code: 39ms)
 GET / 200 in 40ms (next.js: 9ms, application-code: 31ms)
 GET / 200 in 40ms (next.js: 16ms, application-code: 24ms)
 GET / 200 in 17ms (next.js: 861µs, application-code: 16ms)
 GET / 200 in 17ms (next.js: 8ms, application-code: 9ms)
 GET / 200 in 48ms (next.js: 885µs, application-code: 47ms)
 GET / 200 in 38ms (next.js: 1218µs, application-code: 37ms)
 GET / 200 in 30ms (next.js: 8ms, application-code: 22ms)
 GET / 200 in 30ms (next.js: 829µs, application-code: 29ms)
 GET / 200 in 30ms (next.js: 22ms, application-code: 9ms)
 GET / 200 in 31ms (next.js: 14ms, application-code: 16ms)
 GET / 200 in 48ms (next.js: 909µs, application-code: 47ms)
 GET / 200 in 37ms (next.js: 1106µs, application-code: 36ms)
 GET / 200 in 37ms (next.js: 15ms, application-code: 22ms)
 GET / 200 in 37ms (next.js: 9ms, application-code: 28ms)
 GET / 200 in 37ms (next.js: 29ms, application-code: 8ms)
 GET / 200 in 37ms (next.js: 22ms, application-code: 15ms)
 GET / 200 in 48ms (next.js: 752µs, application-code: 47ms)
 GET / 200 in 37ms (next.js: 22ms, application-code: 15ms)
 GET / 200 in 38ms (next.js: 16ms, application-code: 22ms)
 GET / 200 in 38ms (next.js: 1023µs, application-code: 37ms)
 GET / 200 in 38ms (next.js: 9ms, application-code: 29ms)
 GET / 200 in 38ms (next.js: 29ms, application-code: 8ms)
 GET / 200 in 51ms (next.js: 686µs, application-code: 50ms)
 GET / 200 in 41ms (next.js: 1252µs, application-code: 39ms)
 GET / 200 in 40ms (next.js: 30ms, application-code: 10ms)
 GET / 200 in 41ms (next.js: 9ms, application-code: 32ms)
 GET / 200 in 40ms (next.js: 15ms, application-code: 25ms)
 GET / 200 in 40ms (next.js: 22ms, application-code: 18ms)
 GET / 200 in 54ms (next.js: 824µs, application-code: 53ms)
 GET / 200 in 41ms (next.js: 1111µs, application-code: 40ms)
 GET / 200 in 41ms (next.js: 24ms, application-code: 17ms)
 GET / 200 in 32ms (next.js: 24ms, application-code: 9ms)
 GET / 200 in 41ms (next.js: 10ms, application-code: 32ms)
 GET / 200 in 41ms (next.js: 17ms, application-code: 25ms)
 GET / 200 in 48ms (next.js: 695µs, application-code: 47ms)
 GET / 200 in 40ms (next.js: 927µs, application-code: 39ms)
 GET / 200 in 40ms (next.js: 16ms, application-code: 24ms)
 GET / 200 in 32ms (next.js: 24ms, application-code: 9ms)
 GET / 200 in 40ms (next.js: 24ms, application-code: 16ms)
 GET / 200 in 41ms (next.js: 8ms, application-code: 32ms)
 GET / 200 in 21ms (next.js: 827µs, application-code: 20ms)
 GET / 200 in 21ms (next.js: 14ms, application-code: 7ms)
 GET /login 200 in 38ms (next.js: 5ms, application-code: 33ms)
 GET /icon-192x192.png 404 in 33ms (next.js: 6ms, application-code: 27ms)
 GET / 200 in 28ms (next.js: 4ms, application-code: 24ms)
 GET /icon-192x192.png 404 in 36ms (next.js: 5ms, application-code: 31ms)
 GET /login 200 in 27ms (next.js: 4ms, application-code: 23ms)
 GET /icon-192x192.png 404 in 32ms (next.js: 7ms, application-code: 25ms)
 GET /explore 200 in 36ms (next.js: 13ms, application-code: 23ms)
 GET /icon-192x192.png 404 in 35ms (next.js: 6ms, application-code: 29ms)
✓ Compiled in 115ms
✓ Compiled in 41ms
 GET /login 200 in 59ms (next.js: 22ms, application-code: 37ms)
 GET /icon-192x192.png 404 in 55ms (next.js: 10ms, application-code: 44ms)
 GET /register 200 in 39ms (next.js: 13ms, application-code: 25ms)
 GET /icon-192x192.png 404 in 33ms (next.js: 6ms, application-code: 27ms)
 GET /login 200 in 30ms (next.js: 7ms, application-code: 23ms)
 GET /icon-192x192.png 404 in 36ms (next.js: 4ms, application-code: 33ms)
 GET /explore 200 in 42ms (next.js: 18ms, application-code: 24ms)
 GET /icon-192x192.png 404 in 38ms (next.js: 2ms, application-code: 36ms)
 GET / 200 in 29ms (next.js: 6ms, application-code: 23ms)
 GET /icon-192x192.png 404 in 40ms (next.js: 4ms, application-code: 36ms)
 GET /explore 200 in 29ms (next.js: 4ms, application-code: 25ms)
 GET /icon-192x192.png 404 in 35ms (next.js: 4ms, application-code: 31ms)
 GET / 200 in 24ms (next.js: 4ms, application-code: 20ms)
 GET /icon-192x192.png 404 in 37ms (next.js: 4ms, application-code: 33ms)
 GET /explore 200 in 34ms (next.js: 3ms, application-code: 31ms)
 GET /icon-192x192.png 404 in 38ms (next.js: 4ms, application-code: 34ms)
 GET /login 200 in 36ms (next.js: 6ms, application-code: 30ms)
 GET /icon-192x192.png 404 in 30ms (next.js: 4ms, application-code: 26ms)
 GET /explore 200 in 36ms (next.js: 17ms, application-code: 19ms)
 GET /icon-192x192.png 404 in 36ms (next.js: 6ms, application-code: 30ms)
✓ Compiled in 43ms
✓ Compiled in 34ms
✓ Compiled in 37ms
✓ Compiled in 152ms
✓ Compiled in 57ms
✓ Compiled in 298ms
 GET /explore 500 in 537ms (next.js: 478ms, application-code: 60ms)
 GET /explore 500 in 16ms (next.js: 7ms, application-code: 9ms)
 GET /explore 500 in 27ms (next.js: 9ms, application-code: 18ms)
 GET /explore 500 in 45ms (next.js: 27ms, application-code: 19ms)
 GET /explore 500 in 26ms (next.js: 19ms, application-code: 7ms)
✓ Compiled in 139ms
 GET /explore 500 in 38ms (next.js: 20ms, application-code: 18ms)
 GET / 500 in 27ms (next.js: 16ms, application-code: 11ms)
 GET / 500 in 22ms (next.js: 8ms, application-code: 14ms)
 GET / 500 in 20ms (next.js: 8ms, application-code: 12ms)
 GET / 500 in 31ms (next.js: 17ms, application-code: 14ms)
 GET / 500 in 27ms (next.js: 13ms, application-code: 14ms)
 GET / 500 in 23ms (next.js: 12ms, application-code: 11ms)
 GET / 500 in 20ms (next.js: 7ms, application-code: 12ms)
 GET / 500 in 33ms (next.js: 16ms, application-code: 18ms)
 GET / 500 in 18ms (next.js: 5ms, application-code: 13ms)
 GET / 500 in 19ms (next.js: 7ms, application-code: 11ms)
 GET / 500 in 17ms (next.js: 6ms, application-code: 11ms)
 GET / 500 in 22ms (next.js: 8ms, application-code: 14ms)
 GET / 500 in 23ms (next.js: 15ms, application-code: 8ms)
 GET / 500 in 26ms (next.js: 15ms, application-code: 11ms)
 GET / 500 in 23ms (next.js: 13ms, application-code: 10ms)
 GET / 500 in 26ms (next.js: 17ms, application-code: 9ms)
 GET / 500 in 29ms (next.js: 20ms, application-code: 9ms)
 GET / 500 in 33ms (next.js: 23ms, application-code: 10ms)
 GET / 500 in 28ms (next.js: 22ms, application-code: 5ms)
 GET / 500 in 31ms (next.js: 7ms, application-code: 24ms)
 GET / 500 in 31ms (next.js: 10ms, application-code: 21ms)
 GET / 500 in 30ms (next.js: 27ms, application-code: 3ms)
 GET / 500 in 34ms (next.js: 28ms, application-code: 7ms)
 GET / 500 in 34ms (next.js: 29ms, application-code: 5ms)
 GET / 500 in 34ms (next.js: 31ms, application-code: 3ms)
 GET / 500 in 14ms (next.js: 4ms, application-code: 10ms)
 GET / 500 in 13ms (next.js: 6ms, application-code: 7ms)
 GET / 500 in 21ms (next.js: 10ms, application-code: 10ms)
 GET / 500 in 29ms (next.js: 19ms, application-code: 10ms)
 GET / 500 in 30ms (next.js: 23ms, application-code: 7ms)
 GET / 500 in 30ms (next.js: 25ms, application-code: 4ms)
 GET / 500 in 26ms (next.js: 12ms, application-code: 13ms)
 GET / 500 in 25ms (next.js: 17ms, application-code: 8ms)
 GET / 500 in 32ms (next.js: 20ms, application-code: 12ms)
 GET / 500 in 4ms (next.js: 1429µs, application-code: 2ms)
 GET / 200 in 188ms (next.js: 42ms, application-code: 146ms)
 GET / 200 in 21ms (next.js: 994µs, application-code: 20ms)
 GET /icon-192x192.png 404 in 36ms (next.js: 17ms, application-code: 19ms)
 GET /profile 200 in 308ms (next.js: 287ms, application-code: 21ms)
 GET /icon-192x192.png 404 in 27ms (next.js: 7ms, application-code: 20ms)
 GET /profile/edit 404 in 48ms (next.js: 23ms, application-code: 26ms)
 GET /profile/edit 404 in 32ms (next.js: 4ms, application-code: 28ms)
 GET /icon-192x192.png 404 in 20ms (next.js: 1750µs, application-code: 18ms)
 GET /profile 200 in 31ms (next.js: 6ms, application-code: 25ms)
 GET /icon-192x192.png 404 in 41ms (next.js: 4ms, application-code: 37ms)
 GET /profile/bookings 404 in 29ms (next.js: 4ms, application-code: 25ms)
 GET /profile/bookings 404 in 17ms (next.js: 1167µs, application-code: 16ms)
 GET /icon-192x192.png 404 in 21ms (next.js: 1975µs, application-code: 19ms)
 GET /profile 200 in 28ms (next.js: 4ms, application-code: 24ms)
 GET /icon-192x192.png 404 in 30ms (next.js: 5ms, application-code: 25ms)
 GET /profile/saved 404 in 33ms (next.js: 4ms, application-code: 29ms)
 GET /profile/saved 404 in 30ms (next.js: 3ms, application-code: 28ms)
 GET /icon-192x192.png 404 in 24ms (next.js: 1672µs, application-code: 22ms)
 GET /profile 200 in 27ms (next.js: 4ms, application-code: 24ms)
 GET /icon-192x192.png 404 in 28ms (next.js: 3ms, application-code: 25ms)
 GET /profile/addresses 404 in 32ms (next.js: 13ms, application-code: 19ms)
 GET /profile/addresses 404 in 32ms (next.js: 3ms, application-code: 29ms)
 GET /icon-192x192.png 404 in 30ms (next.js: 2ms, application-code: 28ms)
 GET /profile 200 in 27ms (next.js: 4ms, application-code: 23ms)
 GET /icon-192x192.png 404 in 28ms (next.js: 4ms, application-code: 23ms)
 GET /profile/notifications 404 in 27ms (next.js: 4ms, application-code: 23ms)
 GET /profile/notifications 404 in 31ms (next.js: 4ms, application-code: 27ms)
 GET /icon-192x192.png 404 in 24ms (next.js: 3ms, application-code: 21ms)
 GET /profile 200 in 35ms (next.js: 4ms, application-code: 31ms)
 GET /icon-192x192.png 404 in 21ms (next.js: 3ms, application-code: 19ms)
 GET /vendor/register 200 in 653ms (next.js: 641ms, application-code: 12ms)
 GET /icon-192x192.png 404 in 99ms (next.js: 1056µs, application-code: 98ms)
 GET /login 200 in 78ms (next.js: 14ms, application-code: 64ms)
 GET /icon-192x192.png 404 in 26ms (next.js: 5ms, application-code: 21ms)
 GET /vendor/register 200 in 69ms (next.js: 9ms, application-code: 61ms)
 GET /icon-192x192.png 404 in 61ms (next.js: 4ms, application-code: 57ms)
 GET /login 200 in 52ms (next.js: 2ms, application-code: 50ms)
 GET /icon-192x192.png 404 in 24ms (next.js: 3ms, application-code: 20ms)
 GET /icon-192x192.png 404 in 42ms (next.js: 4ms, application-code: 38ms)
 GET /profile 200 in 23ms (next.js: 1811µs, application-code: 21ms)
 GET /login 200 in 32ms (next.js: 1196µs, application-code: 31ms)
 GET /icon-192x192.png 404 in 18ms (next.js: 1912µs, application-code: 16ms)
 GET /icon-192x192.png 404 in 18ms (next.js: 1443µs, application-code: 17ms)
 GET /login 200 in 61ms (next.js: 7ms, application-code: 54ms)
 GET /icon-192x192.png 404 in 20ms (next.js: 1732µs, application-code: 18ms)
 GET /profile 200 in 26ms (next.js: 4ms, application-code: 22ms)
 GET /icon-192x192.png 404 in 28ms (next.js: 4ms, application-code: 24ms)
 GET / 200 in 102ms (next.js: 48ms, application-code: 54ms)
 GET /icon-192x192.png 404 in 28ms (next.js: 4ms, application-code: 24ms)
 GET /profile 200 in 32ms (next.js: 7ms, application-code: 25ms)
 GET /icon-192x192.png 404 in 30ms (next.js: 6ms, application-code: 24ms)
 GET /profile/security 404 in 31ms (next.js: 6ms, application-code: 24ms)
 GET /profile/security 404 in 34ms (next.js: 5ms, application-code: 30ms)
 GET /icon-192x192.png 404 in 26ms (next.js: 2ms, application-code: 24ms)
 GET /icon-192x192.png 404 in 43ms (next.js: 2ms, application-code: 40ms)
 GET /profile 200 in 60ms (next.js: 8ms, application-code: 52ms)
 GET /icon-192x192.png 404 in 18ms (next.js: 3ms, application-code: 15ms)
 GET /profile/bookings 404 in 48ms (next.js: 18ms, application-code: 30ms)
 GET /profile/bookings 404 in 41ms (next.js: 15ms, application-code: 26ms)
 GET /icon-192x192.png 404 in 19ms (next.js: 1600µs, application-code: 18ms)
 GET /icon-192x192.png 404 in 45ms (next.js: 4ms, application-code: 41ms)
 GET /icon-192x192.png 404 in 46ms (next.js: 3ms, application-code: 43ms)
 GET /profile/bookings 404 in 57ms (next.js: 7ms, application-code: 50ms)
 GET /icon-192x192.png 404 in 16ms (next.js: 1540µs, application-code: 15ms)
 GET /profile 200 in 29ms (next.js: 5ms, application-code: 24ms)
 GET /icon-192x192.png 404 in 29ms (next.js: 4ms, application-code: 25ms)
 GET /profile 200 in 281ms (next.js: 129ms, application-code: 151ms)
✓ Compiled in 0ms
 GET /profile 200 in 101ms (next.js: 1004µs, application-code: 100ms)
 GET /profile 200 in 106ms (next.js: 1627µs, application-code: 104ms)
 GET /profile 200 in 94ms (next.js: 1220µs, application-code: 93ms)
 GET /profile 200 in 83ms (next.js: 21ms, application-code: 61ms)
 GET /profile 200 in 62ms (next.js: 1167µs, application-code: 61ms)
 GET /profile 200 in 65ms (next.js: 1329µs, application-code: 63ms)
 GET /profile 200 in 71ms (next.js: 1204µs, application-code: 70ms)
 GET /profile 200 in 70ms (next.js: 1034µs, application-code: 69ms)
 GET /profile 200 in 69ms (next.js: 1144µs, application-code: 68ms)
 GET /profile 200 in 64ms (next.js: 3ms, application-code: 61ms)
 GET /profile 200 in 61ms (next.js: 1322µs, application-code: 59ms)
 GET /profile 200 in 55ms (next.js: 1400µs, application-code: 54ms)
 GET /profile 200 in 53ms (next.js: 1263µs, application-code: 52ms)
 GET /profile 200 in 57ms (next.js: 1047µs, application-code: 56ms)
 GET /profile 200 in 57ms (next.js: 1031µs, application-code: 56ms)
 GET /profile 200 in 57ms (next.js: 3ms, application-code: 54ms)
 GET /profile 200 in 56ms (next.js: 1480µs, application-code: 55ms)
 GET /profile 200 in 57ms (next.js: 1044µs, application-code: 56ms)
 GET /profile 200 in 52ms (next.js: 938µs, application-code: 52ms)
 GET /profile 200 in 54ms (next.js: 915µs, application-code: 53ms)
 GET /profile 200 in 59ms (next.js: 1194µs, application-code: 57ms)
 GET /profile 200 in 61ms (next.js: 1491µs, application-code: 59ms)
 GET /profile 200 in 59ms (next.js: 1524µs, application-code: 58ms)
 GET /profile 200 in 60ms (next.js: 1183µs, application-code: 59ms)
 GET /profile 200 in 59ms (next.js: 1075µs, application-code: 58ms)
 GET /profile 200 in 46ms (next.js: 1185µs, application-code: 45ms)
 GET /profile 200 in 34ms (next.js: 1048µs, application-code: 33ms)
 GET /profile 200 in 23ms (next.js: 1776µs, application-code: 22ms)
 GET /profile 200 in 13ms (next.js: 949µs, application-code: 12ms)
 GET /icon-192x192.png 404 in 80ms (next.js: 14ms, application-code: 65ms)
✓ Compiled in 67ms
 GET /profile 200 in 222ms (next.js: 123ms, application-code: 99ms)
 GET /profile 200 in 79ms (next.js: 1119µs, application-code: 78ms)
 GET /profile 200 in 80ms (next.js: 1006µs, application-code: 79ms)
 GET /profile 200 in 79ms (next.js: 3ms, application-code: 77ms)
 GET /profile 200 in 60ms (next.js: 3ms, application-code: 56ms)
 GET /profile 200 in 58ms (next.js: 875µs, application-code: 58ms)
 GET /profile 200 in 62ms (next.js: 1171µs, application-code: 61ms)
 GET /profile 200 in 61ms (next.js: 1634µs, application-code: 60ms)
 GET /profile 200 in 58ms (next.js: 1432µs, application-code: 57ms)
 GET /profile 200 in 63ms (next.js: 1938µs, application-code: 61ms)
 GET /profile 200 in 61ms (next.js: 1300µs, application-code: 60ms)
 GET /profile 200 in 58ms (next.js: 1702µs, application-code: 56ms)
 GET /profile 200 in 58ms (next.js: 1096µs, application-code: 57ms)
 GET /profile 200 in 58ms (next.js: 1501µs, application-code: 57ms)
 GET /profile 200 in 52ms (next.js: 945µs, application-code: 51ms)
 GET /profile 200 in 54ms (next.js: 1028µs, application-code: 53ms)
 GET /profile 200 in 54ms (next.js: 971µs, application-code: 53ms)
 GET /profile 200 in 53ms (next.js: 1490µs, application-code: 52ms)
 GET /profile 200 in 54ms (next.js: 1143µs, application-code: 53ms)
 GET /profile 200 in 56ms (next.js: 1257µs, application-code: 55ms)
 GET /profile 200 in 56ms (next.js: 1045µs, application-code: 55ms)
 GET /profile 200 in 57ms (next.js: 953µs, application-code: 56ms)
 GET /profile 200 in 65ms (next.js: 1484µs, application-code: 64ms)
 GET /profile 200 in 67ms (next.js: 2ms, application-code: 65ms)
 GET /profile 200 in 65ms (next.js: 1572µs, application-code: 64ms)
 GET /profile 200 in 63ms (next.js: 1612µs, application-code: 62ms)
 GET /profile 200 in 62ms (next.js: 1186µs, application-code: 61ms)
 GET /profile 200 in 55ms (next.js: 1771µs, application-code: 53ms)
 GET /profile 200 in 44ms (next.js: 1915µs, application-code: 42ms)
 GET /profile 200 in 33ms (next.js: 964µs, application-code: 32ms)
 GET /profile 200 in 24ms (next.js: 1021µs, application-code: 23ms)
 GET /profile 200 in 15ms (next.js: 1125µs, application-code: 14ms)
 GET /icon-192x192.png 404 in 69ms (next.js: 10ms, application-code: 58ms)
 GET /profile 200 in 152ms (next.js: 92ms, application-code: 60ms)
 GET /profile 200 in 70ms (next.js: 1384µs, application-code: 68ms)
 GET /profile 200 in 79ms (next.js: 814µs, application-code: 78ms)
 GET /profile 200 in 77ms (next.js: 868µs, application-code: 76ms)
 GET /profile 200 in 64ms (next.js: 3ms, application-code: 62ms)
 GET /profile 200 in 59ms (next.js: 4ms, application-code: 56ms)
 GET /profile 200 in 59ms (next.js: 788µs, application-code: 58ms)
 GET /profile 200 in 65ms (next.js: 945µs, application-code: 64ms)
 GET /profile 200 in 67ms (next.js: 1860µs, application-code: 65ms)
 GET /profile 200 in 64ms (next.js: 1502µs, application-code: 63ms)
 GET /profile 200 in 64ms (next.js: 1065µs, application-code: 63ms)
 GET /profile 200 in 63ms (next.js: 971µs, application-code: 62ms)
 GET /profile 200 in 58ms (next.js: 1285µs, application-code: 57ms)
 GET /profile 200 in 66ms (next.js: 1102µs, application-code: 65ms)
 GET /profile 200 in 68ms (next.js: 1885µs, application-code: 66ms)
✓ Compiled in 1ms
 GET /profile 200 in 126ms (next.js: 3ms, application-code: 123ms)
 GET /profile 200 in 145ms (next.js: 1000µs, application-code: 144ms)
 GET /profile 200 in 171ms (next.js: 1402µs, application-code: 169ms)
 GET /profile 200 in 193ms (next.js: 1798µs, application-code: 191ms)
 GET /profile 200 in 214ms (next.js: 9ms, application-code: 205ms)
 GET /profile 200 in 153ms (next.js: 3ms, application-code: 151ms)
 GET / 200 in 134ms (next.js: 23ms, application-code: 111ms)
 GET /profile 200 in 135ms (next.js: 1554µs, application-code: 133ms)
 GET / 200 in 99ms (next.js: 1390µs, application-code: 97ms)
 GET / 200 in 109ms (next.js: 9ms, application-code: 100ms)
 GET / 200 in 78ms (next.js: 2ms, application-code: 76ms)
 GET / 200 in 109ms (next.js: 11ms, application-code: 98ms)
 GET /profile 200 in 142ms (next.js: 20ms, application-code: 123ms)
 GET / 200 in 84ms (next.js: 10ms, application-code: 74ms)
 GET /profile 200 in 111ms (next.js: 18ms, application-code: 92ms)
 GET /profile 200 in 111ms (next.js: 998µs, application-code: 110ms)
 GET /profile 200 in 115ms (next.js: 1243µs, application-code: 113ms)
 GET /profile 200 in 115ms (next.js: 1590µs, application-code: 113ms)
 GET / 200 in 104ms (next.js: 1565µs, application-code: 102ms)
 GET / 200 in 113ms (next.js: 10ms, application-code: 102ms)
 GET /profile 200 in 113ms (next.js: 18ms, application-code: 95ms)
 GET / 200 in 81ms (next.js: 1920µs, application-code: 79ms)
 GET / 200 in 88ms (next.js: 2ms, application-code: 86ms)
 GET / 200 in 87ms (next.js: 18ms, application-code: 69ms)
 GET /profile 200 in 96ms (next.js: 9ms, application-code: 87ms)
 GET / 200 in 90ms (next.js: 1145µs, application-code: 89ms)
 GET /profile 200 in 106ms (next.js: 10ms, application-code: 97ms)
 GET /profile 200 in 93ms (next.js: 1193µs, application-code: 92ms)
 GET /profile 200 in 83ms (next.js: 1028µs, application-code: 82ms)
 GET / 200 in 72ms (next.js: 1106µs, application-code: 71ms)
 GET /profile 200 in 72ms (next.js: 9ms, application-code: 63ms)
 GET / 200 in 55ms (next.js: 1171µs, application-code: 54ms)
 GET / 200 in 55ms (next.js: 9ms, application-code: 45ms)
 GET /profile 200 in 55ms (next.js: 17ms, application-code: 38ms)
 GET / 200 in 27ms (next.js: 903µs, application-code: 26ms)
 GET / 200 in 27ms (next.js: 8ms, application-code: 18ms)
 GET / 200 in 10ms (next.js: 842µs, application-code: 9ms)
 GET / 200 in 55ms (next.js: 845µs, application-code: 54ms)
 GET / 200 in 59ms (next.js: 17ms, application-code: 41ms)
 GET / 200 in 60ms (next.js: 32ms, application-code: 28ms)
 GET / 200 in 60ms (next.js: 10ms, application-code: 50ms)
 GET / 200 in 62ms (next.js: 1150µs, application-code: 61ms)
 GET / 200 in 155ms (next.js: 1152µs, application-code: 154ms)
 GET / 200 in 141ms (next.js: 3ms, application-code: 139ms)
 GET / 200 in 33ms (next.js: 10ms, application-code: 23ms)
 GET / 200 in 33ms (next.js: 1532µs, application-code: 32ms)
 GET / 200 in 33ms (next.js: 24ms, application-code: 8ms)
 GET / 200 in 33ms (next.js: 17ms, application-code: 17ms)
 GET /icon-192x192.png 404 in 151ms (next.js: 24ms, application-code: 126ms)
 GET / 200 in 58ms (next.js: 722µs, application-code: 58ms)
 GET / 200 in 50ms (next.js: 1008µs, application-code: 49ms)
 GET / 200 in 50ms (next.js: 31ms, application-code: 19ms)
 GET / 200 in 50ms (next.js: 9ms, application-code: 41ms)
 GET / 200 in 51ms (next.js: 21ms, application-code: 29ms)
 GET / 200 in 51ms (next.js: 40ms, application-code: 11ms)
 GET / 200 in 142ms (next.js: 910µs, application-code: 142ms)
 GET / 200 in 136ms (next.js: 1254µs, application-code: 135ms)
 GET / 200 in 128ms (next.js: 10ms, application-code: 118ms)
 GET / 200 in 129ms (next.js: 1346µs, application-code: 128ms)
 GET / 200 in 130ms (next.js: 84ms, application-code: 46ms)
 GET / 200 in 58ms (next.js: 1927µs, application-code: 57ms)
 GET / 200 in 39ms (next.js: 1750µs, application-code: 38ms)
 GET / 200 in 39ms (next.js: 8ms, application-code: 30ms)
 GET / 200 in 31ms (next.js: 15ms, application-code: 16ms)
 GET / 200 in 31ms (next.js: 8ms, application-code: 24ms)
 GET / 200 in 31ms (next.js: 22ms, application-code: 9ms)
 GET / 200 in 53ms (next.js: 838µs, application-code: 52ms)
 GET / 200 in 45ms (next.js: 1024µs, application-code: 44ms)
 GET / 200 in 45ms (next.js: 22ms, application-code: 22ms)
 GET / 200 in 45ms (next.js: 15ms, application-code: 30ms)
 GET / 200 in 45ms (next.js: 8ms, application-code: 37ms)
 GET / 200 in 45ms (next.js: 36ms, application-code: 9ms)
 GET / 200 in 45ms (next.js: 664µs, application-code: 44ms)
 GET / 200 in 37ms (next.js: 1004µs, application-code: 36ms)
 GET / 200 in 37ms (next.js: 21ms, application-code: 15ms)
 GET / 200 in 37ms (next.js: 15ms, application-code: 22ms)
 GET / 200 in 37ms (next.js: 8ms, application-code: 29ms)
 GET / 200 in 37ms (next.js: 28ms, application-code: 9ms)
 GET / 200 in 48ms (next.js: 751µs, application-code: 47ms)
 GET / 200 in 40ms (next.js: 7ms, application-code: 33ms)
 GET / 200 in 41ms (next.js: 1019µs, application-code: 40ms)
 GET / 200 in 40ms (next.js: 20ms, application-code: 20ms)
 GET / 200 in 40ms (next.js: 14ms, application-code: 27ms)
 GET / 200 in 40ms (next.js: 27ms, application-code: 13ms)
 GET / 200 in 45ms (next.js: 773µs, application-code: 44ms)
 GET / 200 in 35ms (next.js: 1102µs, application-code: 34ms)
 GET / 200 in 35ms (next.js: 14ms, application-code: 21ms)
 GET / 200 in 35ms (next.js: 8ms, application-code: 28ms)
 GET / 200 in 35ms (next.js: 21ms, application-code: 14ms)
 GET / 200 in 35ms (next.js: 27ms, application-code: 8ms)
 GET / 200 in 43ms (next.js: 808µs, application-code: 42ms)
 GET / 200 in 36ms (next.js: 1018µs, application-code: 35ms)
 GET / 200 in 35ms (next.js: 14ms, application-code: 21ms)
 GET / 200 in 35ms (next.js: 21ms, application-code: 15ms)
 GET / 200 in 35ms (next.js: 28ms, application-code: 8ms)
 GET / 200 in 36ms (next.js: 8ms, application-code: 28ms)
 GET / 200 in 49ms (next.js: 732µs, application-code: 49ms)
 GET / 200 in 37ms (next.js: 8ms, application-code: 28ms)
 GET / 200 in 37ms (next.js: 1161µs, application-code: 36ms)
 GET / 200 in 37ms (next.js: 29ms, application-code: 8ms)
 GET / 200 in 37ms (next.js: 16ms, application-code: 22ms)
 GET / 200 in 37ms (next.js: 23ms, application-code: 15ms)
 GET / 200 in 42ms (next.js: 776µs, application-code: 41ms)
 GET / 200 in 34ms (next.js: 14ms, application-code: 20ms)
 GET / 200 in 35ms (next.js: 7ms, application-code: 27ms)
 GET / 200 in 35ms (next.js: 937µs, application-code: 34ms)
 GET / 200 in 35ms (next.js: 20ms, application-code: 15ms)
 GET / 200 in 35ms (next.js: 27ms, application-code: 8ms)
 GET / 200 in 49ms (next.js: 791µs, application-code: 49ms)
 GET / 200 in 41ms (next.js: 1226µs, application-code: 40ms)
 GET / 200 in 41ms (next.js: 20ms, application-code: 21ms)
 GET / 200 in 41ms (next.js: 33ms, application-code: 8ms)
 GET / 200 in 41ms (next.js: 12ms, application-code: 29ms)
 GET / 200 in 41ms (next.js: 26ms, application-code: 15ms)
 GET / 200 in 15ms (next.js: 583µs, application-code: 15ms)
 GET / 200 in 8ms (next.js: 716µs, application-code: 7ms)
✓ Compiled in 140ms
 GET /profile 200 in 217ms (next.js: 156ms, application-code: 61ms)
 GET /profile 200 in 52ms (next.js: 1033µs, application-code: 51ms)
 GET /profile 200 in 55ms (next.js: 835µs, application-code: 54ms)
 GET /profile 200 in 82ms (next.js: 800µs, application-code: 81ms)
 GET /profile 200 in 78ms (next.js: 1543µs, application-code: 76ms)
 GET /profile 200 in 71ms (next.js: 1987µs, application-code: 69ms)
 GET /profile 200 in 68ms (next.js: 3ms, application-code: 65ms)
 GET /profile 200 in 54ms (next.js: 1538µs, application-code: 52ms)
 GET /profile 200 in 50ms (next.js: 756µs, application-code: 49ms)
 GET /profile 200 in 52ms (next.js: 843µs, application-code: 52ms)
 GET /profile 200 in 54ms (next.js: 783µs, application-code: 54ms)
 GET /profile 200 in 53ms (next.js: 800µs, application-code: 52ms)
 GET /profile 200 in 56ms (next.js: 1810µs, application-code: 54ms)
 GET /profile 200 in 55ms (next.js: 732µs, application-code: 54ms)
 GET /profile 200 in 51ms (next.js: 885µs, application-code: 50ms)
 GET /profile 200 in 51ms (next.js: 1537µs, application-code: 49ms)
 GET /profile 200 in 52ms (next.js: 1474µs, application-code: 50ms)
 GET /profile 200 in 50ms (next.js: 976µs, application-code: 49ms)
 GET /profile 200 in 52ms (next.js: 903µs, application-code: 51ms)
 GET /profile 200 in 55ms (next.js: 977µs, application-code: 54ms)
 GET /profile 200 in 57ms (next.js: 1375µs, application-code: 56ms)
 GET /profile 200 in 60ms (next.js: 2ms, application-code: 58ms)
 GET /profile 200 in 57ms (next.js: 946µs, application-code: 56ms)
 GET /profile 200 in 58ms (next.js: 1386µs, application-code: 56ms)
 GET /profile 200 in 54ms (next.js: 1076µs, application-code: 53ms)
 GET /profile 200 in 56ms (next.js: 1684µs, application-code: 54ms)
 GET /profile 200 in 55ms (next.js: 1510µs, application-code: 53ms)
 GET /profile 200 in 54ms (next.js: 1038µs, application-code: 53ms)
 GET /profile 200 in 53ms (next.js: 1041µs, application-code: 52ms)
 GET /profile 200 in 52ms (next.js: 1198µs, application-code: 51ms)
 GET /profile 200 in 49ms (next.js: 959µs, application-code: 48ms)
 GET /profile 200 in 50ms (next.js: 1547µs, application-code: 49ms)
 GET /profile 200 in 41ms (next.js: 1140µs, application-code: 40ms)
 GET /profile 200 in 32ms (next.js: 1268µs, application-code: 31ms)
 GET /profile 200 in 23ms (next.js: 978µs, application-code: 22ms)
 GET /profile 200 in 14ms (next.js: 911µs, application-code: 13ms)
✓ Compiled in 1ms
 GET /icon-192x192.png 404 in 79ms (next.js: 13ms, application-code: 66ms)
 GET /profile 200 in 193ms (next.js: 79ms, application-code: 115ms)
✓ Compiled in 0ms
 GET /profile 200 in 80ms (next.js: 2ms, application-code: 78ms)
 GET /profile 200 in 85ms (next.js: 2ms, application-code: 83ms)
 GET /profile 200 in 76ms (next.js: 1593µs, application-code: 74ms)
 GET /profile 200 in 52ms (next.js: 1053µs, application-code: 51ms)
 GET /profile 200 in 52ms (next.js: 1027µs, application-code: 51ms)
 GET /profile 200 in 52ms (next.js: 1115µs, application-code: 51ms)
 GET /profile 200 in 51ms (next.js: 870µs, application-code: 50ms)
 GET /profile 200 in 51ms (next.js: 953µs, application-code: 50ms)
 GET /profile 200 in 51ms (next.js: 1114µs, application-code: 50ms)
 GET /profile 200 in 52ms (next.js: 1309µs, application-code: 51ms)
 GET /profile 200 in 52ms (next.js: 1122µs, application-code: 51ms)
 GET /profile 200 in 54ms (next.js: 957µs, application-code: 53ms)
 GET /profile 200 in 58ms (next.js: 965µs, application-code: 57ms)
 GET /profile 200 in 59ms (next.js: 1254µs, application-code: 57ms)
 GET /profile 200 in 58ms (next.js: 1381µs, application-code: 57ms)
 GET /profile 200 in 58ms (next.js: 1119µs, application-code: 57ms)
 GET /profile 200 in 56ms (next.js: 1396µs, application-code: 54ms)
 GET /profile 200 in 52ms (next.js: 1555µs, application-code: 51ms)
 GET /profile 200 in 52ms (next.js: 1047µs, application-code: 51ms)
 GET /profile 200 in 53ms (next.js: 1110µs, application-code: 52ms)
 GET /profile 200 in 52ms (next.js: 953µs, application-code: 51ms)
 GET /profile 200 in 52ms (next.js: 1022µs, application-code: 51ms)
 GET /profile 200 in 55ms (next.js: 1724µs, application-code: 53ms)
 GET /profile 200 in 54ms (next.js: 919µs, application-code: 53ms)
 GET /profile 200 in 61ms (next.js: 1599µs, application-code: 59ms)
 GET /profile 200 in 60ms (next.js: 1079µs, application-code: 59ms)
 GET /profile 200 in 59ms (next.js: 1552µs, application-code: 58ms)
 GET /profile 200 in 57ms (next.js: 1574µs, application-code: 55ms)
 GET /profile 200 in 56ms (next.js: 1326µs, application-code: 55ms)
 GET /profile 200 in 48ms (next.js: 1245µs, application-code: 47ms)
 GET /profile 200 in 48ms (next.js: 1262µs, application-code: 47ms)
 GET /profile 200 in 48ms (next.js: 1706µs, application-code: 46ms)
 GET /profile 200 in 46ms (next.js: 1443µs, application-code: 45ms)
 GET /profile 200 in 36ms (next.js: 940µs, application-code: 35ms)
 GET /profile 200 in 28ms (next.js: 768µs, application-code: 27ms)
 GET /profile 200 in 20ms (next.js: 1444µs, application-code: 18ms)
 GET /profile 200 in 11ms (next.js: 656µs, application-code: 10ms)
 GET /icon-192x192.png 404 in 69ms (next.js: 10ms, application-code: 59ms)
✓ Compiled in 0ms
 GET /profile 200 in 285ms (next.js: 92ms, application-code: 193ms)
 GET / 200 in 164ms (next.js: 12ms, application-code: 153ms)
 GET / 200 in 165ms (next.js: 28ms, application-code: 136ms)
 GET / 200 in 165ms (next.js: 37ms, application-code: 128ms)
 GET / 200 in 129ms (next.js: 14ms, application-code: 115ms)
 GET / 200 in 134ms (next.js: 16ms, application-code: 118ms)
 GET / 200 in 120ms (next.js: 14ms, application-code: 106ms)
 GET /profile 200 in 155ms (next.js: 41ms, application-code: 114ms)
 GET /profile 200 in 122ms (next.js: 2ms, application-code: 120ms)
 GET /profile 200 in 119ms (next.js: 1235µs, application-code: 118ms)
 GET /profile 200 in 120ms (next.js: 4ms, application-code: 116ms)
 GET / 200 in 100ms (next.js: 17ms, application-code: 83ms)
 GET / 200 in 101ms (next.js: 9ms, application-code: 91ms)
 GET / 200 in 101ms (next.js: 1511µs, application-code: 99ms)
 GET / 200 in 111ms (next.js: 29ms, application-code: 82ms)
 GET /profile 200 in 111ms (next.js: 36ms, application-code: 75ms)
 GET / 200 in 97ms (next.js: 1524µs, application-code: 95ms)
 GET / 200 in 97ms (next.js: 9ms, application-code: 88ms)
 GET /profile 200 in 93ms (next.js: 1251µs, application-code: 92ms)
 GET /profile 200 in 95ms (next.js: 944µs, application-code: 94ms)
 GET /profile 200 in 95ms (next.js: 928µs, application-code: 95ms)
 GET /profile 200 in 140ms (next.js: 1367µs, application-code: 138ms)
 GET / 200 in 155ms (next.js: 16ms, application-code: 139ms)
 GET / 200 in 156ms (next.js: 9ms, application-code: 147ms)
 GET / 200 in 156ms (next.js: 1127µs, application-code: 155ms)
 GET /profile 200 in 156ms (next.js: 24ms, application-code: 132ms)
 GET /profile 200 in 134ms (next.js: 760µs, application-code: 133ms)
 GET / 200 in 148ms (next.js: 3ms, application-code: 146ms)
 GET /profile 200 in 159ms (next.js: 10ms, application-code: 149ms)
 GET /profile 200 in 149ms (next.js: 10ms, application-code: 140ms)
 GET / 200 in 106ms (next.js: 3ms, application-code: 103ms)
 GET / 200 in 99ms (next.js: 17ms, application-code: 83ms)
 GET /profile 200 in 113ms (next.js: 15ms, application-code: 97ms)
 GET /profile 200 in 89ms (next.js: 877µs, application-code: 88ms)
 GET / 200 in 87ms (next.js: 8ms, application-code: 79ms)
 GET / 200 in 87ms (next.js: 16ms, application-code: 71ms)
 GET / 200 in 88ms (next.js: 1429µs, application-code: 86ms)
 GET /profile 200 in 100ms (next.js: 22ms, application-code: 78ms)
 GET /profile 200 in 103ms (next.js: 1077µs, application-code: 102ms)
 GET / 200 in 92ms (next.js: 831µs, application-code: 92ms)
 GET /profile 200 in 102ms (next.js: 947µs, application-code: 101ms)
 GET / 200 in 102ms (next.js: 944µs, application-code: 101ms)
 GET /profile 200 in 102ms (next.js: 8ms, application-code: 94ms)
 GET / 200 in 94ms (next.js: 1170µs, application-code: 93ms)
 GET /profile 200 in 96ms (next.js: 1354µs, application-code: 95ms)
 GET / 200 in 91ms (next.js: 11ms, application-code: 80ms)
 GET / 200 in 91ms (next.js: 18ms, application-code: 73ms)
 GET / 200 in 92ms (next.js: 1326µs, application-code: 91ms)
 GET /profile 200 in 108ms (next.js: 25ms, application-code: 83ms)
 GET /profile 200 in 103ms (next.js: 1021µs, application-code: 102ms)
 GET / 200 in 93ms (next.js: 1316µs, application-code: 92ms)
 GET /profile 200 in 102ms (next.js: 9ms, application-code: 94ms)
 GET /profile 200 in 101ms (next.js: 885µs, application-code: 100ms)
 GET / 200 in 92ms (next.js: 952µs, application-code: 91ms)
 GET /profile 200 in 100ms (next.js: 10ms, application-code: 90ms)
 GET / 200 in 82ms (next.js: 1423µs, application-code: 80ms)
 GET /profile 200 in 99ms (next.js: 9ms, application-code: 90ms)
 GET / 200 in 82ms (next.js: 17ms, application-code: 66ms)
 GET / 200 in 83ms (next.js: 1353µs, application-code: 81ms)
 GET / 200 in 99ms (next.js: 9ms, application-code: 90ms)
 GET /profile 200 in 93ms (next.js: 1271µs, application-code: 92ms)
 GET / 200 in 91ms (next.js: 966µs, application-code: 90ms)
 GET /profile 200 in 92ms (next.js: 8ms, application-code: 84ms)
 GET /profile 200 in 98ms (next.js: 904µs, application-code: 97ms)
 GET / 200 in 96ms (next.js: 905µs, application-code: 95ms)
 GET /profile 200 in 97ms (next.js: 8ms, application-code: 88ms)
 GET / 200 in 87ms (next.js: 1391µs, application-code: 85ms)
 GET /profile 200 in 93ms (next.js: 10ms, application-code: 84ms)
 GET / 200 in 83ms (next.js: 8ms, application-code: 75ms)
 GET / 200 in 84ms (next.js: 1126µs, application-code: 83ms)
 GET /profile 200 in 84ms (next.js: 15ms, application-code: 70ms)
 GET / 200 in 63ms (next.js: 1899µs, application-code: 61ms)
 GET /profile 200 in 74ms (next.js: 1689µs, application-code: 72ms)
 GET / 200 in 65ms (next.js: 1349µs, application-code: 63ms)
 GET /profile 200 in 71ms (next.js: 8ms, application-code: 63ms)
 GET /profile 200 in 76ms (next.js: 1815µs, application-code: 74ms)
 GET / 200 in 68ms (next.js: 1485µs, application-code: 66ms)
 GET /profile 200 in 61ms (next.js: 1374µs, application-code: 60ms)
 GET / 200 in 51ms (next.js: 8ms, application-code: 43ms)
 GET / 200 in 51ms (next.js: 12ms, application-code: 38ms)
 GET /profile 200 in 52ms (next.js: 1794µs, application-code: 50ms)
 GET / 200 in 39ms (next.js: 7ms, application-code: 33ms)
 GET /profile 200 in 28ms (next.js: 1056µs, application-code: 27ms)
 GET / 200 in 21ms (next.js: 1416µs, application-code: 20ms)
 GET / 200 in 21ms (next.js: 8ms, application-code: 12ms)
 GET /profile 200 in 21ms (next.js: 13ms, application-code: 8ms)
 GET / 200 in 45ms (next.js: 858µs, application-code: 44ms)
 GET / 200 in 38ms (next.js: 14ms, application-code: 25ms)
 GET / 200 in 39ms (next.js: 1181µs, application-code: 38ms)
 GET / 200 in 39ms (next.js: 9ms, application-code: 31ms)
 GET / 200 in 39ms (next.js: 19ms, application-code: 21ms)
 GET / 200 in 39ms (next.js: 29ms, application-code: 10ms)
 GET / 200 in 119ms (next.js: 2ms, application-code: 117ms)
 GET / 200 in 119ms (next.js: 8ms, application-code: 112ms)
 GET / 200 in 113ms (next.js: 82ms, application-code: 31ms)
 GET / 200 in 113ms (next.js: 73ms, application-code: 40ms)
 GET / 200 in 24ms (next.js: 1584µs, application-code: 23ms)
 GET / 200 in 26ms (next.js: 8ms, application-code: 18ms)
 GET /icon-192x192.png 404 in 144ms (next.js: 25ms, application-code: 119ms)
 GET / 200 in 112ms (next.js: 5ms, application-code: 107ms)
 GET / 200 in 92ms (next.js: 5ms, application-code: 87ms)
 GET / 200 in 92ms (next.js: 16ms, application-code: 76ms)
 GET / 200 in 89ms (next.js: 80ms, application-code: 9ms)
 GET / 200 in 90ms (next.js: 73ms, application-code: 16ms)
 GET / 200 in 90ms (next.js: 65ms, application-code: 25ms)
 GET / 200 in 41ms (next.js: 703µs, application-code: 40ms)
 GET / 200 in 34ms (next.js: 759µs, application-code: 33ms)
 GET / 200 in 34ms (next.js: 14ms, application-code: 20ms)
 GET / 200 in 34ms (next.js: 19ms, application-code: 14ms)
 GET / 200 in 34ms (next.js: 7ms, application-code: 27ms)
 GET / 200 in 34ms (next.js: 26ms, application-code: 7ms)
 GET / 200 in 53ms (next.js: 670µs, application-code: 52ms)
 GET / 200 in 45ms (next.js: 7ms, application-code: 38ms)
 GET / 200 in 45ms (next.js: 14ms, application-code: 31ms)
 GET / 200 in 46ms (next.js: 1055µs, application-code: 45ms)
 GET / 200 in 46ms (next.js: 29ms, application-code: 17ms)
 GET / 200 in 46ms (next.js: 22ms, application-code: 24ms)
 GET / 200 in 46ms (next.js: 1057µs, application-code: 45ms)
 GET / 200 in 36ms (next.js: 1121µs, application-code: 35ms)
 GET / 200 in 29ms (next.js: 21ms, application-code: 7ms)
 GET / 200 in 36ms (next.js: 8ms, application-code: 28ms)
 GET / 200 in 36ms (next.js: 22ms, application-code: 15ms)
 GET / 200 in 36ms (next.js: 15ms, application-code: 21ms)
 GET / 200 in 46ms (next.js: 675µs, application-code: 45ms)
 GET / 200 in 38ms (next.js: 1215µs, application-code: 37ms)
 GET / 200 in 38ms (next.js: 7ms, application-code: 31ms)
 GET / 200 in 38ms (next.js: 27ms, application-code: 11ms)
 GET / 200 in 38ms (next.js: 14ms, application-code: 24ms)
 GET / 200 in 38ms (next.js: 20ms, application-code: 18ms)
 GET / 200 in 57ms (next.js: 811µs, application-code: 56ms)
 GET / 200 in 42ms (next.js: 11ms, application-code: 31ms)
 GET / 200 in 42ms (next.js: 32ms, application-code: 10ms)
 GET / 200 in 43ms (next.js: 1215µs, application-code: 42ms)
 GET / 200 in 42ms (next.js: 25ms, application-code: 17ms)
 GET / 200 in 43ms (next.js: 18ms, application-code: 25ms)
 GET / 200 in 84ms (next.js: 3ms, application-code: 80ms)
 GET / 200 in 50ms (next.js: 4ms, application-code: 46ms)
 GET / 200 in 48ms (next.js: 18ms, application-code: 30ms)
 GET / 200 in 32ms (next.js: 18ms, application-code: 14ms)
 GET / 200 in 32ms (next.js: 23ms, application-code: 8ms)
 GET / 200 in 33ms (next.js: 11ms, application-code: 22ms)
 GET / 200 in 52ms (next.js: 640µs, application-code: 51ms)
 GET / 200 in 45ms (next.js: 771µs, application-code: 44ms)
 GET / 200 in 45ms (next.js: 8ms, application-code: 37ms)
 GET / 200 in 45ms (next.js: 15ms, application-code: 30ms)
 GET / 200 in 45ms (next.js: 23ms, application-code: 22ms)
 GET / 200 in 45ms (next.js: 35ms, application-code: 10ms)
 GET / 200 in 48ms (next.js: 832µs, application-code: 47ms)
 GET / 200 in 39ms (next.js: 1684µs, application-code: 37ms)
 GET / 200 in 39ms (next.js: 9ms, application-code: 30ms)
 GET / 200 in 39ms (next.js: 23ms, application-code: 16ms)
 GET / 200 in 39ms (next.js: 15ms, application-code: 24ms)
 GET / 200 in 39ms (next.js: 30ms, application-code: 9ms)
 GET / 200 in 16ms (next.js: 745µs, application-code: 16ms)
 GET / 200 in 9ms (next.js: 1347µs, application-code: 8ms)
 GET /profile 200 in 157ms (next.js: 89ms, application-code: 69ms)
 GET /profile 200 in 41ms (next.js: 1060µs, application-code: 40ms)
 GET /profile 200 in 39ms (next.js: 757µs, application-code: 38ms)
 GET /profile 200 in 40ms (next.js: 876µs, application-code: 39ms)
 GET /profile 200 in 46ms (next.js: 739µs, application-code: 45ms)
 GET /profile 200 in 50ms (next.js: 849µs, application-code: 49ms)
 GET /profile 200 in 61ms (next.js: 953µs, application-code: 60ms)
 GET /profile 200 in 66ms (next.js: 1289µs, application-code: 65ms)
✓ Compiled in 0ms
 GET /profile 200 in 113ms (next.js: 876µs, application-code: 112ms)
 GET /profile 200 in 115ms (next.js: 767µs, application-code: 115ms)
 GET /profile 200 in 115ms (next.js: 1385µs, application-code: 114ms)
 GET /profile 200 in 108ms (next.js: 1814µs, application-code: 106ms)
 GET /profile 200 in 110ms (next.js: 1460µs, application-code: 108ms)
 GET /profile 200 in 71ms (next.js: 1018µs, application-code: 70ms)
 GET /profile 200 in 91ms (next.js: 1967µs, application-code: 89ms)
 GET /profile 200 in 104ms (next.js: 1094µs, application-code: 103ms)
 GET /profile 200 in 111ms (next.js: 1635µs, application-code: 109ms)
 GET /profile 200 in 107ms (next.js: 1677µs, application-code: 105ms)
 GET /profile 200 in 101ms (next.js: 1805µs, application-code: 99ms)
 GET /profile 200 in 85ms (next.js: 2ms, application-code: 83ms)
 GET /profile 200 in 70ms (next.js: 3ms, application-code: 67ms)
 GET /profile 200 in 63ms (next.js: 1970µs, application-code: 61ms)
 GET /profile 200 in 60ms (next.js: 1651µs, application-code: 59ms)
 GET /profile 200 in 58ms (next.js: 5ms, application-code: 53ms)
 GET /profile 200 in 55ms (next.js: 887µs, application-code: 54ms)
 GET /profile 200 in 52ms (next.js: 1298µs, application-code: 51ms)
 GET /profile 200 in 52ms (next.js: 976µs, application-code: 51ms)
 GET /profile 200 in 52ms (next.js: 1060µs, application-code: 51ms)
 GET /profile 200 in 55ms (next.js: 992µs, application-code: 54ms)
 GET /profile 200 in 54ms (next.js: 1094µs, application-code: 53ms)
 GET /profile 200 in 58ms (next.js: 1828µs, application-code: 56ms)
 GET /profile 200 in 60ms (next.js: 860µs, application-code: 59ms)
 GET /profile 200 in 59ms (next.js: 974µs, application-code: 58ms)
 GET /profile 200 in 59ms (next.js: 2ms, application-code: 57ms)
 GET /profile 200 in 58ms (next.js: 1120µs, application-code: 57ms)
 GET /profile 200 in 54ms (next.js: 1075µs, application-code: 53ms)
 GET /profile 200 in 56ms (next.js: 1104µs, application-code: 54ms)
 GET /profile 200 in 55ms (next.js: 984µs, application-code: 54ms)
 GET /profile 200 in 45ms (next.js: 1006µs, application-code: 44ms)
 GET /profile 200 in 35ms (next.js: 983µs, application-code: 34ms)
 GET /profile 200 in 26ms (next.js: 916µs, application-code: 25ms)
 GET /profile 200 in 14ms (next.js: 1809µs, application-code: 12ms)
 GET /icon-192x192.png 404 in 69ms (next.js: 11ms, application-code: 58ms)
✓ Compiled in 53ms
✓ Compiled in 121ms
 GET /profile 200 in 251ms (next.js: 117ms, application-code: 134ms)
 GET /profile 200 in 164ms (next.js: 4ms, application-code: 161ms)
 GET /profile 200 in 144ms (next.js: 2ms, application-code: 141ms)
 GET /profile 200 in 142ms (next.js: 1316µs, application-code: 141ms)
 GET /profile 200 in 126ms (next.js: 1130µs, application-code: 125ms)
 GET /profile 200 in 46ms (next.js: 1483µs, application-code: 45ms)
 GET /profile 200 in 55ms (next.js: 1016µs, application-code: 54ms)
 GET /profile 200 in 59ms (next.js: 982µs, application-code: 58ms)
 GET /profile 200 in 58ms (next.js: 1614µs, application-code: 57ms)
 GET /profile 200 in 61ms (next.js: 1665µs, application-code: 59ms)
 GET /profile 200 in 61ms (next.js: 1007µs, application-code: 60ms)
 GET /profile 200 in 61ms (next.js: 1222µs, application-code: 59ms)
 GET /profile 200 in 60ms (next.js: 1604µs, application-code: 58ms)
 GET /profile 200 in 66ms (next.js: 1894µs, application-code: 64ms)
 GET /profile 200 in 66ms (next.js: 1666µs, application-code: 64ms)
 GET /profile 200 in 65ms (next.js: 1028µs, application-code: 64ms)
 GET /profile 200 in 77ms (next.js: 931µs, application-code: 76ms)
 GET /profile 200 in 93ms (next.js: 1384µs, application-code: 92ms)
 GET /profile 200 in 98ms (next.js: 1294µs, application-code: 97ms)
 GET /profile 200 in 101ms (next.js: 1036µs, application-code: 100ms)
 GET /profile 200 in 98ms (next.js: 1082µs, application-code: 97ms)
 GET /profile 200 in 85ms (next.js: 1363µs, application-code: 83ms)
 GET /profile 200 in 70ms (next.js: 4ms, application-code: 67ms)
 GET /profile 200 in 56ms (next.js: 1045µs, application-code: 55ms)
 GET /profile 200 in 51ms (next.js: 806µs, application-code: 51ms)
 GET /profile 200 in 52ms (next.js: 654µs, application-code: 51ms)
 GET /profile 200 in 51ms (next.js: 1077µs, application-code: 50ms)
 GET /profile 200 in 50ms (next.js: 1509µs, application-code: 48ms)
 GET /profile 200 in 51ms (next.js: 1542µs, application-code: 50ms)
 GET /profile 200 in 43ms (next.js: 1246µs, application-code: 42ms)
 GET /profile 200 in 44ms (next.js: 1461µs, application-code: 43ms)
 GET /profile 200 in 44ms (next.js: 1131µs, application-code: 43ms)
 GET /profile 200 in 60ms (next.js: 1003µs, application-code: 59ms)
 GET /profile 200 in 59ms (next.js: 1586µs, application-code: 58ms)
 GET /profile 200 in 58ms (next.js: 1493µs, application-code: 57ms)
 GET /profile 200 in 57ms (next.js: 1054µs, application-code: 56ms)
 GET /profile 200 in 56ms (next.js: 1198µs, application-code: 55ms)
 GET /profile 200 in 51ms (next.js: 1456µs, application-code: 50ms)
 GET /profile 200 in 55ms (next.js: 974µs, application-code: 54ms)
 GET /profile 200 in 81ms (next.js: 977µs, application-code: 80ms)
 GET /profile 200 in 119ms (next.js: 1515µs, application-code: 117ms)
 GET /profile 200 in 118ms (next.js: 1482µs, application-code: 116ms)
 GET /profile 200 in 107ms (next.js: 1450µs, application-code: 105ms)
 GET / 200 in 93ms (next.js: 22ms, application-code: 71ms)
 GET /profile 200 in 93ms (next.js: 1139µs, application-code: 92ms)
 GET / 200 in 57ms (next.js: 11ms, application-code: 46ms)
 GET / 200 in 58ms (next.js: 1633µs, application-code: 56ms)
 GET / 200 in 47ms (next.js: 11ms, application-code: 36ms)
 GET / 200 in 38ms (next.js: 11ms, application-code: 27ms)
 GET / 200 in 28ms (next.js: 18ms, application-code: 10ms)
 GET / 200 in 58ms (next.js: 776µs, application-code: 57ms)
 GET / 200 in 126ms (next.js: 11ms, application-code: 115ms)
 GET / 200 in 127ms (next.js: 3ms, application-code: 124ms)
 GET / 200 in 126ms (next.js: 35ms, application-code: 91ms)
 GET / 200 in 127ms (next.js: 21ms, application-code: 106ms)
 GET / 200 in 126ms (next.js: 28ms, application-code: 99ms)
 GET / 200 in 56ms (next.js: 1510µs, application-code: 54ms)
 GET / 200 in 45ms (next.js: 17ms, application-code: 28ms)
 GET / 200 in 45ms (next.js: 31ms, application-code: 14ms)
 GET /icon-192x192.png 404 in 136ms (next.js: 14ms, application-code: 123ms)
 GET / 200 in 46ms (next.js: 1195µs, application-code: 45ms)
 GET / 200 in 46ms (next.js: 24ms, application-code: 22ms)
 GET / 200 in 46ms (next.js: 37ms, application-code: 9ms)
 GET / 200 in 45ms (next.js: 815µs, application-code: 44ms)
 GET / 200 in 37ms (next.js: 22ms, application-code: 15ms)
 GET / 200 in 37ms (next.js: 8ms, application-code: 29ms)
 GET / 200 in 37ms (next.js: 29ms, application-code: 8ms)
 GET / 200 in 37ms (next.js: 15ms, application-code: 22ms)
 GET / 200 in 38ms (next.js: 997µs, application-code: 37ms)
 GET / 200 in 58ms (next.js: 641µs, application-code: 58ms)
 GET / 200 in 50ms (next.js: 1026µs, application-code: 49ms)
 GET / 200 in 50ms (next.js: 8ms, application-code: 42ms)
 GET / 200 in 50ms (next.js: 17ms, application-code: 33ms)
 GET / 200 in 50ms (next.js: 33ms, application-code: 18ms)
 GET / 200 in 9ms (next.js: 831µs, application-code: 8ms)
 GET / 200 in 44ms (next.js: 686µs, application-code: 44ms)
 GET / 200 in 37ms (next.js: 28ms, application-code: 8ms)
 GET / 200 in 37ms (next.js: 22ms, application-code: 15ms)
 GET / 200 in 37ms (next.js: 918µs, application-code: 37ms)
 GET / 200 in 37ms (next.js: 15ms, application-code: 22ms)
 GET / 200 in 38ms (next.js: 8ms, application-code: 29ms)
 GET / 200 in 56ms (next.js: 12ms, application-code: 45ms)
 GET / 200 in 56ms (next.js: 1749µs, application-code: 54ms)
 GET / 200 in 37ms (next.js: 7ms, application-code: 30ms)
 GET / 200 in 37ms (next.js: 15ms, application-code: 22ms)
 GET / 200 in 23ms (next.js: 13ms, application-code: 10ms)
 GET / 200 in 38ms (next.js: 847µs, application-code: 37ms)
 GET / 200 in 47ms (next.js: 938µs, application-code: 46ms)
 GET / 200 in 38ms (next.js: 1054µs, application-code: 36ms)
 GET / 200 in 37ms (next.js: 15ms, application-code: 22ms)
 GET / 200 in 38ms (next.js: 8ms, application-code: 30ms)
 GET / 200 in 37ms (next.js: 29ms, application-code: 9ms)
 GET / 200 in 38ms (next.js: 21ms, application-code: 16ms)
 GET / 200 in 54ms (next.js: 945µs, application-code: 53ms)
 GET / 200 in 46ms (next.js: 3ms, application-code: 42ms)
 GET / 200 in 46ms (next.js: 10ms, application-code: 35ms)
 GET / 200 in 44ms (next.js: 30ms, application-code: 13ms)
 GET / 200 in 46ms (next.js: 18ms, application-code: 28ms)
 GET / 200 in 44ms (next.js: 23ms, application-code: 21ms)
 GET / 200 in 45ms (next.js: 870µs, application-code: 44ms)
 GET / 200 in 35ms (next.js: 9ms, application-code: 27ms)
 GET / 200 in 35ms (next.js: 19ms, application-code: 16ms)
 GET / 200 in 36ms (next.js: 1230µs, application-code: 35ms)
 GET / 200 in 35ms (next.js: 27ms, application-code: 9ms)
 GET / 200 in 54ms (next.js: 764µs, application-code: 53ms)
 GET / 200 in 46ms (next.js: 1139µs, application-code: 44ms)
 GET / 200 in 45ms (next.js: 15ms, application-code: 30ms)
 GET / 200 in 45ms (next.js: 8ms, application-code: 38ms)
 GET / 200 in 45ms (next.js: 36ms, application-code: 9ms)
 GET / 200 in 45ms (next.js: 22ms, application-code: 23ms)
 GET / 200 in 107ms (next.js: 1011µs, application-code: 106ms)
 GET / 200 in 99ms (next.js: 32ms, application-code: 66ms)
 GET / 200 in 99ms (next.js: 1102µs, application-code: 98ms)
 GET / 200 in 99ms (next.js: 57ms, application-code: 42ms)
 GET / 200 in 99ms (next.js: 17ms, application-code: 82ms)
 GET / 200 in 99ms (next.js: 83ms, application-code: 16ms)
 GET / 200 in 46ms (next.js: 969µs, application-code: 45ms)
 GET / 200 in 38ms (next.js: 1527µs, application-code: 36ms)
 GET / 200 in 30ms (next.js: 1169µs, application-code: 29ms)
 GET / 200 in 30ms (next.js: 21ms, application-code: 9ms)
 GET / 200 in 30ms (next.js: 15ms, application-code: 15ms)
 GET / 200 in 30ms (next.js: 8ms, application-code: 22ms)
 GET / 200 in 52ms (next.js: 758µs, application-code: 51ms)
 GET / 200 in 45ms (next.js: 9ms, application-code: 36ms)
 GET / 200 in 45ms (next.js: 15ms, application-code: 29ms)
 GET / 200 in 45ms (next.js: 23ms, application-code: 22ms)
 GET / 200 in 45ms (next.js: 1097µs, application-code: 44ms)
 GET / 200 in 45ms (next.js: 34ms, application-code: 11ms)
 GET / 200 in 23ms (next.js: 699µs, application-code: 22ms)
 GET / 200 in 16ms (next.js: 987µs, application-code: 15ms)
 GET / 200 in 16ms (next.js: 8ms, application-code: 8ms)
✓ Compiled in 62ms
 GET /profile 200 in 136ms (next.js: 32ms, application-code: 104ms)
 GET /icon-192x192.png 404 in 35ms (next.js: 8ms, application-code: 27ms)
 GET /profile 200 in 51ms (next.js: 9ms, application-code: 43ms)
 GET /icon-192x192.png 404 in 25ms (next.js: 1700µs, application-code: 23ms)
 GET /profile 200 in 18ms (next.js: 4ms, application-code: 14ms)
 GET /profile 200 in 21ms (next.js: 3ms, application-code: 18ms)
 GET /icon-192x192.png 404 in 30ms (next.js: 2ms, application-code: 28ms)
 GET / 200 in 30ms (next.js: 9ms, application-code: 21ms)
 GET /icon-192x192.png 404 in 30ms (next.js: 4ms, application-code: 25ms)
 GET /login 200 in 61ms (next.js: 32ms, application-code: 29ms)
 GET /profile 200 in 89ms (next.js: 27ms, application-code: 62ms)
 GET /icon-192x192.png 404 in 51ms (next.js: 3ms, application-code: 48ms)
 GET /icon-192x192.png 404 in 43ms (next.js: 5ms, application-code: 37ms)
 GET /profile/bookings 200 in 346ms (next.js: 326ms, application-code: 20ms)
 GET /icon-192x192.png 404 in 33ms (next.js: 6ms, application-code: 26ms)
 GET /explore 200 in 44ms (next.js: 28ms, application-code: 16ms)
 GET /icon-192x192.png 404 in 28ms (next.js: 5ms, application-code: 24ms)
 GET /profile 200 in 29ms (next.js: 5ms, application-code: 24ms)
 GET /icon-192x192.png 404 in 36ms (next.js: 4ms, application-code: 32ms)
 GET /profile/saved 200 in 179ms (next.js: 169ms, application-code: 10ms)
 GET /icon-192x192.png 404 in 22ms (next.js: 1635µs, application-code: 20ms)
 GET /profile 200 in 31ms (next.js: 4ms, application-code: 27ms)
 GET /icon-192x192.png 404 in 32ms (next.js: 3ms, application-code: 29ms)
 GET /profile/addresses 200 in 176ms (next.js: 167ms, application-code: 9ms)
 GET /icon-192x192.png 404 in 22ms (next.js: 1174µs, application-code: 21ms)
 GET /profile 200 in 27ms (next.js: 5ms, application-code: 22ms)
 GET /icon-192x192.png 404 in 32ms (next.js: 5ms, application-code: 27ms)
 GET /profile/payments 200 in 199ms (next.js: 188ms, application-code: 10ms)
 GET /icon-192x192.png 404 in 27ms (next.js: 1109µs, application-code: 26ms)
 GET /profile 200 in 17ms (next.js: 3ms, application-code: 14ms)
 GET /icon-192x192.png 404 in 31ms (next.js: 4ms, application-code: 26ms)
 GET /profile/notifications 500 in 203ms (next.js: 199ms, application-code: 5ms)
 GET /profile/notifications 500 in 5ms (next.js: 1713µs, application-code: 3ms)
 GET /icon-192x192.png 500 in 13ms (next.js: 7ms, application-code: 7ms)
✓ Compiled in 141ms
✓ Compiled in 189ms
✓ Compiled in 194ms
 GET /profile 500 in 40ms (next.js: 25ms, application-code: 15ms)
 GET /profile 500 in 22ms (next.js: 12ms, application-code: 10ms)
 GET /profile/payments 500 in 22ms (next.js: 16ms, application-code: 6ms)
 GET /profile 500 in 15ms (next.js: 5ms, application-code: 10ms)
 GET /profile/addresses 500 in 18ms (next.js: 10ms, application-code: 8ms)
 GET /profile 500 in 14ms (next.js: 4ms, application-code: 10ms)
 GET /profile/saved 500 in 20ms (next.js: 12ms, application-code: 8ms)
 GET /profile 500 in 15ms (next.js: 5ms, application-code: 10ms)
 GET /explore 500 in 18ms (next.js: 10ms, application-code: 7ms)
 GET / 500 in 35ms (next.js: 18ms, application-code: 17ms)
 GET / 500 in 44ms (next.js: 20ms, application-code: 24ms)
 GET / 500 in 53ms (next.js: 34ms, application-code: 18ms)
 GET / 500 in 64ms (next.js: 42ms, application-code: 22ms)
 GET / 500 in 75ms (next.js: 52ms, application-code: 24ms)
 GET / 500 in 70ms (next.js: 57ms, application-code: 13ms)
 GET / 500 in 69ms (next.js: 63ms, application-code: 6ms)
 GET / 500 in 9ms (next.js: 5ms, application-code: 5ms)
 GET / 500 in 19ms (next.js: 8ms, application-code: 11ms)
 GET / 500 in 24ms (next.js: 11ms, application-code: 13ms)
 GET / 500 in 24ms (next.js: 15ms, application-code: 9ms)
 GET / 500 in 24ms (next.js: 18ms, application-code: 6ms)
 GET / 500 in 24ms (next.js: 21ms, application-code: 3ms)
 GET / 500 in 6ms (next.js: 2ms, application-code: 3ms)
 GET / 500 in 11ms (next.js: 5ms, application-code: 6ms)
 GET / 500 in 11ms (next.js: 8ms, application-code: 3ms)
 GET / 500 in 16ms (next.js: 8ms, application-code: 8ms)
 GET / 500 in 16ms (next.js: 10ms, application-code: 6ms)
 GET / 500 in 16ms (next.js: 12ms, application-code: 3ms)
 GET / 500 in 19ms (next.js: 10ms, application-code: 9ms)
 GET / 500 in 15ms
 GET / 500 in 15ms
 GET / 500 in 26ms (next.js: 23ms, application-code: 4ms)
 GET / 500 in 16ms
 GET / 500 in 27ms (next.js: 14ms, application-code: 12ms)
 GET /profile/bookings 500 in 31ms (next.js: 24ms, application-code: 7ms)
 GET / 500 in 26ms (next.js: 17ms, application-code: 9ms)
 GET /profile 500 in 18ms (next.js: 7ms, application-code: 10ms)
 GET / 500 in 16ms (next.js: 6ms, application-code: 10ms)
 GET / 500 in 14ms (next.js: 5ms, application-code: 10ms)
 GET / 500 in 42ms (next.js: 25ms, application-code: 17ms)
 GET / 500 in 22ms (next.js: 12ms, application-code: 10ms)
 GET / 500 in 20ms (next.js: 8ms, application-code: 12ms)
 GET / 500 in 19ms (next.js: 6ms, application-code: 13ms)
 GET / 500 in 19ms (next.js: 7ms, application-code: 12ms)
 GET / 500 in 17ms (next.js: 5ms, application-code: 12ms)
 GET / 500 in 17ms (next.js: 6ms, application-code: 11ms)
 GET / 500 in 8ms (next.js: 4ms, application-code: 4ms)
 GET / 500 in 6ms (next.js: 2ms, application-code: 4ms)
 GET / 500 in 16ms (next.js: 4ms, application-code: 12ms)
 GET / 500 in 24ms (next.js: 12ms, application-code: 12ms)
✓ Compiled in 201ms
 GET / 200 in 259ms (next.js: 92ms, application-code: 166ms)
 GET /icon-192x192.png 404 in 122ms (next.js: 29ms, application-code: 93ms)
✓ Compiled in 72ms
✓ Compiled in 34ms
 GET /vendor-dashboard 200 in 673ms (next.js: 641ms, application-code: 32ms)
 GET / 200 in 26ms (next.js: 13ms, application-code: 13ms)
 GET /icon-192x192.png 404 in 51ms (next.js: 6ms, application-code: 45ms)
 GET /icon-192x192.png 404 in 17ms (next.js: 1088µs, application-code: 16ms)
 GET /profile 200 in 46ms (next.js: 28ms, application-code: 19ms)
 GET /icon-192x192.png 404 in 49ms (next.js: 4ms, application-code: 45ms)
 GET /profile/bookings 200 in 48ms (next.js: 17ms, application-code: 31ms)
 GET /icon-192x192.png 404 in 24ms (next.js: 2ms, application-code: 22ms)
 GET /profile 200 in 24ms (next.js: 4ms, application-code: 20ms)
 GET /icon-192x192.png 404 in 29ms (next.js: 4ms, application-code: 25ms)
 GET /profile/saved 200 in 42ms (next.js: 15ms, application-code: 27ms)
 GET /icon-192x192.png 404 in 22ms (next.js: 1299µs, application-code: 20ms)
 GET /explore 200 in 47ms (next.js: 23ms, application-code: 24ms)
 GET /icon-192x192.png 404 in 30ms (next.js: 1719µs, application-code: 28ms)
 GET /profile 200 in 27ms (next.js: 6ms, application-code: 21ms)
 GET /icon-192x192.png 404 in 28ms (next.js: 6ms, application-code: 22ms)
 GET /profile/bookings 200 in 26ms (next.js: 4ms, application-code: 22ms)
 GET /icon-192x192.png 404 in 31ms (next.js: 3ms, application-code: 28ms)
 GET /profile 200 in 33ms (next.js: 3ms, application-code: 30ms)
 GET /icon-192x192.png 404 in 32ms (next.js: 3ms, application-code: 29ms)
 GET /profile/security 200 in 276ms (next.js: 267ms, application-code: 9ms)
 GET /icon-192x192.png 404 in 19ms (next.js: 1136µs, application-code: 18ms)
 GET /profile 200 in 24ms (next.js: 4ms, application-code: 20ms)
 GET /icon-192x192.png 404 in 30ms (next.js: 7ms, application-code: 23ms)
 GET /profile/notifications 200 in 44ms (next.js: 24ms, application-code: 21ms)
 GET /icon-192x192.png 404 in 21ms (next.js: 1953µs, application-code: 19ms)
 GET /profile 200 in 33ms (next.js: 4ms, application-code: 29ms)
 GET /icon-192x192.png 404 in 27ms (next.js: 2ms, application-code: 25ms)
 GET /profile/payments 200 in 51ms (next.js: 15ms, application-code: 36ms)
 GET /icon-192x192.png 404 in 23ms (next.js: 2ms, application-code: 21ms)
 GET /profile 200 in 28ms (next.js: 4ms, application-code: 25ms)
 GET /icon-192x192.png 404 in 27ms (next.js: 2ms, application-code: 25ms)
 GET /profile/addresses 200 in 41ms (next.js: 15ms, application-code: 26ms)
 GET /icon-192x192.png 404 in 25ms (next.js: 1591µs, application-code: 24ms)
 GET /profile 200 in 34ms (next.js: 3ms, application-code: 31ms)
 GET /icon-192x192.png 404 in 25ms (next.js: 2ms, application-code: 22ms)
 GET /profile/saved 200 in 30ms (next.js: 6ms, application-code: 24ms)
 GET /icon-192x192.png 404 in 29ms (next.js: 3ms, application-code: 26ms)
 GET /profile 200 in 31ms (next.js: 4ms, application-code: 28ms)
 GET /icon-192x192.png 404 in 49ms (next.js: 1838µs, application-code: 47ms)
 GET /vendor-dashboard 200 in 27ms (next.js: 5ms, application-code: 22ms)
 GET / 200 in 17ms (next.js: 4ms, application-code: 13ms)
 GET /icon-192x192.png 404 in 33ms (next.js: 2ms, application-code: 31ms)
 GET /icon-192x192.png 404 in 47ms (next.js: 5ms, application-code: 42ms)
✓ Compiled in 44ms
✓ Compiled in 184ms
 GET / 200 in 128ms (next.js: 58ms, application-code: 70ms)
 GET / 200 in 11ms (next.js: 976µs, application-code: 11ms)
 GET / 200 in 14ms (next.js: 1762µs, application-code: 12ms)
 GET /icon-192x192.png 404 in 220ms (next.js: 22ms, application-code: 199ms)
 GET / 200 in 61ms (next.js: 3ms, application-code: 59ms)
 GET / 200 in 68ms (next.js: 19ms, application-code: 49ms)
 GET /icon-192x192.png 404 in 22ms (next.js: 3ms, application-code: 19ms)
 GET /profile 200 in 67ms (next.js: 32ms, application-code: 35ms)
 GET /icon-192x192.png 404 in 41ms (next.js: 6ms, application-code: 35ms)
 GET /vendor-dashboard 200 in 45ms (next.js: 20ms, application-code: 24ms)
 GET /icon-192x192.png 404 in 25ms (next.js: 1846µs, application-code: 24ms)
 GET /vendor/register 200 in 493ms (next.js: 475ms, application-code: 18ms)
 GET /icon-192x192.png 404 in 26ms (next.js: 2ms, application-code: 24ms)
✓ Compiled in 114ms
 GET /vendor/register 200 in 100ms (next.js: 45ms, application-code: 55ms)
 GET /vendor/register 200 in 13ms (next.js: 916µs, application-code: 12ms)
 GET /vendor/register 200 in 21ms (next.js: 728µs, application-code: 20ms)
 GET /vendor/register 200 in 12ms (next.js: 801µs, application-code: 11ms)
 GET /icon-192x192.png 404 in 125ms (next.js: 12ms, application-code: 113ms)
 GET /vendor-dashboard 200 in 70ms (next.js: 30ms, application-code: 40ms)
 GET /vendor/register 200 in 28ms (next.js: 12ms, application-code: 16ms)
 GET /icon-192x192.png 404 in 47ms (next.js: 7ms, application-code: 41ms)
 GET /icon-192x192.png 404 in 19ms (next.js: 1439µs, application-code: 17ms)
 GET /vendor-dashboard 200 in 27ms (next.js: 5ms, application-code: 23ms)
 GET /vendor/register 200 in 22ms (next.js: 3ms, application-code: 18ms)
 GET /icon-192x192.png 404 in 40ms (next.js: 3ms, application-code: 37ms)
 GET /icon-192x192.png 404 in 66ms (next.js: 5ms, application-code: 61ms)
 GET /vendor-dashboard 200 in 55ms (next.js: 6ms, application-code: 50ms)
 GET /vendor/register 200 in 51ms (next.js: 3ms, application-code: 48ms)
 GET /icon-192x192.png 404 in 32ms (next.js: 1868µs, application-code: 30ms)
 GET /vendor-dashboard 200 in 9ms (next.js: 1633µs, application-code: 8ms)
 GET /vendor/register 200 in 46ms (next.js: 3ms, application-code: 43ms)
 GET /icon-192x192.png 404 in 33ms (next.js: 3ms, application-code: 30ms)
 GET /icon-192x192.png 404 in 40ms (next.js: 5ms, application-code: 35ms)
 GET /profile 200 in 48ms (next.js: 26ms, application-code: 22ms)
 GET /icon-192x192.png 404 in 27ms (next.js: 4ms, application-code: 23ms)
 GET /profile/edit 200 in 496ms (next.js: 481ms, application-code: 15ms)
 GET /icon-192x192.png 404 in 23ms (next.js: 1442µs, application-code: 21ms)
 GET /profile 200 in 30ms (next.js: 4ms, application-code: 25ms)
 GET /icon-192x192.png 404 in 26ms (next.js: 4ms, application-code: 22ms)
 GET / 200 in 47ms (next.js: 28ms, application-code: 19ms)
 GET /icon-192x192.png 404 in 58ms (next.js: 22ms, application-code: 36ms)
 GET /explore?category=electrician 200 in 52ms (next.js: 28ms, application-code: 24ms)
 GET /icon-192x192.png 404 in 24ms (next.js: 3ms, application-code: 21ms)
 GET / 200 in 30ms (next.js: 10ms, application-code: 21ms)
 GET /icon-192x192.png 404 in 27ms (next.js: 4ms, application-code: 23ms)
 GET /explore?category=plumber 200 in 29ms (next.js: 6ms, application-code: 23ms)
 GET /icon-192x192.png 404 in 31ms (next.js: 4ms, application-code: 27ms)
✓ Compiled in 192ms
✓ Compiled in 345ms
 GET /explore?category=plumber 200 in 369ms (next.js: 63ms, application-code: 307ms)
 GET /explore?category=plumber 200 in 63ms (next.js: 22ms, application-code: 41ms)
 GET /explore?category=plumber 200 in 267ms (next.js: 1342µs, application-code: 266ms)
 GET /icon-192x192.png 404 in 35ms (next.js: 14ms, application-code: 20ms)
✓ Compiled in 133ms
 GET /explore?category=plumber 200 in 107ms (next.js: 45ms, application-code: 62ms)
 GET /explore?category=plumber 200 in 24ms (next.js: 832µs, application-code: 23ms)
 GET /explore?category=plumber 200 in 12ms (next.js: 1022µs, application-code: 11ms)
 GET /icon-192x192.png 404 in 86ms (next.js: 24ms, application-code: 61ms)
 GET /explore?category=plumber 200 in 97ms (next.js: 17ms, application-code: 80ms)
 GET /icon-192x192.png 404 in 39ms (next.js: 3ms, application-code: 36ms)
 GET /vendor-dashboard 200 in 46ms (next.js: 21ms, application-code: 24ms)
 GET /vendor/register 200 in 67ms (next.js: 31ms, application-code: 35ms)
 GET /icon-192x192.png 404 in 63ms (next.js: 2ms, application-code: 61ms)
 GET /icon-192x192.png 404 in 25ms (next.js: 1293µs, application-code: 23ms)
 GET /explore 200 in 28ms (next.js: 4ms, application-code: 24ms)
 GET /icon-192x192.png 404 in 37ms (next.js: 8ms, application-code: 29ms)
 GET /explore 200 in 23ms (next.js: 5ms, application-code: 17ms)
 GET /explore 200 in 25ms (next.js: 5ms, application-code: 21ms)
 GET /icon-192x192.png 404 in 17ms (next.js: 1380µs, application-code: 15ms)
 GET / 200 in 76ms (next.js: 31ms, application-code: 45ms)
 GET / 200 in 25ms (next.js: 1368µs, application-code: 23ms)
 GET / 200 in 57ms (next.js: 1427µs, application-code: 55ms)
 GET / 200 in 57ms (next.js: 10ms, application-code: 47ms)
 GET / 200 in 38ms (next.js: 1148µs, application-code: 37ms)
 GET / 200 in 60ms (next.js: 10ms, application-code: 50ms)
 GET / 200 in 62ms (next.js: 10ms, application-code: 53ms)
 GET / 200 in 55ms (next.js: 9ms, application-code: 45ms)
 GET / 200 in 53ms (next.js: 1490µs, application-code: 51ms)
 GET / 200 in 29ms (next.js: 1603µs, application-code: 28ms)
 GET / 200 in 52ms (next.js: 14ms, application-code: 38ms)
 GET / 200 in 18ms (next.js: 1511µs, application-code: 17ms)
 GET / 200 in 35ms (next.js: 1134µs, application-code: 34ms)
 GET / 200 in 29ms (next.js: 4ms, application-code: 25ms)
 GET /icon-192x192.png 404 in 24ms (next.js: 1440µs, application-code: 22ms)
 GET /profile 200 in 51ms (next.js: 32ms, application-code: 19ms)
 GET /icon-192x192.png 404 in 34ms (next.js: 1656µs, application-code: 32ms)
 GET /profile/addresses 200 in 52ms (next.js: 27ms, application-code: 25ms)
 GET /icon-192x192.png 404 in 23ms (next.js: 1618µs, application-code: 21ms)
 GET /profile 200 in 23ms (next.js: 4ms, application-code: 20ms)
 GET /icon-192x192.png 404 in 25ms (next.js: 3ms, application-code: 22ms)
 GET /profile/bookings 200 in 42ms (next.js: 21ms, application-code: 21ms)
 GET /icon-192x192.png 404 in 19ms (next.js: 1334µs, application-code: 18ms)
 GET /profile 200 in 28ms (next.js: 4ms, application-code: 24ms)
 GET /icon-192x192.png 404 in 34ms (next.js: 3ms, application-code: 31ms)
 GET /profile/saved 200 in 47ms (next.js: 26ms, application-code: 21ms)
 GET /icon-192x192.png 404 in 22ms (next.js: 1864µs, application-code: 20ms)
 GET /profile 200 in 24ms (next.js: 3ms, application-code: 20ms)
 GET /icon-192x192.png 404 in 30ms (next.js: 4ms, application-code: 26ms)
 GET /profile/payments 200 in 45ms (next.js: 25ms, application-code: 20ms)
 GET /icon-192x192.png 404 in 33ms (next.js: 1549µs, application-code: 31ms)
 GET /profile 200 in 25ms (next.js: 3ms, application-code: 22ms)
 GET /icon-192x192.png 404 in 26ms (next.js: 3ms, application-code: 23ms)
 GET /profile/security 200 in 48ms (next.js: 25ms, application-code: 23ms)
 GET /icon-192x192.png 404 in 26ms (next.js: 3ms, application-code: 23ms)
 GET /profile 200 in 23ms (next.js: 3ms, application-code: 19ms)
 GET /icon-192x192.png 404 in 29ms (next.js: 4ms, application-code: 25ms)
 GET /profile/notifications 200 in 41ms (next.js: 29ms, application-code: 12ms)
 GET /icon-192x192.png 404 in 19ms (next.js: 1458µs, application-code: 18ms)
 GET /profile 200 in 25ms (next.js: 3ms, application-code: 22ms)
 GET /icon-192x192.png 404 in 35ms (next.js: 2ms, application-code: 33ms)
 GET /vendor-dashboard 200 in 29ms (next.js: 5ms, application-code: 24ms)
 GET /vendor/register 200 in 50ms (next.js: 6ms, application-code: 44ms)
 GET /icon-192x192.png 404 in 33ms (next.js: 3ms, application-code: 29ms)
 GET /icon-192x192.png 404 in 46ms (next.js: 5ms, application-code: 42ms)
 GET /login 200 in 117ms (next.js: 45ms, application-code: 72ms)
 GET /icon-192x192.png 404 in 22ms (next.js: 2ms, application-code: 20ms)
 GET /profile 200 in 48ms (next.js: 10ms, application-code: 38ms)
 GET /profile 200 in 16ms (next.js: 3ms, application-code: 13ms)
 GET /icon-192x192.png 404 in 22ms (next.js: 3ms, application-code: 19ms)
 GET /vendor/register 200 in 29ms (next.js: 5ms, application-code: 24ms)
 GET /icon-192x192.png 404 in 27ms (next.js: 1441µs, application-code: 26ms)
 GET /vendor-dashboard 200 in 33ms (next.js: 5ms, application-code: 27ms)
 GET /icon-192x192.png 404 in 23ms (next.js: 1526µs, application-code: 22ms)
 GET /vendor/register 200 in 29ms (next.js: 3ms, application-code: 26ms)
 GET /icon-192x192.png 404 in 25ms (next.js: 1455µs, application-code: 23ms)
 GET /vendor/register 200 in 23ms (next.js: 3ms, application-code: 19ms)
 GET /icon-192x192.png 404 in 28ms (next.js: 3ms, application-code: 25ms)
 GET /explore 200 in 60ms (next.js: 17ms, application-code: 43ms)
 GET /icon-192x192.png 404 in 30ms (next.js: 5ms, application-code: 26ms)
 GET /vendor-dashboard 200 in 32ms (next.js: 5ms, application-code: 27ms)
 GET /icon-192x192.png 404 in 28ms (next.js: 6ms, application-code: 22ms)
 GET /vendor-dashboard 200 in 94ms (next.js: 8ms, application-code: 86ms)
 GET /icon-192x192.png 404 in 44ms (next.js: 3ms, application-code: 41ms)
 GET /vendor-dashboard/catalog 404 in 35ms (next.js: 8ms, application-code: 27ms)
 GET /vendor-dashboard/catalog 404 in 30ms (next.js: 3ms, application-code: 27ms)
 GET /icon-192x192.png 404 in 23ms (next.js: 1678µs, application-code: 22ms)
 GET / 200 in 67ms (next.js: 18ms, application-code: 49ms)
 GET /icon-192x192.png 404 in 59ms (next.js: 6ms, application-code: 53ms)
 GET /login 200 in 42ms (next.js: 5ms, application-code: 36ms)
 GET /icon-192x192.png 404 in 28ms (next.js: 3ms, application-code: 25ms)
 GET /login 200 in 51ms (next.js: 5ms, application-code: 46ms)
 GET /icon-192x192.png 404 in 28ms (next.js: 1428µs, application-code: 26ms)
 GET /vendor/register 200 in 67ms (next.js: 4ms, application-code: 63ms)
 GET /icon-192x192.png 404 in 18ms (next.js: 1297µs, application-code: 17ms)
 GET /register 200 in 80ms (next.js: 29ms, application-code: 50ms)
 GET /icon-192x192.png 404 in 16ms (next.js: 1043µs, application-code: 15ms)
 GET /login 200 in 49ms (next.js: 5ms, application-code: 44ms)
 GET /icon-192x192.png 404 in 72ms (next.js: 3ms, application-code: 70ms)
 GET /login 200 in 13ms (next.js: 5ms, application-code: 8ms)
 GET /login 200 in 19ms (next.js: 1863µs, application-code: 18ms)
 GET /vendor/register 200 in 69ms (next.js: 5ms, application-code: 64ms)
 GET /icon-192x192.png 404 in 30ms (next.js: 1506µs, application-code: 28ms)
 GET /icon-192x192.png 404 in 16ms (next.js: 1103µs, application-code: 15ms)
 GET /register 200 in 59ms (next.js: 6ms, application-code: 53ms)
 GET /icon-192x192.png 404 in 23ms (next.js: 2ms, application-code: 21ms)
 GET / 200 in 59ms (next.js: 14ms, application-code: 45ms)
 GET /icon-192x192.png 404 in 25ms (next.js: 3ms, application-code: 21ms)
 GET /profile 200 in 35ms (next.js: 7ms, application-code: 28ms)
 GET /icon-192x192.png 404 in 27ms (next.js: 3ms, application-code: 24ms)
 GET /vendor-dashboard 200 in 30ms (next.js: 6ms, application-code: 24ms)
 GET /icon-192x192.png 404 in 35ms (next.js: 5ms, application-code: 31ms)
 GET /login 200 in 43ms (next.js: 7ms, application-code: 36ms)
 GET /login 200 in 146ms (next.js: 7ms, application-code: 139ms)
 GET /icon-192x192.png 404 in 36ms (next.js: 6ms, application-code: 30ms)
 GET /profile 200 in 39ms (next.js: 5ms, application-code: 34ms)
 GET /profile 200 in 14ms (next.js: 2ms, application-code: 12ms)
 GET /icon-192x192.png 404 in 23ms (next.js: 4ms, application-code: 19ms)
 GET /vendor/register 200 in 36ms (next.js: 7ms, application-code: 29ms)
 GET /icon-192x192.png 404 in 32ms (next.js: 1746µs, application-code: 30ms)
 GET /icon-192x192.png 404 in 38ms (next.js: 4ms, application-code: 35ms)
 GET /explore 200 in 31ms (next.js: 6ms, application-code: 24ms)
 GET /icon-192x192.png 404 in 30ms (next.js: 3ms, application-code: 27ms)
 GET /explore 200 in 49ms (next.js: 4ms, application-code: 45ms)
 GET /icon-192x192.png 404 in 26ms (next.js: 2ms, application-code: 24ms)
 GET /explore 200 in 26ms (next.js: 4ms, application-code: 22ms)
 GET /icon-192x192.png 404 in 36ms (next.js: 3ms, application-code: 33ms)
 GET /explore 200 in 28ms (next.js: 5ms, application-code: 23ms)
 GET /icon-192x192.png 404 in 35ms (next.js: 2ms, application-code: 33ms)
 GET /profile 200 in 28ms (next.js: 4ms, application-code: 24ms)
 GET /icon-192x192.png 404 in 49ms (next.js: 4ms, application-code: 45ms)
 GET /profile 200 in 51ms (next.js: 6ms, application-code: 46ms)
 GET /icon-192x192.png 404 in 24ms (next.js: 2ms, application-code: 22ms)
 GET /vendor/register 200 in 33ms (next.js: 7ms, application-code: 26ms)
 GET /icon-192x192.png 404 in 35ms (next.js: 3ms, application-code: 32ms)
 GET /vendor-dashboard 200 in 32ms (next.js: 7ms, application-code: 25ms)
 GET /icon-192x192.png 404 in 30ms (next.js: 2ms, application-code: 28ms)
 GET /vendor-dashboard/catalog 404 in 42ms (next.js: 20ms, application-code: 22ms)
 GET /vendor-dashboard/catalog 404 in 28ms (next.js: 1741µs, application-code: 26ms)
 GET /icon-192x192.png 404 in 21ms (next.js: 3ms, application-code: 18ms)
 GET /icon-192x192.png 404 in 54ms (next.js: 4ms, application-code: 50ms)
 GET /vendor-dashboard 200 in 53ms (next.js: 12ms, application-code: 42ms)
 GET /icon-192x192.png 404 in 25ms (next.js: 2ms, application-code: 23ms)
 GET /vendor-dashboard/settings 404 in 28ms (next.js: 5ms, application-code: 23ms)
 GET /vendor-dashboard/settings 404 in 32ms (next.js: 3ms, application-code: 29ms)
 GET /icon-192x192.png 404 in 28ms (next.js: 3ms, application-code: 24ms)
 GET /icon-192x192.png 404 in 41ms (next.js: 4ms, application-code: 37ms)
 GET /vendor 404 in 47ms (next.js: 5ms, application-code: 42ms)
 GET /icon-192x192.png 404 in 22ms (next.js: 1759µs, application-code: 21ms)
 GET /vendor-dashboard 200 in 27ms (next.js: 3ms, application-code: 24ms)
 GET /icon-192x192.png 404 in 26ms (next.js: 4ms, application-code: 23ms)
 GET /explore 200 in 32ms (next.js: 5ms, application-code: 27ms)
 GET /icon-192x192.png 404 in 39ms (next.js: 2ms, application-code: 37ms)
 GET /vendor-dashboard 200 in 26ms (next.js: 4ms, application-code: 22ms)
 GET /icon-192x192.png 404 in 27ms (next.js: 3ms, application-code: 24ms)
 GET /vendor-dashboard/catalog 404 in 30ms (next.js: 5ms, application-code: 25ms)
 GET /vendor-dashboard/catalog 404 in 32ms (next.js: 3ms, application-code: 29ms)
 GET /icon-192x192.png 404 in 18ms (next.js: 1428µs, application-code: 17ms)
 GET /explore 200 in 39ms (next.js: 14ms, application-code: 25ms)
 GET /icon-192x192.png 404 in 47ms (next.js: 2ms, application-code: 45ms)
 GET /vendor-dashboard 200 in 28ms (next.js: 3ms, application-code: 25ms)
 GET /icon-192x192.png 404 in 21ms (next.js: 5ms, application-code: 16ms)
 GET /vendor-dashboard/catalog 404 in 30ms (next.js: 7ms, application-code: 22ms)
 GET /vendor-dashboard/catalog 404 in 31ms (next.js: 4ms, application-code: 27ms)
 GET /icon-192x192.png 404 in 23ms (next.js: 4ms, application-code: 19ms)
✓ Compiled in 143ms
 GET /vendor-dashboard/catalog 404 in 270ms (next.js: 59ms, application-code: 211ms)
 GET /vendor-dashboard/catalog 404 in 167ms (next.js: 9ms, application-code: 158ms)
 GET /vendor-dashboard/catalog 404 in 14ms (next.js: 841µs, application-code: 13ms)
 GET /vendor-dashboard/catalog 404 in 110ms (next.js: 60ms, application-code: 50ms)
 GET /vendor-dashboard/catalog 404 in 39ms (next.js: 1395µs, application-code: 38ms)
 GET /vendor-dashboard/catalog 404 in 128ms (next.js: 1369µs, application-code: 127ms)
 GET /vendor-dashboard/catalog 404 in 50ms (next.js: 11ms, application-code: 38ms)
 GET /icon-192x192.png 404 in 59ms (next.js: 3ms, application-code: 55ms)
 GET /icon-192x192.png 404 in 37ms (next.js: 1028µs, application-code: 36ms)
 GET /vendor-dashboard/catalog 200 in 576ms (next.js: 519ms, application-code: 58ms)
 GET /vendor-dashboard/catalog 200 in 41ms (next.js: 845µs, application-code: 40ms)
 GET /vendor-dashboard/catalog 200 in 143ms (next.js: 673µs, application-code: 142ms)
 GET /vendor-dashboard/catalog 200 in 115ms (next.js: 1686µs, application-code: 114ms)
 GET /vendor-dashboard/catalog 200 in 20ms (next.js: 2ms, application-code: 18ms)
 GET /vendor-dashboard/catalog 200 in 159ms (next.js: 790µs, application-code: 159ms)
 GET /vendor-dashboard/catalog 200 in 162ms (next.js: 2ms, application-code: 160ms)
 GET /vendor-dashboard/catalog 200 in 174ms (next.js: 11ms, application-code: 163ms)
 GET /vendor-dashboard/catalog 200 in 50ms (next.js: 1450µs, application-code: 48ms)
 GET /vendor-dashboard/catalog 200 in 23ms (next.js: 1631µs, application-code: 22ms)
 GET /vendor-dashboard/catalog 200 in 178ms (next.js: 1407µs, application-code: 177ms)
 GET /vendor-dashboard/catalog 200 in 66ms (next.js: 12ms, application-code: 54ms)
 GET /icon-192x192.png 404 in 40ms (next.js: 8ms, application-code: 32ms)
 GET /icon-192x192.png 404 in 15ms (next.js: 1071µs, application-code: 14ms)
 GET /vendor-dashboard/catalog 200 in 145ms (next.js: 55ms, application-code: 89ms)
 GET /vendor-dashboard/catalog 200 in 69ms (next.js: 1252µs, application-code: 68ms)
 GET /vendor-dashboard/catalog 200 in 58ms (next.js: 1174µs, application-code: 57ms)
 GET /vendor-dashboard/catalog 200 in 57ms (next.js: 1242µs, application-code: 56ms)
 GET /vendor-dashboard/catalog 200 in 59ms (next.js: 1328µs, application-code: 58ms)
 GET /vendor-dashboard/catalog 200 in 60ms (next.js: 1198µs, application-code: 59ms)
 GET /vendor-dashboard/catalog 200 in 59ms (next.js: 1811µs, application-code: 58ms)
 GET /vendor-dashboard/catalog 200 in 66ms (next.js: 1180µs, application-code: 65ms)
 GET /vendor-dashboard/catalog 200 in 70ms (next.js: 1543µs, application-code: 69ms)
 GET /vendor-dashboard/catalog 200 in 69ms (next.js: 1038µs, application-code: 68ms)
 GET /vendor-dashboard/catalog 200 in 69ms (next.js: 1232µs, application-code: 67ms)
 GET /vendor-dashboard/catalog 200 in 69ms (next.js: 812µs, application-code: 68ms)
 GET /vendor-dashboard/catalog 200 in 61ms (next.js: 1327µs, application-code: 60ms)
 GET /vendor-dashboard/catalog 200 in 56ms (next.js: 1197µs, application-code: 55ms)
 GET /vendor-dashboard/catalog 200 in 55ms (next.js: 1696µs, application-code: 54ms)
 GET /vendor-dashboard/catalog 200 in 54ms (next.js: 1723µs, application-code: 53ms)
 GET /vendor-dashboard/catalog 200 in 53ms (next.js: 1119µs, application-code: 52ms)
 GET /vendor-dashboard/catalog 200 in 54ms (next.js: 1886µs, application-code: 52ms)
 GET /vendor-dashboard/catalog 200 in 57ms (next.js: 1119µs, application-code: 56ms)
 GET /vendor-dashboard/catalog 200 in 58ms (next.js: 1723µs, application-code: 56ms)
 GET /vendor-dashboard/catalog 200 in 60ms (next.js: 726µs, application-code: 59ms)
 GET /vendor-dashboard/catalog 200 in 62ms (next.js: 1300µs, application-code: 61ms)
 GET /vendor-dashboard/catalog 200 in 65ms (next.js: 1090µs, application-code: 64ms)
 GET /vendor-dashboard/catalog 200 in 61ms (next.js: 1127µs, application-code: 59ms)
 GET /vendor-dashboard/catalog 200 in 61ms (next.js: 1904µs, application-code: 59ms)
 GET /vendor-dashboard/catalog 200 in 60ms (next.js: 2ms, application-code: 57ms)
 GET /vendor-dashboard/catalog 200 in 56ms (next.js: 2ms, application-code: 54ms)
 GET /vendor-dashboard/catalog 200 in 55ms (next.js: 1029µs, application-code: 54ms)
 GET /vendor-dashboard/catalog 200 in 54ms (next.js: 996µs, application-code: 53ms)
 GET /vendor-dashboard/catalog 200 in 60ms (next.js: 981µs, application-code: 59ms)
 GET /vendor-dashboard/catalog 200 in 61ms (next.js: 1254µs, application-code: 59ms)
 GET /vendor-dashboard/catalog 200 in 63ms (next.js: 1777µs, application-code: 61ms)
 GET /vendor-dashboard/catalog 200 in 62ms (next.js: 976µs, application-code: 61ms)
 GET /vendor-dashboard/catalog 200 in 62ms (next.js: 1052µs, application-code: 61ms)
 GET /vendor-dashboard/catalog 200 in 56ms (next.js: 1423µs, application-code: 55ms)
 GET /vendor-dashboard/catalog 200 in 55ms (next.js: 1034µs, application-code: 54ms)
 GET /vendor-dashboard/catalog 200 in 53ms (next.js: 1158µs, application-code: 52ms)
 GET /vendor-dashboard/catalog 200 in 53ms (next.js: 918µs, application-code: 52ms)
 GET /vendor-dashboard/catalog 200 in 54ms (next.js: 1528µs, application-code: 52ms)
 GET /vendor-dashboard/catalog 200 in 53ms (next.js: 920µs, application-code: 52ms)
 GET /vendor-dashboard/catalog 200 in 57ms (next.js: 1300µs, application-code: 56ms)
 GET /vendor-dashboard/catalog 200 in 59ms (next.js: 1162µs, application-code: 58ms)
 GET /vendor-dashboard/catalog 200 in 57ms (next.js: 935µs, application-code: 56ms)
 GET /vendor-dashboard/catalog 200 in 57ms (next.js: 1210µs, application-code: 56ms)
 GET /vendor-dashboard/catalog 200 in 60ms (next.js: 978µs, application-code: 59ms)
 GET /vendor-dashboard/catalog 200 in 57ms (next.js: 900µs, application-code: 56ms)
 GET /vendor-dashboard/catalog 200 in 55ms (next.js: 784µs, application-code: 55ms)
 GET /vendor-dashboard/catalog 200 in 58ms (next.js: 629µs, application-code: 57ms)
 GET /vendor-dashboard/catalog 200 in 59ms (next.js: 1027µs, application-code: 58ms)
 GET /vendor-dashboard/catalog 200 in 56ms (next.js: 1064µs, application-code: 55ms)
 GET /vendor-dashboard/catalog 200 in 57ms (next.js: 1885µs, application-code: 55ms)
 GET /vendor-dashboard/catalog 200 in 61ms (next.js: 1684µs, application-code: 59ms)
 GET /vendor-dashboard/catalog 200 in 59ms (next.js: 987µs, application-code: 58ms)
 GET /vendor-dashboard/catalog 200 in 59ms (next.js: 1048µs, application-code: 58ms)
 GET /vendor-dashboard/catalog 200 in 60ms (next.js: 974µs, application-code: 59ms)
 GET /vendor-dashboard/catalog 200 in 60ms (next.js: 1570µs, application-code: 58ms)
 GET /vendor-dashboard/catalog 200 in 54ms (next.js: 1602µs, application-code: 52ms)
 GET /vendor-dashboard/catalog 200 in 73ms (next.js: 1035µs, application-code: 72ms)
 GET /vendor-dashboard/catalog 200 in 78ms (next.js: 1744µs, application-code: 76ms)
 GET /vendor-dashboard/catalog 200 in 73ms (next.js: 1067µs, application-code: 72ms)
 GET /vendor-dashboard/catalog 200 in 72ms (next.js: 888µs, application-code: 71ms)
 GET / 200 in 94ms (next.js: 19ms, application-code: 75ms)
 GET /vendor-dashboard/catalog 200 in 106ms (next.js: 742µs, application-code: 105ms)
 GET / 200 in 77ms (next.js: 9ms, application-code: 68ms)
 GET /vendor-dashboard/catalog 200 in 83ms (next.js: 902µs, application-code: 82ms)
 GET /vendor-dashboard/catalog 200 in 84ms (next.js: 1181µs, application-code: 83ms)
 GET /vendor-dashboard/catalog 200 in 88ms (next.js: 884µs, application-code: 87ms)
 GET / 200 in 87ms (next.js: 14ms, application-code: 73ms)
 GET / 200 in 75ms (next.js: 7ms, application-code: 68ms)
 GET /vendor-dashboard/catalog 200 in 89ms (next.js: 1635µs, application-code: 88ms)
 GET / 200 in 70ms (next.js: 7ms, application-code: 63ms)
 GET / 200 in 65ms (next.js: 14ms, application-code: 51ms)
 GET /vendor-dashboard/catalog 200 in 86ms (next.js: 7ms, application-code: 79ms)
 GET / 200 in 80ms (next.js: 1533µs, application-code: 79ms)
 GET /vendor-dashboard/catalog 200 in 89ms (next.js: 7ms, application-code: 82ms)
 GET / 200 in 77ms (next.js: 1015µs, application-code: 76ms)
 GET /vendor-dashboard/catalog 200 in 92ms (next.js: 2ms, application-code: 89ms)
 GET /vendor-dashboard/catalog 200 in 94ms (next.js: 1611µs, application-code: 93ms)
 GET / 200 in 89ms (next.js: 15ms, application-code: 74ms)
 GET / 200 in 91ms (next.js: 10ms, application-code: 81ms)
 GET /vendor-dashboard/catalog 200 in 92ms (next.js: 2ms, application-code: 90ms)
 GET / 200 in 70ms (next.js: 1611µs, application-code: 68ms)
 GET / 200 in 70ms (next.js: 7ms, application-code: 63ms)
 GET /vendor-dashboard/catalog 200 in 77ms (next.js: 13ms, application-code: 64ms)
 GET / 200 in 94ms (next.js: 3ms, application-code: 92ms)
 GET /vendor-dashboard/catalog 200 in 94ms (next.js: 7ms, application-code: 87ms)
 GET / 200 in 83ms (next.js: 1809µs, application-code: 81ms)
 GET /vendor-dashboard/catalog 200 in 91ms (next.js: 8ms, application-code: 83ms)
 GET /vendor-dashboard/catalog 200 in 108ms (next.js: 1696µs, application-code: 106ms)
 GET /vendor-dashboard/catalog 200 in 100ms (next.js: 2ms, application-code: 98ms)
 GET / 200 in 92ms (next.js: 2ms, application-code: 90ms)
 GET / 200 in 91ms (next.js: 8ms, application-code: 82ms)
 GET / 200 in 91ms (next.js: 15ms, application-code: 75ms)
 GET / 200 in 91ms (next.js: 22ms, application-code: 69ms)
 GET /vendor-dashboard/catalog 200 in 101ms (next.js: 29ms, application-code: 72ms)
 GET /vendor-dashboard/catalog 200 in 100ms (next.js: 1891µs, application-code: 98ms)
 GET / 200 in 90ms (next.js: 1457µs, application-code: 88ms)
 GET /vendor-dashboard/catalog 200 in 99ms (next.js: 9ms, application-code: 90ms)
 GET / 200 in 81ms (next.js: 1009µs, application-code: 80ms)
 GET /vendor-dashboard/catalog 200 in 102ms (next.js: 13ms, application-code: 89ms)
 GET /vendor-dashboard/catalog 200 in 136ms (next.js: 1234µs, application-code: 135ms)
 GET / 200 in 127ms (next.js: 9ms, application-code: 118ms)
 GET / 200 in 127ms (next.js: 1467µs, application-code: 126ms)
 GET / 200 in 127ms (next.js: 22ms, application-code: 105ms)
 GET / 200 in 127ms (next.js: 15ms, application-code: 112ms)
 GET /vendor-dashboard/catalog 200 in 128ms (next.js: 29ms, application-code: 100ms)
 GET /vendor-dashboard/catalog 200 in 173ms (next.js: 948µs, application-code: 172ms)
 GET / 200 in 174ms (next.js: 1576µs, application-code: 173ms)
 GET /vendor-dashboard/catalog 200 in 180ms (next.js: 10ms, application-code: 169ms)
 GET / 200 in 171ms (next.js: 1654µs, application-code: 170ms)
 GET /vendor-dashboard/catalog 200 in 182ms (next.js: 10ms, application-code: 171ms)
 GET /vendor-dashboard/catalog 200 in 247ms (next.js: 1990µs, application-code: 245ms)
 GET / 200 in 249ms (next.js: 2ms, application-code: 247ms)
 GET / 200 in 248ms (next.js: 10ms, application-code: 238ms)
 GET / 200 in 239ms (next.js: 61ms, application-code: 178ms)
 GET /vendor-dashboard/catalog 200 in 240ms (next.js: 53ms, application-code: 186ms)
 GET / 200 in 187ms (next.js: 19ms, application-code: 168ms)
 GET / 200 in 141ms (next.js: 3ms, application-code: 138ms)
 GET /icon-192x192.png 404 in 251ms (next.js: 23ms, application-code: 228ms)
 GET /vendor-dashboard/catalog 200 in 162ms (next.js: 1621µs, application-code: 161ms)
 GET / 200 in 173ms (next.js: 12ms, application-code: 160ms)
 GET /vendor-dashboard/catalog 200 in 173ms (next.js: 1060µs, application-code: 172ms)
 GET /vendor-dashboard/catalog 200 in 76ms (next.js: 1103µs, application-code: 75ms)
 GET /vendor-dashboard/catalog 200 in 80ms (next.js: 762µs, application-code: 79ms)
 GET / 200 in 78ms (next.js: 969µs, application-code: 77ms)
 GET / 200 in 77ms (next.js: 9ms, application-code: 68ms)
 GET / 200 in 78ms (next.js: 16ms, application-code: 62ms)
 GET / 200 in 78ms (next.js: 22ms, application-code: 56ms)
 GET / 200 in 78ms (next.js: 28ms, application-code: 50ms)
 GET /vendor-dashboard/catalog 200 in 79ms (next.js: 1127µs, application-code: 78ms)
 GET /vendor-dashboard/catalog 200 in 95ms (next.js: 718µs, application-code: 94ms)
 GET / 200 in 96ms (next.js: 725µs, application-code: 95ms)
 GET /vendor-dashboard/catalog 200 in 97ms (next.js: 7ms, application-code: 90ms)
 GET /vendor-dashboard/catalog 200 in 100ms (next.js: 578µs, application-code: 99ms)
 GET /vendor-dashboard/catalog 200 in 101ms (next.js: 793µs, application-code: 100ms)
 GET / 200 in 91ms (next.js: 5ms, application-code: 87ms)
 GET /vendor-dashboard/catalog 200 in 92ms (next.js: 12ms, application-code: 79ms)
 GET / 200 in 69ms (next.js: 1559µs, application-code: 67ms)
 GET / 200 in 68ms (next.js: 8ms, application-code: 60ms)
 GET / 200 in 68ms (next.js: 15ms, application-code: 53ms)
 GET / 200 in 69ms (next.js: 22ms, application-code: 47ms)
 GET /vendor-dashboard/catalog 200 in 62ms (next.js: 22ms, application-code: 40ms)
 GET /vendor-dashboard/catalog 200 in 41ms (next.js: 1543µs, application-code: 39ms)
 GET / 200 in 32ms (next.js: 1396µs, application-code: 30ms)
 GET /vendor-dashboard/catalog 200 in 63ms (next.js: 1421µs, application-code: 62ms)
 GET / 200 in 65ms (next.js: 1155µs, application-code: 64ms)
 GET / 200 in 56ms (next.js: 2ms, application-code: 54ms)
 GET / 200 in 55ms (next.js: 9ms, application-code: 46ms)
 GET / 200 in 55ms (next.js: 23ms, application-code: 32ms)
 GET / 200 in 55ms (next.js: 31ms, application-code: 24ms)
 GET / 200 in 26ms (next.js: 1419µs, application-code: 25ms)
 GET / 200 in 127ms (next.js: 947µs, application-code: 126ms)
 GET / 200 in 118ms (next.js: 1521µs, application-code: 117ms)
 GET / 200 in 117ms (next.js: 93ms, application-code: 24ms)
 GET / 200 in 117ms (next.js: 85ms, application-code: 32ms)
 GET / 200 in 35ms (next.js: 19ms, application-code: 17ms)
 GET / 200 in 10ms (next.js: 1495µs, application-code: 8ms)
 GET /icon-192x192.png 404 in 127ms (next.js: 9ms, application-code: 117ms)
 GET / 200 in 39ms (next.js: 1077µs, application-code: 38ms)
 GET / 200 in 32ms (next.js: 5ms, application-code: 27ms)
 GET / 200 in 32ms (next.js: 15ms, application-code: 17ms)
 GET / 200 in 32ms (next.js: 19ms, application-code: 13ms)
 GET / 200 in 33ms (next.js: 10ms, application-code: 23ms)
 GET / 200 in 33ms (next.js: 1143µs, application-code: 32ms)
 GET / 200 in 33ms (next.js: 701µs, application-code: 32ms)
 GET / 200 in 26ms (next.js: 1015µs, application-code: 25ms)
 GET / 200 in 26ms (next.js: 7ms, application-code: 19ms)
 GET / 200 in 26ms (next.js: 15ms, application-code: 11ms)
 GET / 200 in 26ms (next.js: 11ms, application-code: 15ms)
 GET / 200 in 26ms (next.js: 20ms, application-code: 6ms)
 GET / 200 in 31ms (next.js: 635µs, application-code: 30ms)
 GET / 200 in 25ms (next.js: 1062µs, application-code: 24ms)
 GET / 200 in 25ms (next.js: 10ms, application-code: 15ms)
 GET / 200 in 25ms (next.js: 6ms, application-code: 19ms)
 GET / 200 in 25ms (next.js: 19ms, application-code: 6ms)
 GET / 200 in 25ms (next.js: 14ms, application-code: 11ms)
 GET / 200 in 34ms (next.js: 605µs, application-code: 34ms)
 GET / 200 in 29ms (next.js: 6ms, application-code: 23ms)
 GET / 200 in 29ms (next.js: 10ms, application-code: 19ms)
 GET / 200 in 29ms (next.js: 984µs, application-code: 28ms)
 GET / 200 in 29ms (next.js: 14ms, application-code: 16ms)
 GET / 200 in 29ms (next.js: 18ms, application-code: 11ms)
 GET / 200 in 42ms (next.js: 739µs, application-code: 41ms)
 GET / 200 in 34ms (next.js: 989µs, application-code: 33ms)
 GET / 200 in 33ms (next.js: 20ms, application-code: 13ms)
 GET / 200 in 34ms (next.js: 7ms, application-code: 26ms)
 GET / 200 in 34ms (next.js: 14ms, application-code: 20ms)
 GET / 200 in 33ms (next.js: 26ms, application-code: 8ms)
 GET / 200 in 40ms (next.js: 748µs, application-code: 40ms)
 GET / 200 in 33ms (next.js: 803µs, application-code: 32ms)
 GET / 200 in 33ms (next.js: 13ms, application-code: 20ms)
 GET / 200 in 33ms (next.js: 7ms, application-code: 26ms)
 GET / 200 in 33ms (next.js: 26ms, application-code: 7ms)
 GET / 200 in 33ms (next.js: 19ms, application-code: 14ms)
 GET / 200 in 46ms (next.js: 597µs, application-code: 45ms)
 GET / 200 in 34ms (next.js: 8ms, application-code: 26ms)
 GET / 200 in 34ms (next.js: 1048µs, application-code: 33ms)
 GET / 200 in 34ms (next.js: 15ms, application-code: 19ms)
 GET / 200 in 34ms (next.js: 20ms, application-code: 14ms)
 GET / 200 in 34ms (next.js: 27ms, application-code: 7ms)
 GET / 200 in 23ms (next.js: 570µs, application-code: 23ms)
 GET / 200 in 16ms (next.js: 7ms, application-code: 9ms)
 GET / 200 in 16ms (next.js: 746µs, application-code: 16ms)
✓ Compiled in 101ms
✓ Compiled in 432ms
 GET /vendor-dashboard/catalog 200 in 163ms (next.js: 24ms, application-code: 139ms)
 GET /vendor-dashboard/catalog 200 in 15ms (next.js: 1992µs, application-code: 13ms)
 GET /vendor-dashboard/catalog 200 in 517ms (next.js: 255ms, application-code: 262ms)
 GET /vendor-dashboard/catalog 200 in 47ms (next.js: 17ms, application-code: 30ms)
 GET /vendor-dashboard/catalog 200 in 265ms (next.js: 51ms, application-code: 215ms)
 GET /vendor-dashboard/catalog 200 in 115ms (next.js: 1571µs, application-code: 113ms)
 GET /icon-192x192.png 404 in 48ms (next.js: 7ms, application-code: 41ms)
 GET /icon-192x192.png 404 in 17ms (next.js: 924µs, application-code: 16ms)
✓ Compiled in 146ms
 GET /vendor-dashboard/catalog 200 in 81ms (next.js: 25ms, application-code: 57ms)
 GET /vendor-dashboard/catalog 200 in 45ms (next.js: 763µs, application-code: 44ms)
 GET /vendor-dashboard/catalog 200 in 46ms (next.js: 763µs, application-code: 45ms)
 GET /vendor-dashboard/catalog 200 in 50ms (next.js: 644µs, application-code: 49ms)
 GET /vendor-dashboard/catalog 200 in 53ms (next.js: 1124µs, application-code: 52ms)
 GET /vendor-dashboard/catalog 200 in 63ms (next.js: 659µs, application-code: 63ms)
 GET /vendor-dashboard/catalog 200 in 65ms (next.js: 972µs, application-code: 64ms)
 GET /vendor-dashboard/catalog 200 in 64ms (next.js: 1229µs, application-code: 63ms)
 GET /vendor-dashboard/catalog 200 in 63ms (next.js: 1993µs, application-code: 61ms)
 GET /vendor-dashboard/catalog 200 in 60ms (next.js: 1115µs, application-code: 59ms)
 GET /vendor-dashboard/catalog 200 in 52ms (next.js: 1576µs, application-code: 50ms)
 GET /vendor-dashboard/catalog 200 in 51ms (next.js: 1447µs, application-code: 50ms)
 GET /vendor-dashboard/catalog 200 in 52ms (next.js: 1045µs, application-code: 51ms)
 GET /vendor-dashboard/catalog 200 in 55ms (next.js: 994µs, application-code: 54ms)
 GET /vendor-dashboard/catalog 200 in 55ms (next.js: 978µs, application-code: 54ms)
 GET /vendor-dashboard/catalog 200 in 57ms (next.js: 821µs, application-code: 56ms)
 GET /vendor-dashboard/catalog 200 in 63ms (next.js: 1066µs, application-code: 62ms)
 GET /vendor-dashboard/catalog 200 in 65ms (next.js: 1058µs, application-code: 64ms)
 GET /vendor-dashboard/catalog 200 in 63ms (next.js: 1074µs, application-code: 62ms)
 GET /vendor-dashboard/catalog 200 in 62ms (next.js: 1080µs, application-code: 61ms)
 GET /vendor-dashboard/catalog 200 in 61ms (next.js: 1082µs, application-code: 60ms)
 GET /vendor-dashboard/catalog 200 in 58ms (next.js: 1085µs, application-code: 57ms)
 GET /vendor-dashboard/catalog 200 in 55ms (next.js: 1160µs, application-code: 54ms)
 GET /vendor-dashboard/catalog 200 in 55ms (next.js: 1014µs, application-code: 54ms)
 GET /vendor-dashboard/catalog 200 in 57ms (next.js: 1332µs, application-code: 56ms)
 GET /vendor-dashboard/catalog 200 in 48ms (next.js: 1226µs, application-code: 47ms)
 GET /vendor-dashboard/catalog 200 in 55ms (next.js: 1133µs, application-code: 53ms)
 GET /vendor-dashboard/catalog 200 in 60ms (next.js: 1057µs, application-code: 59ms)
 GET /vendor-dashboard/catalog 200 in 61ms (next.js: 1555µs, application-code: 59ms)
 GET /vendor-dashboard/catalog 200 in 61ms (next.js: 1435µs, application-code: 60ms)
 GET /vendor-dashboard/catalog 200 in 51ms (next.js: 952µs, application-code: 50ms)
 GET /vendor-dashboard/catalog 200 in 42ms (next.js: 1092µs, application-code: 40ms)
 GET /vendor-dashboard/catalog 200 in 26ms (next.js: 1322µs, application-code: 24ms)
 GET /vendor-dashboard/catalog 200 in 15ms (next.js: 1044µs, application-code: 14ms)
 GET /icon-192x192.png 404 in 63ms (next.js: 7ms, application-code: 57ms)
 GET /icon-192x192.png 404 in 16ms (next.js: 1163µs, application-code: 15ms)
 GET /vendor-dashboard 200 in 81ms (next.js: 43ms, application-code: 38ms)
 GET /icon-192x192.png 404 in 35ms (next.js: 5ms, application-code: 30ms)
 GET /vendor-dashboard/catalog 200 in 35ms (next.js: 7ms, application-code: 27ms)
 GET /icon-192x192.png 404 in 114ms (next.js: 4ms, application-code: 109ms)
 GET /vendor-dashboard/settings 200 in 435ms (next.js: 424ms, application-code: 12ms)
 GET /icon-192x192.png 404 in 20ms (next.js: 2ms, application-code: 18ms)
 GET /vendor-dashboard 200 in 27ms (next.js: 9ms, application-code: 18ms)
 GET /icon-192x192.png 404 in 25ms (next.js: 2ms, application-code: 23ms)
 GET /vendor-dashboard/settings 200 in 21ms (next.js: 3ms, application-code: 18ms)
 GET /icon-192x192.png 404 in 27ms (next.js: 2ms, application-code: 24ms)
 GET /explore 200 in 50ms (next.js: 31ms, application-code: 19ms)
 GET /icon-192x192.png 404 in 23ms (next.js: 1579µs, application-code: 21ms)
 GET / 200 in 53ms (next.js: 36ms, application-code: 17ms)
 GET /icon-192x192.png 404 in 22ms (next.js: 1565µs, application-code: 20ms)
 GET /explore 200 in 35ms (next.js: 4ms, application-code: 32ms)
 GET /icon-192x192.png 404 in 26ms (next.js: 3ms, application-code: 22ms)
✓ Compiled in 241ms
 GET /explore 200 in 288ms (next.js: 101ms, application-code: 187ms)
 GET /vendor-dashboard/catalog 200 in 286ms (next.js: 170ms, application-code: 116ms)
 GET / 200 in 126ms (next.js: 9ms, application-code: 117ms)
 GET / 200 in 96ms (next.js: 1007µs, application-code: 95ms)
 GET / 200 in 170ms (next.js: 24ms, application-code: 146ms)
 GET / 200 in 139ms (next.js: 13ms, application-code: 126ms)
 GET / 200 in 148ms (next.js: 10ms, application-code: 138ms)
 GET / 200 in 180ms (next.js: 19ms, application-code: 161ms)
 GET /explore 200 in 181ms (next.js: 1754µs, application-code: 180ms)
 GET /vendor-dashboard/catalog 200 in 367ms (next.js: 8ms, application-code: 359ms)
 GET /explore 200 in 337ms (next.js: 1890µs, application-code: 335ms)
 GET /explore 200 in 289ms (next.js: 1777µs, application-code: 287ms)
 GET /vendor-dashboard/catalog 200 in 288ms (next.js: 24ms, application-code: 264ms)
 GET /vendor-dashboard/catalog 200 in 243ms (next.js: 20ms, application-code: 223ms)
 GET / 200 in 245ms (next.js: 4ms, application-code: 240ms)
 GET /icon-192x192.png 404 in 72ms (next.js: 29ms, application-code: 43ms)
 GET /icon-192x192.png 404 in 19ms (next.js: 2ms, application-code: 16ms)
 GET / 200 in 51ms (next.js: 7ms, application-code: 44ms)
✓ Compiled in 82ms
 GET /explore 200 in 207ms (next.js: 50ms, application-code: 158ms)
 GET /vendor-dashboard/catalog 200 in 108ms (next.js: 6ms, application-code: 102ms)
 GET / 200 in 89ms (next.js: 8ms, application-code: 81ms)
 GET / 200 in 89ms (next.js: 20ms, application-code: 68ms)
 GET / 200 in 70ms (next.js: 9ms, application-code: 61ms)
 GET / 200 in 62ms (next.js: 9ms, application-code: 52ms)
 GET /explore 200 in 62ms (next.js: 8ms, application-code: 54ms)
 GET /vendor-dashboard/catalog 200 in 47ms (next.js: 888µs, application-code: 46ms)
 GET /explore 200 in 38ms (next.js: 873µs, application-code: 37ms)
 GET /vendor-dashboard/catalog 200 in 27ms (next.js: 890µs, application-code: 27ms)
 GET /explore 200 in 18ms (next.js: 1008µs, application-code: 17ms)
 GET /vendor-dashboard/catalog 200 in 17ms (next.js: 8ms, application-code: 9ms)
 GET /icon-192x192.png 404 in 83ms (next.js: 15ms, application-code: 68ms)
 GET /icon-192x192.png 404 in 16ms (next.js: 984µs, application-code: 15ms)
 GET /explore 200 in 91ms (next.js: 14ms, application-code: 77ms)
 GET /icon-192x192.png 404 in 23ms (next.js: 2ms, application-code: 21ms)
 GET /vendor-dashboard 200 in 138ms (next.js: 29ms, application-code: 109ms)
 GET /icon-192x192.png 404 in 31ms (next.js: 3ms, application-code: 29ms)
 GET /vendor-dashboard/catalog 200 in 31ms (next.js: 6ms, application-code: 25ms)
 GET /icon-192x192.png 404 in 29ms (next.js: 3ms, application-code: 26ms)
 GET /explore 200 in 41ms (next.js: 7ms, application-code: 34ms)
 GET /icon-192x192.png 404 in 37ms (next.js: 6ms, application-code: 30ms)
 GET / 200 in 30ms (next.js: 6ms, application-code: 25ms)
 GET /icon-192x192.png 404 in 28ms (next.js: 2ms, application-code: 25ms)
✓ Compiled in 317ms
 GET / 200 in 356ms (next.js: 97ms, application-code: 259ms)
 GET /vendor-dashboard/catalog 200 in 369ms (next.js: 165ms, application-code: 204ms)
 GET /vendor-dashboard/catalog 200 in 17ms (next.js: 1503µs, application-code: 15ms)
 GET / 200 in 39ms (next.js: 2ms, application-code: 37ms)
 GET / 200 in 197ms (next.js: 1474µs, application-code: 195ms)
 GET /vendor-dashboard/catalog 200 in 196ms (next.js: 90ms, application-code: 107ms)
 GET /icon-192x192.png 404 in 331ms (next.js: 18ms, application-code: 313ms)
 GET /icon-192x192.png 404 in 115ms (next.js: 90ms, application-code: 26ms)
 GET /login 200 in 15ms (next.js: 3ms, application-code: 12ms)
 GET /login 200 in 97ms (next.js: 27ms, application-code: 70ms)
 GET /icon-192x192.png 404 in 33ms (next.js: 2ms, application-code: 30ms)
✓ Compiled in 320ms
 GET / 200 in 134ms (next.js: 95ms, application-code: 39ms)
 GET /login 200 in 158ms (next.js: 55ms, application-code: 103ms)
 GET / 200 in 40ms (next.js: 2ms, application-code: 38ms)
 GET /login 200 in 53ms (next.js: 983µs, application-code: 52ms)
 GET / 200 in 16ms (next.js: 1514µs, application-code: 15ms)
 GET /login 200 in 28ms (next.js: 1652µs, application-code: 26ms)
 GET /icon-192x192.png 404 in 96ms (next.js: 13ms, application-code: 83ms)
✓ Compiled in 133ms
 GET / 200 in 380ms (next.js: 113ms, application-code: 267ms)
 GET /login 200 in 129ms (next.js: 13ms, application-code: 116ms)
 GET /login 200 in 103ms (next.js: 1143µs, application-code: 102ms)
 GET /login 200 in 53ms (next.js: 3ms, application-code: 50ms)
 GET /icon-192x192.png 404 in 143ms (next.js: 20ms, application-code: 123ms)
 GET /icon-192x192.png 404 in 24ms (next.js: 1649µs, application-code: 23ms)
✓ Compiled in 88ms
 GET / 200 in 149ms (next.js: 38ms, application-code: 111ms)
 GET /login 200 in 34ms (next.js: 8ms, application-code: 26ms)
 GET /login 200 in 12ms (next.js: 815µs, application-code: 11ms)
 GET /login 200 in 38ms (next.js: 681µs, application-code: 37ms)
 GET /login 200 in 29ms (next.js: 2ms, application-code: 27ms)
 GET /icon-192x192.png 404 in 37ms (next.js: 10ms, application-code: 27ms)
 GET /icon-192x192.png 404 in 17ms (next.js: 1068µs, application-code: 16ms)
✓ Compiled in 99ms
 GET /login 200 in 311ms (next.js: 224ms, application-code: 87ms)
 GET / 200 in 313ms (next.js: 59ms, application-code: 254ms)
 GET /login 200 in 47ms (next.js: 1081µs, application-code: 46ms)
 GET /login 200 in 36ms (next.js: 1095µs, application-code: 34ms)
 GET /login 200 in 22ms (next.js: 1796µs, application-code: 20ms)
 GET /icon-192x192.png 404 in 40ms (next.js: 12ms, application-code: 28ms)
 GET /icon-192x192.png 404 in 16ms (next.js: 1022µs, application-code: 15ms)
✓ Compiled in 139ms
 GET / 200 in 341ms (next.js: 70ms, application-code: 271ms)
 GET /login 200 in 49ms (next.js: 12ms, application-code: 37ms)
 GET /login 200 in 21ms (next.js: 765µs, application-code: 20ms)
 GET /login 200 in 25ms (next.js: 804µs, application-code: 24ms)
 GET /login 200 in 14ms (next.js: 1817µs, application-code: 12ms)
 GET /icon-192x192.png 404 in 41ms (next.js: 16ms, application-code: 25ms)
 GET /icon-192x192.png 404 in 17ms (next.js: 1169µs, application-code: 16ms)
 GET / 200 in 97ms (next.js: 3ms, application-code: 94ms)
 GET / 200 in 54ms (next.js: 1650µs, application-code: 52ms)
 GET / 200 in 53ms (next.js: 15ms, application-code: 38ms)
 GET / 200 in 40ms (next.js: 13ms, application-code: 27ms)
 GET / 200 in 28ms (next.js: 11ms, application-code: 17ms)
 GET / 200 in 19ms (next.js: 10ms, application-code: 9ms)
 GET / 200 in 59ms (next.js: 720µs, application-code: 58ms)
 GET / 200 in 50ms (next.js: 9ms, application-code: 41ms)
 GET / 200 in 50ms (next.js: 25ms, application-code: 25ms)
 GET / 200 in 50ms (next.js: 17ms, application-code: 33ms)
 GET / 200 in 51ms (next.js: 1119µs, application-code: 49ms)
 GET / 200 in 50ms (next.js: 41ms, application-code: 9ms)
 GET / 200 in 10ms (next.js: 880µs, application-code: 9ms)
 GET / 200 in 14ms (next.js: 580µs, application-code: 13ms)
✓ Compiled in 72ms
✓ Compiled in 54ms
✓ Compiled in 208ms
 GET / 200 in 283ms (next.js: 77ms, application-code: 206ms)
 GET /login 200 in 298ms (next.js: 192ms, application-code: 106ms)
 GET / 200 in 69ms (next.js: 24ms, application-code: 45ms)
 GET /login 200 in 88ms (next.js: 8ms, application-code: 80ms)
 GET / 200 in 38ms (next.js: 2ms, application-code: 36ms)
 GET /login 200 in 54ms (next.js: 1305µs, application-code: 53ms)
 GET / 200 in 24ms (next.js: 11ms, application-code: 13ms)
 GET /login 200 in 25ms (next.js: 1341µs, application-code: 24ms)
 GET /icon-192x192.png 404 in 137ms (next.js: 35ms, application-code: 102ms)
 GET /icon-192x192.png 404 in 23ms (next.js: 1280µs, application-code: 22ms)
 GET / 200 in 172ms (next.js: 39ms, application-code: 134ms)
 GET /icon-192x192.png 404 in 33ms (next.js: 8ms, application-code: 25ms)
 GET /login 200 in 39ms (next.js: 9ms, application-code: 30ms)
 GET /icon-192x192.png 404 in 158ms (next.js: 2ms, application-code: 156ms)
 GET /profile 200 in 76ms (next.js: 39ms, application-code: 37ms)
 GET /profile 200 in 13ms (next.js: 2ms, application-code: 11ms)
 GET /icon-192x192.png 404 in 28ms (next.js: 6ms, application-code: 23ms)
 GET /vendor/register 200 in 47ms (next.js: 29ms, application-code: 19ms)
 GET /icon-192x192.png 404 in 23ms (next.js: 1351µs, application-code: 22ms)
 GET / 200 in 35ms (next.js: 6ms, application-code: 29ms)
 GET /icon-192x192.png 404 in 43ms (next.js: 12ms, application-code: 31ms)
 GET /profile 200 in 28ms (next.js: 6ms, application-code: 22ms)
 GET /icon-192x192.png 404 in 30ms (next.js: 6ms, application-code: 24ms)
 GET /profile 200 in 266ms (next.js: 150ms, application-code: 116ms)
 GET /login 200 in 270ms (next.js: 208ms, application-code: 62ms)
 GET /profile 200 in 42ms (next.js: 968µs, application-code: 41ms)
 GET /login 200 in 42ms (next.js: 9ms, application-code: 34ms)
 GET /profile 200 in 23ms (next.js: 1326µs, application-code: 22ms)
 GET /login 200 in 23ms (next.js: 9ms, application-code: 14ms)
 GET /icon-192x192.png 404 in 130ms (next.js: 30ms, application-code: 100ms)
 GET /icon-192x192.png 404 in 18ms (next.js: 1339µs, application-code: 17ms)
✓ Compiled in 133ms
 GET /profile 200 in 81ms (next.js: 24ms, application-code: 57ms)
 GET /icon-192x192.png 404 in 47ms (next.js: 5ms, application-code: 42ms)
 GET / 200 in 68ms (next.js: 51ms, application-code: 17ms)
 GET /profile 200 in 33ms (next.js: 6ms, application-code: 27ms)
 GET /icon-192x192.png 404 in 55ms (next.js: 8ms, application-code: 47ms)
✓ Compiled in 298ms
✓ Compiled in 253ms
 GET /profile 200 in 494ms (next.js: 67ms, application-code: 427ms)
 GET /login 200 in 493ms (next.js: 116ms, application-code: 376ms)
 GET /profile 200 in 310ms (next.js: 25ms, application-code: 285ms)
 GET /profile 200 in 38ms (next.js: 3ms, application-code: 35ms)
 GET /login 200 in 201ms (next.js: 2ms, application-code: 198ms)
 GET /login 200 in 50ms (next.js: 954µs, application-code: 49ms)
 GET /profile 200 in 69ms (next.js: 876µs, application-code: 68ms)
 GET /profile 200 in 59ms (next.js: 13ms, application-code: 46ms)
 GET /login 200 in 77ms (next.js: 1000µs, application-code: 76ms)
 GET /profile 200 in 68ms (next.js: 10ms, application-code: 57ms)
 GET /login 200 in 83ms (next.js: 1108µs, application-code: 82ms)
 GET /login 200 in 77ms (next.js: 1261µs, application-code: 76ms)
 GET /profile 200 in 84ms (next.js: 1964µs, application-code: 82ms)
 GET /profile 200 in 51ms (next.js: 1266µs, application-code: 50ms)
 GET /login 200 in 71ms (next.js: 3ms, application-code: 69ms)
 GET /login 200 in 39ms (next.js: 1975µs, application-code: 37ms)
 GET /profile 200 in 27ms (next.js: 1735µs, application-code: 26ms)
 GET /login 200 in 18ms (next.js: 2ms, application-code: 15ms)
 GET /icon-192x192.png 404 in 172ms (next.js: 26ms, application-code: 146ms)
 GET /icon-192x192.png 404 in 30ms (next.js: 3ms, application-code: 27ms)
✓ Compiled in 155ms
 GET /profile 200 in 165ms (next.js: 48ms, application-code: 118ms)
 GET /profile 200 in 42ms (next.js: 897µs, application-code: 41ms)
 GET /login 200 in 166ms (next.js: 100ms, application-code: 66ms)
 GET /profile 200 in 23ms (next.js: 885µs, application-code: 22ms)
 GET /login 200 in 33ms (next.js: 1067µs, application-code: 32ms)
 GET /login 200 in 12ms (next.js: 824µs, application-code: 11ms)
 GET /icon-192x192.png 404 in 103ms (next.js: 17ms, application-code: 86ms)
 GET /icon-192x192.png 404 in 24ms (next.js: 1795µs, application-code: 22ms)
 GET / 200 in 67ms (next.js: 28ms, application-code: 39ms)
 GET / 200 in 16ms (next.js: 1457µs, application-code: 15ms)
 GET / 200 in 23ms (next.js: 1355µs, application-code: 22ms)
 GET / 200 in 23ms (next.js: 12ms, application-code: 11ms)
 GET / 200 in 77ms (next.js: 2ms, application-code: 75ms)
 GET / 200 in 60ms (next.js: 2ms, application-code: 58ms)
 GET / 200 in 60ms (next.js: 21ms, application-code: 39ms)
 GET / 200 in 60ms (next.js: 30ms, application-code: 30ms)
 GET / 200 in 22ms (next.js: 9ms, application-code: 13ms)
 GET / 200 in 43ms (next.js: 20ms, application-code: 23ms)
 GET / 200 in 22ms (next.js: 1393µs, application-code: 20ms)
 GET / 200 in 22ms (next.js: 12ms, application-code: 10ms)
 GET / 200 in 71ms (next.js: 4ms, application-code: 67ms)
 GET / 200 in 52ms (next.js: 3ms, application-code: 49ms)
 GET / 200 in 51ms (next.js: 21ms, application-code: 30ms)
 GET / 200 in 51ms (next.js: 12ms, application-code: 39ms)
 GET / 200 in 51ms (next.js: 32ms, application-code: 19ms)
 GET / 200 in 11ms (next.js: 1035µs, application-code: 10ms)
 GET / 200 in 17ms (next.js: 1163µs, application-code: 16ms)
 GET /profile 200 in 318ms (next.js: 93ms, application-code: 225ms)
 GET /login 200 in 616ms (next.js: 88ms, application-code: 528ms)
 GET /profile 200 in 76ms (next.js: 1036µs, application-code: 75ms)
 GET /login 200 in 95ms (next.js: 1194µs, application-code: 93ms)
 GET /login 200 in 55ms (next.js: 4ms, application-code: 51ms)
 GET /profile 200 in 20ms (next.js: 1258µs, application-code: 19ms)
 GET /icon-192x192.png 404 in 122ms (next.js: 15ms, application-code: 107ms)
 GET /icon-192x192.png 404 in 17ms (next.js: 1223µs, application-code: 16ms)
✓ Compiled in 126ms
✓ Compiled in 55ms
 GET /profile 200 in 99ms (next.js: 11ms, application-code: 89ms)
 GET /icon-192x192.png 404 in 20ms (next.js: 3ms, application-code: 17ms)
 GET /profile 200 in 46ms (next.js: 6ms, application-code: 40ms)
 GET /icon-192x192.png 404 in 42ms (next.js: 6ms, application-code: 36ms)
 GET /explore 200 in 60ms (next.js: 39ms, application-code: 21ms)
 GET /icon-192x192.png 404 in 61ms (next.js: 17ms, application-code: 43ms)
✓ Compiled in 269ms
✓ Compiled in 130ms
 GET /explore 200 in 321ms (next.js: 133ms, application-code: 188ms)
 GET /explore 200 in 58ms (next.js: 1143µs, application-code: 56ms)
 GET /login 200 in 337ms (next.js: 236ms, application-code: 102ms)
 GET /login 200 in 89ms (next.js: 12ms, application-code: 77ms)
 GET /explore 200 in 67ms (next.js: 2ms, application-code: 64ms)
 GET /login 200 in 68ms (next.js: 11ms, application-code: 56ms)
 GET /explore 200 in 36ms (next.js: 3ms, application-code: 33ms)
 GET /login 200 in 17ms (next.js: 3ms, application-code: 14ms)
 GET /icon-192x192.png 404 in 411ms (next.js: 15ms, application-code: 396ms)
 GET /icon-192x192.png 404 in 243ms (next.js: 3ms, application-code: 240ms)
 GET /explore 200 in 244ms (next.js: 97ms, application-code: 147ms)
 GET /explore 200 in 48ms (next.js: 914µs, application-code: 47ms)
 GET /login 200 in 247ms (next.js: 173ms, application-code: 74ms)
 GET /login 200 in 48ms (next.js: 9ms, application-code: 39ms)
 GET /explore 200 in 31ms (next.js: 819µs, application-code: 30ms)
 GET /login 200 in 31ms (next.js: 10ms, application-code: 21ms)
 GET /explore 200 in 10ms (next.js: 1054µs, application-code: 9ms)
 GET /explore 200 in 71ms (next.js: 15ms, application-code: 57ms)
 GET /login 200 in 74ms (next.js: 1022µs, application-code: 73ms)
 GET /explore 200 in 64ms (next.js: 11ms, application-code: 53ms)
 GET /login 200 in 66ms (next.js: 920µs, application-code: 65ms)
 GET /explore 200 in 68ms (next.js: 12ms, application-code: 55ms)
 GET /login 200 in 84ms (next.js: 1202µs, application-code: 83ms)
 GET /login 200 in 86ms (next.js: 1807µs, application-code: 84ms)
 GET /explore 200 in 72ms (next.js: 2ms, application-code: 70ms)
 GET /login 200 in 102ms (next.js: 12ms, application-code: 91ms)
 GET /explore 200 in 78ms (next.js: 1543µs, application-code: 76ms)
 GET /login 200 in 91ms (next.js: 2ms, application-code: 89ms)
 GET /explore 200 in 77ms (next.js: 1653µs, application-code: 76ms)
 GET /explore 200 in 70ms (next.js: 16ms, application-code: 55ms)
 GET /login 200 in 81ms (next.js: 3ms, application-code: 78ms)
 GET /explore 200 in 57ms (next.js: 13ms, application-code: 44ms)
 GET /login 200 in 58ms (next.js: 3ms, application-code: 56ms)
 GET /login 200 in 63ms (next.js: 799µs, application-code: 62ms)
 GET /explore 200 in 51ms (next.js: 1557µs, application-code: 49ms)
 GET /explore 200 in 56ms (next.js: 995µs, application-code: 55ms)
 GET /login 200 in 66ms (next.js: 875µs, application-code: 65ms)
 GET /explore 200 in 59ms (next.js: 12ms, application-code: 46ms)
 GET /login 200 in 69ms (next.js: 737µs, application-code: 68ms)
 GET /explore 200 in 68ms (next.js: 14ms, application-code: 55ms)
 GET /login 200 in 70ms (next.js: 1744µs, application-code: 69ms)
 GET /explore 200 in 66ms (next.js: 11ms, application-code: 55ms)
 GET /login 200 in 69ms (next.js: 922µs, application-code: 68ms)
 GET /explore 200 in 48ms (next.js: 1009µs, application-code: 47ms)
 GET /login 200 in 72ms (next.js: 1604µs, application-code: 70ms)
 GET /explore 200 in 71ms (next.js: 11ms, application-code: 60ms)
 GET /login 200 in 72ms (next.js: 1409µs, application-code: 71ms)
 GET /explore 200 in 38ms (next.js: 1509µs, application-code: 36ms)
 GET /login 200 in 50ms (next.js: 1624µs, application-code: 48ms)
 GET /explore 200 in 26ms (next.js: 13ms, application-code: 13ms)
 GET /login 200 in 27ms (next.js: 1243µs, application-code: 26ms)
 GET /explore 200 in 437ms (next.js: 11ms, application-code: 427ms)
 GET /login 200 in 438ms (next.js: 836µs, application-code: 437ms)
 GET /explore 200 in 411ms (next.js: 857µs, application-code: 410ms)
 GET /login 200 in 421ms (next.js: 754µs, application-code: 420ms)
 GET /explore 200 in 352ms (next.js: 36ms, application-code: 316ms)
 GET /login 200 in 414ms (next.js: 2ms, application-code: 411ms)
 GET / 200 in 67ms (next.js: 33ms, application-code: 34ms)
 GET / 200 in 68ms (next.js: 24ms, application-code: 45ms)
 GET / 200 in 93ms (next.js: 32ms, application-code: 62ms)
 GET / 200 in 102ms (next.js: 19ms, application-code: 83ms)
 GET / 200 in 102ms (next.js: 12ms, application-code: 91ms)
 GET /login 200 in 121ms (next.js: 930µs, application-code: 120ms)
 GET /explore 200 in 104ms (next.js: 3ms, application-code: 102ms)
 GET / 200 in 70ms (next.js: 8ms, application-code: 62ms)
 GET / 200 in 70ms (next.js: 1037µs, application-code: 69ms)
 GET /login 200 in 114ms (next.js: 26ms, application-code: 88ms)
 GET /explore 200 in 105ms (next.js: 18ms, application-code: 88ms)
 GET / 200 in 71ms (next.js: 1097µs, application-code: 70ms)
 GET /explore 200 in 98ms (next.js: 12ms, application-code: 85ms)
 GET /login 200 in 134ms (next.js: 25ms, application-code: 108ms)
 GET / 200 in 116ms (next.js: 1528µs, application-code: 114ms)
 GET / 200 in 105ms (next.js: 2ms, application-code: 103ms)
 GET / 200 in 104ms (next.js: 9ms, application-code: 95ms)
 GET /explore 200 in 104ms (next.js: 27ms, application-code: 77ms)
 GET / 200 in 68ms (next.js: 8ms, application-code: 60ms)
 GET / 200 in 69ms (next.js: 1246µs, application-code: 67ms)
 GET /login 200 in 105ms (next.js: 18ms, application-code: 87ms)
 GET / 200 in 41ms (next.js: 9ms, application-code: 32ms)
 GET /explore 200 in 52ms (next.js: 12ms, application-code: 41ms)
 GET /login 200 in 69ms (next.js: 17ms, application-code: 51ms)
 GET /explore 200 in 25ms (next.js: 16ms, application-code: 9ms)
 GET /login 200 in 35ms (next.js: 7ms, application-code: 27ms)
 GET / 200 in 98ms (next.js: 1472µs, application-code: 97ms)
 GET / 200 in 80ms (next.js: 15ms, application-code: 65ms)
 GET / 200 in 80ms (next.js: 21ms, application-code: 59ms)
 GET / 200 in 80ms (next.js: 26ms, application-code: 54ms)
 GET / 200 in 80ms (next.js: 32ms, application-code: 48ms)
 GET / 200 in 80ms (next.js: 9ms, application-code: 72ms)
 GET /explore 200 in 81ms (next.js: 1602µs, application-code: 79ms)
 GET /login 200 in 99ms (next.js: 9ms, application-code: 90ms)
 GET /explore 200 in 34ms (next.js: 873µs, application-code: 33ms)
 GET /login 200 in 73ms (next.js: 31ms, application-code: 42ms)
 GET /explore 200 in 21ms (next.js: 11ms, application-code: 10ms)
 GET /login 200 in 21ms (next.js: 1136µs, application-code: 20ms)
 GET / 200 in 107ms (next.js: 871µs, application-code: 106ms)
 GET / 200 in 89ms (next.js: 30ms, application-code: 59ms)
 GET / 200 in 89ms (next.js: 38ms, application-code: 51ms)
 GET / 200 in 89ms (next.js: 23ms, application-code: 66ms)
 GET / 200 in 90ms (next.js: 9ms, application-code: 81ms)
 GET / 200 in 90ms (next.js: 16ms, application-code: 74ms)
 GET /explore 200 in 90ms (next.js: 1316µs, application-code: 89ms)
 GET /login 200 in 108ms (next.js: 8ms, application-code: 100ms)
 GET /explore 200 in 30ms (next.js: 940µs, application-code: 29ms)
 GET /login 200 in 90ms (next.js: 51ms, application-code: 39ms)
 GET /explore 200 in 10ms (next.js: 665µs, application-code: 9ms)
 GET /login 200 in 30ms (next.js: 12ms, application-code: 18ms)
 GET / 200 in 130ms (next.js: 2ms, application-code: 128ms)
 GET / 200 in 119ms (next.js: 63ms, application-code: 57ms)
 GET / 200 in 120ms (next.js: 55ms, application-code: 64ms)
 GET / 200 in 120ms (next.js: 32ms, application-code: 89ms)
 GET / 200 in 120ms (next.js: 70ms, application-code: 50ms)
 GET / 200 in 120ms (next.js: 49ms, application-code: 71ms)
 GET /explore 200 in 121ms (next.js: 40ms, application-code: 81ms)
 GET /explore 200 in 43ms (next.js: 9ms, application-code: 34ms)
 GET /login 200 in 121ms (next.js: 1493µs, application-code: 120ms)
 GET /login 200 in 44ms (next.js: 949µs, application-code: 43ms)
 GET /explore 200 in 21ms (next.js: 11ms, application-code: 10ms)
 GET /login 200 in 68ms (next.js: 957µs, application-code: 67ms)
 GET / 200 in 77ms (next.js: 900µs, application-code: 76ms)
 GET / 200 in 69ms (next.js: 10ms, application-code: 59ms)
 GET / 200 in 69ms (next.js: 20ms, application-code: 49ms)
 GET / 200 in 68ms (next.js: 33ms, application-code: 35ms)
 GET / 200 in 69ms (next.js: 28ms, application-code: 40ms)
 GET / 200 in 69ms (next.js: 24ms, application-code: 45ms)
 GET /explore 200 in 69ms (next.js: 15ms, application-code: 54ms)
 GET /login 200 in 70ms (next.js: 1413µs, application-code: 68ms)
 GET /explore 200 in 31ms (next.js: 7ms, application-code: 24ms)
 GET /explore 200 in 18ms (next.js: 6ms, application-code: 12ms)
 GET /login 200 in 31ms (next.js: 896µs, application-code: 30ms)
 GET /login 200 in 18ms (next.js: 862µs, application-code: 18ms)
 GET / 200 in 75ms (next.js: 809µs, application-code: 74ms)
 GET / 200 in 68ms (next.js: 29ms, application-code: 39ms)
 GET / 200 in 68ms (next.js: 12ms, application-code: 56ms)
 GET / 200 in 68ms (next.js: 24ms, application-code: 44ms)
 GET / 200 in 69ms (next.js: 1179µs, application-code: 68ms)
 GET / 200 in 69ms (next.js: 34ms, application-code: 35ms)
 GET /explore 200 in 69ms (next.js: 16ms, application-code: 53ms)
 GET /login 200 in 113ms (next.js: 6ms, application-code: 108ms)
 GET /explore 200 in 74ms (next.js: 7ms, application-code: 67ms)
 GET /explore 200 in 62ms (next.js: 7ms, application-code: 55ms)
 GET /login 200 in 76ms (next.js: 1105µs, application-code: 74ms)
 GET /login 200 in 72ms (next.js: 1147µs, application-code: 71ms)
 GET / 200 in 88ms (next.js: 1604µs, application-code: 86ms)
 GET / 200 in 81ms (next.js: 7ms, application-code: 75ms)
 GET / 200 in 82ms (next.js: 1983µs, application-code: 80ms)
 GET / 200 in 81ms (next.js: 21ms, application-code: 60ms)
 GET / 200 in 81ms (next.js: 26ms, application-code: 55ms)
 GET / 200 in 81ms (next.js: 16ms, application-code: 65ms)
 GET /login 200 in 114ms (next.js: 11ms, application-code: 103ms)
 GET /explore 200 in 77ms (next.js: 1544µs, application-code: 76ms)
 GET /explore 200 in 69ms (next.js: 12ms, application-code: 57ms)
 GET /login 200 in 70ms (next.js: 3ms, application-code: 67ms)
 GET /explore 200 in 50ms (next.js: 8ms, application-code: 42ms)
 GET / 200 in 43ms (next.js: 1529µs, application-code: 41ms)
 GET / 200 in 42ms (next.js: 7ms, application-code: 36ms)
 GET /login 200 in 58ms (next.js: 1288µs, application-code: 57ms)
 GET / 200 in 48ms (next.js: 6ms, application-code: 42ms)
 GET / 200 in 43ms (next.js: 16ms, application-code: 28ms)
 GET / 200 in 44ms (next.js: 6ms, application-code: 38ms)
 GET / 200 in 44ms (next.js: 11ms, application-code: 33ms)
 GET /explore 200 in 50ms (next.js: 927µs, application-code: 49ms)
 GET /login 200 in 58ms (next.js: 769µs, application-code: 57ms)
 GET / 200 in 38ms (next.js: 5ms, application-code: 32ms)
 GET / 200 in 24ms (next.js: 12ms, application-code: 12ms)
 GET / 200 in 38ms (next.js: 1143µs, application-code: 37ms)
 GET /login 200 in 51ms (next.js: 6ms, application-code: 46ms)
 GET /explore 200 in 38ms (next.js: 15ms, application-code: 23ms)
 GET /login 200 in 38ms (next.js: 21ms, application-code: 18ms)
 GET /explore 200 in 8ms (next.js: 726µs, application-code: 7ms)
 GET /explore 200 in 20ms (next.js: 7ms, application-code: 13ms)
 GET /login 200 in 22ms (next.js: 845µs, application-code: 21ms)
 GET /login 200 in 10ms (next.js: 913µs, application-code: 9ms)
 GET /icon-192x192.png 404 in 103ms (next.js: 28ms, application-code: 75ms)
 GET /icon-192x192.png 404 in 43ms (next.js: 6ms, application-code: 37ms)
✓ Compiled in 239ms
✓ Compiled in 33ms
 GET / 200 in 459ms (next.js: 25ms, application-code: 434ms)
 GET /icon-192x192.png 404 in 33ms (next.js: 3ms, application-code: 29ms)
✓ Compiled in 249ms
 GET / 200 in 187ms (next.js: 142ms, application-code: 45ms)
 GET /login 200 in 189ms (next.js: 77ms, application-code: 113ms)
 GET / 200 in 23ms (next.js: 1152µs, application-code: 22ms)
 GET /login 200 in 42ms (next.js: 885µs, application-code: 41ms)
 GET /login 200 in 53ms (next.js: 1000µs, application-code: 52ms)
 GET / 200 in 62ms (next.js: 991µs, application-code: 61ms)
 GET / 200 in 41ms (next.js: 1309µs, application-code: 39ms)
 GET /login 200 in 54ms (next.js: 1066µs, application-code: 53ms)
 GET / 200 in 22ms (next.js: 1299µs, application-code: 20ms)
 GET /login 200 in 32ms (next.js: 1006µs, application-code: 31ms)
 GET /login 200 in 11ms (next.js: 800µs, application-code: 11ms)
 GET / 200 in 77ms (next.js: 913µs, application-code: 76ms)
 GET / 200 in 57ms (next.js: 1067µs, application-code: 56ms)
 GET /login 200 in 94ms (next.js: 10ms, application-code: 85ms)
 GET / 200 in 50ms (next.js: 1717µs, application-code: 49ms)
 GET /login 200 in 73ms (next.js: 10ms, application-code: 63ms)
 GET /login 200 in 53ms (next.js: 15ms, application-code: 38ms)
 GET / 200 in 22ms (next.js: 3ms, application-code: 19ms)
 GET /icon-192x192.png 404 in 108ms (next.js: 23ms, application-code: 85ms)
 GET /icon-192x192.png 404 in 49ms (next.js: 5ms, application-code: 43ms)
 GET / 200 in 158ms (next.js: 33ms, application-code: 125ms)
 GET /icon-192x192.png 404 in 91ms (next.js: 3ms, application-code: 87ms)
 GET / 200 in 64ms (next.js: 4ms, application-code: 60ms)
 GET /icon-192x192.png 404 in 34ms (next.js: 1698µs, application-code: 32ms)
 GET / 200 in 47ms (next.js: 6ms, application-code: 41ms)
 GET /icon-192x192.png 404 in 30ms (next.js: 2ms, application-code: 28ms)
 GET / 200 in 70ms (next.js: 20ms, application-code: 50ms)
 GET /icon-192x192.png 404 in 42ms (next.js: 3ms, application-code: 39ms)
 GET / 200 in 58ms (next.js: 15ms, application-code: 43ms)
 GET /icon-192x192.png 404 in 25ms (next.js: 3ms, application-code: 21ms)
✓ Compiled in 60ms
 GET /profile 200 in 72ms (next.js: 36ms, application-code: 36ms)
 GET /icon-192x192.png 404 in 30ms (next.js: 2ms, application-code: 28ms)
 GET /profile/edit 200 in 44ms (next.js: 22ms, application-code: 22ms)
 GET /icon-192x192.png 404 in 140ms (next.js: 1585µs, application-code: 138ms)
 GET /login 200 in 121ms (next.js: 101ms, application-code: 20ms)
 GET /login 200 in 144ms (next.js: 12ms, application-code: 132ms)
 GET /icon-192x192.png 404 in 25ms (next.js: 4ms, application-code: 21ms)
 GET /login 200 in 105ms (next.js: 17ms, application-code: 89ms)
 GET /icon-192x192.png 404 in 21ms (next.js: 3ms, application-code: 18ms)
 GET /login 200 in 58ms (next.js: 7ms, application-code: 51ms)
 GET /icon-192x192.png 404 in 25ms (next.js: 1433µs, application-code: 24ms)
 GET /login 200 in 81ms (next.js: 21ms, application-code: 60ms)
 GET /icon-192x192.png 404 in 25ms (next.js: 3ms, application-code: 22ms)
 GET /login 200 in 59ms (next.js: 15ms, application-code: 44ms)
 GET /icon-192x192.png 404 in 23ms (next.js: 1252µs, application-code: 22ms)
 GET /login 200 in 97ms (next.js: 3ms, application-code: 94ms)
 GET /icon-192x192.png 404 in 26ms (next.js: 1564µs, application-code: 24ms)
 GET /login 200 in 55ms (next.js: 5ms, application-code: 51ms)
 GET /icon-192x192.png 404 in 22ms (next.js: 1795µs, application-code: 20ms)
 GET /profile 200 in 33ms (next.js: 7ms, application-code: 26ms)
 GET /icon-192x192.png 404 in 29ms (next.js: 3ms, application-code: 26ms)
 GET /onboarding 200 in 523ms (next.js: 514ms, application-code: 9ms)
 GET /vendor-dashboard 200 in 64ms (next.js: 32ms, application-code: 33ms)
 GET /vendor/register 200 in 40ms (next.js: 23ms, application-code: 16ms)
 GET /icon-192x192.png 404 in 23ms (next.js: 3ms, application-code: 20ms)
 GET /icon-192x192.png 404 in 21ms (next.js: 2ms, application-code: 19ms)
 GET /explore 200 in 49ms (next.js: 28ms, application-code: 21ms)
 GET /icon-192x192.png 404 in 31ms (next.js: 3ms, application-code: 28ms)
 GET / 200 in 30ms (next.js: 9ms, application-code: 21ms)
 GET /icon-192x192.png 404 in 27ms (next.js: 5ms, application-code: 23ms)
 GET / 200 in 114ms (next.js: 5ms, application-code: 109ms)
 GET / 200 in 73ms (next.js: 3ms, application-code: 71ms)
 GET / 200 in 73ms (next.js: 16ms, application-code: 56ms)
 GET / 200 in 57ms (next.js: 12ms, application-code: 45ms)
 GET / 200 in 46ms (next.js: 10ms, application-code: 36ms)
 GET / 200 in 37ms (next.js: 16ms, application-code: 21ms)
 GET / 200 in 45ms (next.js: 1127µs, application-code: 44ms)
 GET / 200 in 37ms (next.js: 769µs, application-code: 36ms)
 GET / 200 in 37ms (next.js: 9ms, application-code: 27ms)
 GET /icon-192x192.png 404 in 46ms (next.js: 7ms, application-code: 40ms)
 GET /login 200 in 38ms (next.js: 8ms, application-code: 30ms)
 GET /icon-192x192.png 404 in 39ms (next.js: 9ms, application-code: 30ms)
 GET /login 200 in 115ms (next.js: 3ms, application-code: 112ms)
 GET /icon-192x192.png 404 in 315ms (next.js: 4ms, application-code: 311ms)
 GET /login 200 in 92ms (next.js: 18ms, application-code: 74ms)
 GET /icon-192x192.png 404 in 20ms (next.js: 2ms, application-code: 18ms)
 GET /explore 200 in 31ms (next.js: 7ms, application-code: 24ms)
 GET /icon-192x192.png 404 in 37ms (next.js: 6ms, application-code: 32ms)
 GET /explore 200 in 34ms (next.js: 7ms, application-code: 27ms)
 GET /icon-192x192.png 404 in 39ms (next.js: 2ms, application-code: 37ms)
 GET /explore 200 in 22ms (next.js: 5ms, application-code: 16ms)
 GET /icon-192x192.png 404 in 28ms (next.js: 1985µs, application-code: 26ms)
 GET / 200 in 33ms (next.js: 8ms, application-code: 25ms)
 GET /icon-192x192.png 404 in 30ms (next.js: 5ms, application-code: 25ms)
 GET /login 200 in 20ms (next.js: 5ms, application-code: 16ms)
 GET /icon-192x192.png 404 in 75ms (next.js: 10ms, application-code: 66ms)
 GET /login 200 in 130ms (next.js: 4ms, application-code: 125ms)
 GET /icon-192x192.png 404 in 31ms (next.js: 2ms, application-code: 29ms)
 GET /profile 200 in 59ms (next.js: 17ms, application-code: 42ms)
 GET /profile 200 in 14ms (next.js: 2ms, application-code: 12ms)
 GET /icon-192x192.png 404 in 61ms (next.js: 6ms, application-code: 55ms)
 GET /vendor-dashboard 200 in 53ms (next.js: 7ms, application-code: 46ms)
 GET /vendor/register 200 in 41ms (next.js: 3ms, application-code: 38ms)
 GET /icon-192x192.png 404 in 28ms (next.js: 3ms, application-code: 25ms)
 GET /icon-192x192.png 404 in 21ms (next.js: 1495µs, application-code: 20ms)
 GET /vendor-dashboard 200 in 31ms (next.js: 4ms, application-code: 26ms)
 GET /vendor/register 200 in 53ms (next.js: 3ms, application-code: 51ms)
 GET /icon-192x192.png 404 in 39ms (next.js: 2ms, application-code: 36ms)
 GET /icon-192x192.png 404 in 45ms (next.js: 6ms, application-code: 39ms)
 GET /vendor-dashboard 200 in 32ms (next.js: 3ms, application-code: 29ms)
 GET /vendor/register 200 in 39ms (next.js: 2ms, application-code: 37ms)
 GET /icon-192x192.png 404 in 27ms (next.js: 1809µs, application-code: 25ms)
 GET /icon-192x192.png 404 in 41ms (next.js: 6ms, application-code: 35ms)
 GET / 200 in 36ms (next.js: 6ms, application-code: 30ms)
 GET /icon-192x192.png 404 in 26ms (next.js: 3ms, application-code: 23ms)
 GET /vendor-dashboard 200 in 29ms (next.js: 3ms, application-code: 26ms)
 GET /vendor/register 200 in 18ms (next.js: 3ms, application-code: 15ms)
 GET /icon-192x192.png 404 in 56ms (next.js: 1771µs, application-code: 55ms)
 GET /icon-192x192.png 404 in 18ms (next.js: 1355µs, application-code: 16ms)
 GET /profile 200 in 58ms (next.js: 19ms, application-code: 39ms)
 GET /icon-192x192.png 404 in 39ms (next.js: 7ms, application-code: 32ms)
 GET /vendor-dashboard 200 in 32ms (next.js: 6ms, application-code: 26ms)
 GET /vendor/register 200 in 20ms (next.js: 5ms, application-code: 16ms)
 GET /icon-192x192.png 404 in 27ms (next.js: 3ms, application-code: 24ms)
 GET /icon-192x192.png 404 in 49ms (next.js: 6ms, application-code: 43ms)
 GET /login 200 in 84ms (next.js: 19ms, application-code: 65ms)
 GET /icon-192x192.png 404 in 37ms (next.js: 4ms, application-code: 32ms)
 GET /profile 200 in 35ms (next.js: 8ms, application-code: 27ms)
 GET /profile 200 in 11ms (next.js: 1952µs, application-code: 9ms)
 GET /icon-192x192.png 404 in 26ms (next.js: 3ms, application-code: 22ms)
 GET /vendor-dashboard 200 in 30ms (next.js: 6ms, application-code: 24ms)
 GET /icon-192x192.png 404 in 30ms (next.js: 2ms, application-code: 28ms)
 GET /vendor-dashboard/catalog 200 in 95ms (next.js: 45ms, application-code: 50ms)
 GET /icon-192x192.png 404 in 56ms (next.js: 5ms, application-code: 51ms)
 GET /vendor-dashboard 200 in 36ms (next.js: 7ms, application-code: 29ms)
 GET /icon-192x192.png 404 in 23ms (next.js: 4ms, application-code: 19ms)
 GET /vendor-dashboard 200 in 22ms (next.js: 4ms, application-code: 18ms)
 GET /icon-192x192.png 404 in 35ms (next.js: 3ms, application-code: 32ms)
 GET /login 200 in 76ms (next.js: 7ms, application-code: 70ms)
 GET /login 200 in 37ms (next.js: 1623µs, application-code: 35ms)
 GET /login 200 in 16ms (next.js: 1483µs, application-code: 15ms)
 GET /icon-192x192.png 404 in 27ms (next.js: 3ms, application-code: 25ms)
 GET /profile 200 in 45ms (next.js: 14ms, application-code: 31ms)
 GET /profile 200 in 11ms (next.js: 1347µs, application-code: 9ms)
 GET /icon-192x192.png 404 in 34ms (next.js: 2ms, application-code: 32ms)
 GET /profile/bookings 200 in 72ms (next.js: 40ms, application-code: 31ms)
 GET /icon-192x192.png 404 in 26ms (next.js: 1477µs, application-code: 24ms)
 GET /explore 200 in 31ms (next.js: 6ms, application-code: 25ms)
 GET /icon-192x192.png 404 in 162ms (next.js: 6ms, application-code: 156ms)
 GET / 200 in 36ms (next.js: 7ms, application-code: 30ms)
 GET /icon-192x192.png 404 in 41ms (next.js: 9ms, application-code: 32ms)
 GET /explore 200 in 26ms (next.js: 5ms, application-code: 20ms)
 GET /icon-192x192.png 404 in 32ms (next.js: 5ms, application-code: 28ms)
 GET / 200 in 30ms (next.js: 6ms, application-code: 24ms)
 GET /icon-192x192.png 404 in 33ms (next.js: 3ms, application-code: 30ms)
 GET /explore 200 in 33ms (next.js: 8ms, application-code: 24ms)
 GET /icon-192x192.png 404 in 28ms (next.js: 1771µs, application-code: 27ms)
 GET /profile 200 in 83ms (next.js: 35ms, application-code: 48ms)
 GET /profile 200 in 13ms (next.js: 1754µs, application-code: 11ms)
 GET /icon-192x192.png 404 in 29ms (next.js: 5ms, application-code: 25ms)
 GET / 200 in 21ms (next.js: 4ms, application-code: 17ms)
 GET /icon-192x192.png 404 in 34ms (next.js: 3ms, application-code: 31ms)
 GET /explore 200 in 36ms (next.js: 6ms, application-code: 29ms)
 GET /icon-192x192.png 404 in 38ms (next.js: 5ms, application-code: 32ms)
 GET /profile 200 in 30ms (next.js: 6ms, application-code: 23ms)
 GET /icon-192x192.png 404 in 39ms (next.js: 4ms, application-code: 35ms)
 GET /profile/bookings 200 in 33ms (next.js: 6ms, application-code: 28ms)
 GET /icon-192x192.png 404 in 30ms (next.js: 3ms, application-code: 27ms)
 GET /profile 200 in 28ms (next.js: 4ms, application-code: 25ms)
 GET /icon-192x192.png 404 in 26ms (next.js: 4ms, application-code: 23ms)
 GET / 200 in 25ms (next.js: 5ms, application-code: 19ms)
 GET /icon-192x192.png 404 in 29ms (next.js: 3ms, application-code: 26ms)
 GET /explore 200 in 29ms (next.js: 5ms, application-code: 23ms)
 GET /icon-192x192.png 404 in 28ms (next.js: 2ms, application-code: 25ms)
 GET / 200 in 64ms (next.js: 20ms, application-code: 43ms)
 GET /icon-192x192.png 404 in 35ms (next.js: 6ms, application-code: 30ms)
 GET /explore 200 in 44ms (next.js: 7ms, application-code: 37ms)
 GET /icon-192x192.png 404 in 30ms (next.js: 4ms, application-code: 26ms)
 GET /icon-192x192.png 404 in 42ms (next.js: 4ms, application-code: 38ms)
 GET /profile 200 in 53ms (next.js: 25ms, application-code: 28ms)
 GET /icon-192x192.png 404 in 37ms (next.js: 4ms, application-code: 33ms)
✓ Compiled in 617ms
✓ Compiled in 0ms
 GET /profile 200 in 397ms (next.js: 8ms, application-code: 390ms)
 GET /explore 200 in 293ms (next.js: 70ms, application-code: 223ms)
 GET /profile 200 in 147ms (next.js: 47ms, application-code: 100ms)
 GET /explore 200 in 46ms (next.js: 6ms, application-code: 41ms)
 GET /profile 200 in 50ms (next.js: 1355µs, application-code: 49ms)
 GET /explore 200 in 36ms (next.js: 1996µs, application-code: 34ms)
 GET /profile 200 in 26ms (next.js: 1649µs, application-code: 25ms)
 GET /explore 200 in 16ms (next.js: 1004µs, application-code: 15ms)
 GET /icon-192x192.png 404 in 417ms (next.js: 29ms, application-code: 388ms)
 GET /icon-192x192.png 404 in 177ms (next.js: 15ms, application-code: 162ms)
✓ Compiled in 159ms
✓ Compiled in 9ms
 GET /explore 200 in 378ms (next.js: 41ms, application-code: 337ms)
 GET /profile 200 in 383ms (next.js: 17ms, application-code: 366ms)
 GET /explore 200 in 311ms (next.js: 194ms, application-code: 117ms)
 GET /profile 200 in 313ms (next.js: 153ms, application-code: 161ms)
 GET /profile 200 in 110ms (next.js: 1110µs, application-code: 109ms)
 GET /explore 200 in 99ms (next.js: 1313µs, application-code: 98ms)
 GET /profile 200 in 78ms (next.js: 5ms, application-code: 73ms)
 GET /explore 200 in 76ms (next.js: 21ms, application-code: 55ms)
 GET /profile 200 in 22ms (next.js: 1378µs, application-code: 21ms)
 GET /explore 200 in 22ms (next.js: 11ms, application-code: 11ms)
 GET /icon-192x192.png 404 in 150ms (next.js: 21ms, application-code: 129ms)
 GET /icon-192x192.png 404 in 31ms (next.js: 1237µs, application-code: 30ms)
✓ Compiled in 109ms
 GET /explore 200 in 202ms (next.js: 32ms, application-code: 169ms)
 GET /profile 200 in 130ms (next.js: 7ms, application-code: 123ms)
 GET /explore 200 in 97ms (next.js: 3ms, application-code: 94ms)
 GET /profile 200 in 98ms (next.js: 3ms, application-code: 95ms)
 GET /explore 200 in 84ms (next.js: 1456µs, application-code: 83ms)
 GET /profile 200 in 50ms (next.js: 2ms, application-code: 47ms)
 GET /explore 200 in 25ms (next.js: 2ms, application-code: 23ms)
 GET /profile 200 in 24ms (next.js: 10ms, application-code: 14ms)
 GET /icon-192x192.png 404 in 120ms (next.js: 23ms, application-code: 97ms)
 GET /icon-192x192.png 404 in 20ms (next.js: 1252µs, application-code: 18ms)
 GET / 200 in 109ms (next.js: 35ms, application-code: 74ms)
 GET / 200 in 50ms (next.js: 1865µs, application-code: 48ms)
 GET / 200 in 49ms (next.js: 22ms, application-code: 27ms)
 GET / 200 in 29ms (next.js: 10ms, application-code: 19ms)
 GET / 200 in 11ms (next.js: 1037µs, application-code: 10ms)
 GET / 200 in 75ms (next.js: 5ms, application-code: 70ms)
 GET / 200 in 74ms (next.js: 17ms, application-code: 57ms)
 GET / 200 in 58ms (next.js: 34ms, application-code: 24ms)
 GET / 200 in 74ms (next.js: 28ms, application-code: 46ms)
 GET / 200 in 36ms (next.js: 25ms, application-code: 11ms)
 GET / 200 in 60ms (next.js: 24ms, application-code: 36ms)
 GET / 200 in 22ms (next.js: 1289µs, application-code: 21ms)
 GET / 200 in 22ms (next.js: 9ms, application-code: 13ms)
✓ Compiled in 117ms
✓ Compiled in 206ms
 GET /profile 200 in 532ms (next.js: 75ms, application-code: 457ms)
 GET /explore 200 in 530ms (next.js: 119ms, application-code: 412ms)
 GET /profile 200 in 354ms (next.js: 21ms, application-code: 334ms)
 GET /explore 200 in 33ms (next.js: 1686µs, application-code: 31ms)
 GET /profile 200 in 22ms (next.js: 1314µs, application-code: 21ms)
 GET /explore 200 in 11ms (next.js: 865µs, application-code: 10ms)
 GET /profile 200 in 58ms (next.js: 808µs, application-code: 57ms)
 GET /explore 200 in 59ms (next.js: 9ms, application-code: 50ms)
 GET /profile 200 in 57ms (next.js: 921µs, application-code: 56ms)
 GET /explore 200 in 56ms (next.js: 1241µs, application-code: 55ms)
 GET /profile 200 in 48ms (next.js: 1025µs, application-code: 47ms)
 GET /explore 200 in 48ms (next.js: 1227µs, application-code: 47ms)
 GET /profile 200 in 68ms (next.js: 1088µs, application-code: 67ms)
 GET /explore 200 in 68ms (next.js: 16ms, application-code: 53ms)
 GET /profile 200 in 53ms (next.js: 1663µs, application-code: 52ms)
 GET /explore 200 in 53ms (next.js: 1555µs, application-code: 52ms)
 GET /profile 200 in 53ms (next.js: 13ms, application-code: 40ms)
 GET /explore 200 in 32ms (next.js: 1104µs, application-code: 31ms)
 GET /explore 200 in 21ms (next.js: 9ms, application-code: 11ms)
 GET /profile 200 in 21ms (next.js: 1141µs, application-code: 20ms)
 GET /icon-192x192.png 404 in 197ms (next.js: 100ms, application-code: 98ms)
 GET /icon-192x192.png 404 in 18ms (next.js: 1161µs, application-code: 17ms)
✓ Compiled in 102ms
✓ Compiled in 554ms
 GET /profile 500 in 27ms (next.js: 15ms, application-code: 12ms)
 GET /explore 500 in 26ms (next.js: 22ms, application-code: 4ms)
 GET /profile 500 in 19ms (next.js: 4ms, application-code: 15ms)
 GET /explore 500 in 19ms (next.js: 9ms, application-code: 10ms)
 GET /profile 500 in 19ms (next.js: 6ms, application-code: 13ms)
 GET /explore 500 in 19ms (next.js: 11ms, application-code: 7ms)
 GET /profile 500 in 33ms (next.js: 24ms, application-code: 8ms)
 GET /explore 500 in 32ms (next.js: 15ms, application-code: 17ms)
✓ Compiled in 99ms
✓ Compiled in 137ms
 GET /profile 500 in 24ms (next.js: 12ms, application-code: 13ms)
 GET /explore 500 in 24ms (next.js: 19ms, application-code: 5ms)
 GET /profile 500 in 50ms (next.js: 33ms, application-code: 17ms)
 GET /explore 500 in 46ms (next.js: 40ms, application-code: 6ms)
 GET /profile 500 in 23ms (next.js: 10ms, application-code: 13ms)
 GET /explore 500 in 24ms (next.js: 18ms, application-code: 7ms)
 GET /explore 500 in 40ms (next.js: 14ms, application-code: 26ms)
 GET /profile 500 in 41ms (next.js: 26ms, application-code: 15ms)
 GET /explore 500 in 31ms (next.js: 8ms, application-code: 23ms)
 GET /profile 500 in 33ms (next.js: 18ms, application-code: 15ms)
✓ Compiled in 175ms
 GET /explore 500 in 35ms (next.js: 22ms, application-code: 13ms)
 GET /profile 500 in 34ms (next.js: 29ms, application-code: 4ms)
✓ Compiled in 76ms
 GET /profile 500 in 43ms (next.js: 25ms, application-code: 18ms)
✓ Compiled in 133ms
 GET /profile 200 in 409ms (next.js: 109ms, application-code: 300ms)
 GET /explore 200 in 409ms (next.js: 321ms, application-code: 88ms)
 GET /icon-192x192.png 404 in 68ms (next.js: 24ms, application-code: 44ms)
 GET /icon-192x192.png 404 in 22ms (next.js: 1175µs, application-code: 21ms)
 GET /profile 200 in 57ms (next.js: 11ms, application-code: 47ms)
 GET /icon-192x192.png 404 in 25ms (next.js: 2ms, application-code: 23ms)
 GET /profile 200 in 72ms (next.js: 4ms, application-code: 68ms)
 GET /icon-192x192.png 404 in 22ms (next.js: 2ms, application-code: 20ms)
 GET / 200 in 109ms (next.js: 38ms, application-code: 70ms)
 GET / 200 in 48ms (next.js: 1661µs, application-code: 46ms)
 GET / 200 in 48ms (next.js: 11ms, application-code: 36ms)
 GET / 200 in 38ms (next.js: 10ms, application-code: 27ms)
 GET / 200 in 28ms (next.js: 13ms, application-code: 16ms)
 GET / 200 in 17ms (next.js: 9ms, application-code: 8ms)
 GET / 200 in 39ms (next.js: 833µs, application-code: 38ms)
 GET / 200 in 30ms (next.js: 23ms, application-code: 8ms)
 GET / 200 in 31ms (next.js: 7ms, application-code: 24ms)
 GET / 200 in 31ms (next.js: 1017µs, application-code: 30ms)
 GET / 200 in 31ms (next.js: 16ms, application-code: 15ms)
 GET / 200 in 371ms (next.js: 718µs, application-code: 371ms)
 GET / 200 in 313ms (next.js: 305ms, application-code: 8ms)
 GET / 200 in 325ms (next.js: 304ms, application-code: 21ms)
 GET / 200 in 326ms (next.js: 295ms, application-code: 30ms)
 GET / 200 in 331ms (next.js: 23ms, application-code: 309ms)
 GET / 200 in 32ms (next.js: 532µs, application-code: 32ms)
 GET / 200 in 37ms (next.js: 3ms, application-code: 34ms)
 GET /icon-192x192.png 404 in 22ms (next.js: 1680µs, application-code: 20ms)
 GET /profile 200 in 30ms (next.js: 6ms, application-code: 23ms)
 GET /icon-192x192.png 404 in 37ms (next.js: 6ms, application-code: 31ms)
 GET /profile/saved 200 in 57ms (next.js: 37ms, application-code: 19ms)
 GET /icon-192x192.png 404 in 23ms (next.js: 1425µs, application-code: 22ms)
 GET /explore 200 in 27ms (next.js: 5ms, application-code: 22ms)
 GET /icon-192x192.png 404 in 33ms (next.js: 4ms, application-code: 29ms)
✓ Compiled in 136ms
✓ Compiled in 335ms
 GET /explore 200 in 254ms (next.js: 91ms, application-code: 162ms)
 GET /explore 200 in 66ms (next.js: 2ms, application-code: 64ms)
 GET /explore 200 in 87ms (next.js: 1378µs, application-code: 86ms)
 GET /explore 200 in 66ms (next.js: 1033µs, application-code: 65ms)
 GET /explore 200 in 67ms (next.js: 1338µs, application-code: 66ms)
 GET /explore 200 in 65ms (next.js: 838µs, application-code: 64ms)
 GET /explore 200 in 42ms (next.js: 1401µs, application-code: 41ms)
 GET /explore 200 in 42ms (next.js: 940µs, application-code: 41ms)
 GET /explore 200 in 35ms (next.js: 860µs, application-code: 34ms)
 GET /explore 200 in 35ms (next.js: 857µs, application-code: 34ms)
 GET /explore 200 in 45ms (next.js: 700µs, application-code: 44ms)
 GET /explore 200 in 54ms (next.js: 1446µs, application-code: 53ms)
 GET /explore 200 in 42ms (next.js: 1109µs, application-code: 41ms)
 GET /explore 200 in 34ms (next.js: 1410µs, application-code: 33ms)
 GET /explore 200 in 26ms (next.js: 1068µs, application-code: 25ms)
 GET /explore 200 in 17ms (next.js: 1801µs, application-code: 15ms)
 GET /icon-192x192.png 404 in 150ms (next.js: 29ms, application-code: 121ms)
 GET /icon-192x192.png 404 in 27ms (next.js: 2ms, application-code: 24ms)
 GET /explore 200 in 108ms (next.js: 19ms, application-code: 89ms)
 GET /icon-192x192.png 404 in 25ms (next.js: 3ms, application-code: 21ms)
 GET / 200 in 70ms (next.js: 36ms, application-code: 34ms)
 GET /icon-192x192.png 404 in 22ms (next.js: 2ms, application-code: 20ms)
✓ Compiled in 269ms
 GET / 200 in 594ms (next.js: 141ms, application-code: 453ms)
 GET /explore 200 in 631ms (next.js: 126ms, application-code: 505ms)
 GET / 200 in 458ms (next.js: 59ms, application-code: 399ms)
 GET /explore 200 in 467ms (next.js: 972µs, application-code: 466ms)
 GET /explore 200 in 65ms (next.js: 1140µs, application-code: 64ms)
 GET / 200 in 60ms (next.js: 1812µs, application-code: 58ms)
 GET /explore 200 in 50ms (next.js: 3ms, application-code: 47ms)
 GET / 200 in 38ms (next.js: 1206µs, application-code: 37ms)
 GET /explore 200 in 38ms (next.js: 8ms, application-code: 30ms)
 GET / 200 in 21ms (next.js: 699µs, application-code: 21ms)
 GET /explore 200 in 52ms (next.js: 1175µs, application-code: 51ms)
 GET / 200 in 64ms (next.js: 3ms, application-code: 61ms)
 GET / 200 in 45ms (next.js: 11ms, application-code: 34ms)
 GET /explore 200 in 45ms (next.js: 1245µs, application-code: 44ms)
 GET / 200 in 18ms (next.js: 1280µs, application-code: 17ms)
 GET /explore 200 in 26ms (next.js: 807µs, application-code: 25ms)
 GET /explore 200 in 11ms (next.js: 642µs, application-code: 10ms)
 GET / 200 in 50ms (next.js: 871µs, application-code: 49ms)
 GET /explore 200 in 67ms (next.js: 940µs, application-code: 66ms)
 GET / 200 in 57ms (next.js: 1144µs, application-code: 56ms)
 GET /explore 200 in 58ms (next.js: 8ms, application-code: 50ms)
 GET / 200 in 41ms (next.js: 17ms, application-code: 24ms)
 GET /explore 200 in 41ms (next.js: 1241µs, application-code: 39ms)
 GET / 200 in 14ms (next.js: 2ms, application-code: 12ms)
 GET /icon-192x192.png 404 in 121ms (next.js: 22ms, application-code: 99ms)
 GET /icon-192x192.png 404 in 16ms (next.js: 1172µs, application-code: 15ms)
 GET / 200 in 100ms (next.js: 14ms, application-code: 87ms)
 GET /icon-192x192.png 404 in 24ms (next.js: 2ms, application-code: 21ms)
 GET / 200 in 61ms (next.js: 6ms, application-code: 55ms)
 GET /icon-192x192.png 404 in 24ms (next.js: 2ms, application-code: 22ms)
 GET / 200 in 58ms (next.js: 2ms, application-code: 55ms)
 GET /icon-192x192.png 404 in 23ms (next.js: 3ms, application-code: 20ms)
✓ Compiled in 173ms
 GET /profile 200 in 68ms (next.js: 40ms, application-code: 28ms)
 GET /icon-192x192.png 404 in 44ms (next.js: 9ms, application-code: 35ms)
✓ Compiled in 59ms
✓ Compiled in 45ms
✓ Compiled in 125ms
 GET /explore 200 in 183ms (next.js: 74ms, application-code: 109ms)
 GET /profile 200 in 51ms (next.js: 14ms, application-code: 37ms)
 GET /explore 200 in 25ms (next.js: 1299µs, application-code: 24ms)
 GET /profile 200 in 13ms (next.js: 1059µs, application-code: 12ms)
 GET /icon-192x192.png 404 in 164ms (next.js: 26ms, application-code: 138ms)
 GET /icon-192x192.png 404 in 45ms (next.js: 1185µs, application-code: 44ms)
 GET / 200 in 114ms (next.js: 34ms, application-code: 80ms)
 GET / 200 in 49ms (next.js: 1572µs, application-code: 48ms)
 GET / 200 in 39ms (next.js: 1884µs, application-code: 37ms)
 GET / 200 in 38ms (next.js: 11ms, application-code: 27ms)
 GET / 200 in 28ms (next.js: 10ms, application-code: 18ms)
 GET / 200 in 20ms (next.js: 9ms, application-code: 10ms)
 GET / 200 in 73ms (next.js: 1012µs, application-code: 72ms)
 GET / 200 in 65ms (next.js: 18ms, application-code: 46ms)
 GET / 200 in 38ms (next.js: 18ms, application-code: 20ms)
 GET / 200 in 38ms (next.js: 24ms, application-code: 13ms)
 GET / 200 in 38ms (next.js: 1347µs, application-code: 37ms)
 GET / 200 in 38ms (next.js: 10ms, application-code: 29ms)
 GET / 200 in 30ms (next.js: 846µs, application-code: 29ms)
 GET / 200 in 22ms (next.js: 971µs, application-code: 21ms)
 GET / 200 in 30ms (next.js: 7ms, application-code: 22ms)
 GET / 200 in 24ms (next.js: 8ms, application-code: 16ms)
 GET / 200 in 94ms (next.js: 891µs, application-code: 93ms)
 GET / 200 in 107ms (next.js: 837µs, application-code: 107ms)
 GET / 200 in 113ms (next.js: 8ms, application-code: 105ms)
 GET / 200 in 121ms (next.js: 890µs, application-code: 121ms)
 GET / 200 in 127ms (next.js: 8ms, application-code: 119ms)
 GET / 200 in 132ms (next.js: 14ms, application-code: 118ms)
 GET /explore 200 in 224ms (next.js: 145ms, application-code: 80ms)
 GET /profile 200 in 224ms (next.js: 185ms, application-code: 39ms)
 GET /profile 200 in 28ms (next.js: 630µs, application-code: 27ms)
 GET /explore 200 in 42ms (next.js: 10ms, application-code: 32ms)
 GET /profile 200 in 42ms (next.js: 702µs, application-code: 41ms)
 GET /explore 200 in 49ms (next.js: 981µs, application-code: 48ms)
 GET /profile 200 in 35ms (next.js: 796µs, application-code: 34ms)
 GET /profile 200 in 43ms (next.js: 9ms, application-code: 34ms)
 GET /explore 200 in 44ms (next.js: 780µs, application-code: 43ms)
 GET /explore 200 in 64ms (next.js: 639µs, application-code: 63ms)
 GET /profile 200 in 55ms (next.js: 887µs, application-code: 54ms)
 GET /explore 200 in 46ms (next.js: 956µs, application-code: 45ms)
 GET /profile 200 in 46ms (next.js: 9ms, application-code: 37ms)
 GET /explore 200 in 29ms (next.js: 861µs, application-code: 28ms)
 GET /profile 200 in 29ms (next.js: 11ms, application-code: 18ms)
 GET /explore 200 in 61ms (next.js: 830µs, application-code: 60ms)
 GET /profile 200 in 61ms (next.js: 11ms, application-code: 50ms)
 GET /explore 200 in 40ms (next.js: 925µs, application-code: 39ms)
 GET /profile 200 in 40ms (next.js: 9ms, application-code: 30ms)
 GET /explore 200 in 39ms (next.js: 1110µs, application-code: 38ms)
 GET /profile 200 in 48ms (next.js: 9ms, application-code: 39ms)
 GET /explore 200 in 61ms (next.js: 1581µs, application-code: 59ms)
 GET /profile 200 in 60ms (next.js: 9ms, application-code: 51ms)
 GET /explore 200 in 43ms (next.js: 895µs, application-code: 42ms)
 GET /profile 200 in 43ms (next.js: 9ms, application-code: 34ms)
 GET /explore 200 in 26ms (next.js: 827µs, application-code: 25ms)
 GET /profile 200 in 26ms (next.js: 10ms, application-code: 16ms)
 GET /explore 200 in 62ms (next.js: 1131µs, application-code: 61ms)
 GET /profile 200 in 52ms (next.js: 1552µs, application-code: 51ms)
 GET /explore 200 in 52ms (next.js: 10ms, application-code: 43ms)
 GET /profile 200 in 41ms (next.js: 1062µs, application-code: 39ms)
 GET /explore 200 in 59ms (next.js: 9ms, application-code: 50ms)
 GET /profile 200 in 53ms (next.js: 681µs, application-code: 52ms)
 GET /explore 200 in 68ms (next.js: 1916µs, application-code: 66ms)
 GET /profile 200 in 57ms (next.js: 1681µs, application-code: 55ms)
 GET /explore 200 in 57ms (next.js: 11ms, application-code: 46ms)
 GET /profile 200 in 57ms (next.js: 1113µs, application-code: 56ms)
 GET /explore 200 in 66ms (next.js: 9ms, application-code: 57ms)
 GET /profile 200 in 58ms (next.js: 1104µs, application-code: 57ms)
 GET /explore 200 in 59ms (next.js: 1596µs, application-code: 58ms)
 GET /profile 200 in 48ms (next.js: 912µs, application-code: 47ms)
 GET /explore 200 in 49ms (next.js: 9ms, application-code: 40ms)
 GET /profile 200 in 41ms (next.js: 928µs, application-code: 40ms)
 GET /explore 200 in 49ms (next.js: 1460µs, application-code: 47ms)
 GET /profile 200 in 40ms (next.js: 867µs, application-code: 39ms)
 GET /explore 200 in 60ms (next.js: 1665µs, application-code: 58ms)
 GET /profile 200 in 51ms (next.js: 1471µs, application-code: 49ms)
 GET /explore 200 in 50ms (next.js: 9ms, application-code: 41ms)
 GET /profile 200 in 34ms (next.js: 766µs, application-code: 33ms)
 GET /explore 200 in 23ms (next.js: 1036µs, application-code: 22ms)
 GET /profile 200 in 23ms (next.js: 9ms, application-code: 14ms)
 GET /explore 200 in 53ms (next.js: 1077µs, application-code: 52ms)
 GET /profile 200 in 53ms (next.js: 9ms, application-code: 44ms)
 GET /explore 200 in 38ms (next.js: 739µs, application-code: 38ms)
 GET /profile 200 in 54ms (next.js: 8ms, application-code: 46ms)
 GET /profile 200 in 49ms (next.js: 9ms, application-code: 41ms)
 GET /explore 200 in 50ms (next.js: 767µs, application-code: 50ms)
 GET /explore 200 in 61ms (next.js: 1483µs, application-code: 59ms)
 GET /profile 200 in 61ms (next.js: 9ms, application-code: 52ms)
 GET /explore 200 in 45ms (next.js: 1023µs, application-code: 44ms)
 GET /profile 200 in 62ms (next.js: 10ms, application-code: 52ms)
 GET /explore 200 in 60ms (next.js: 1231µs, application-code: 59ms)
 GET /profile 200 in 60ms (next.js: 8ms, application-code: 52ms)
 GET /profile 200 in 52ms (next.js: 10ms, application-code: 43ms)
 GET /explore 200 in 54ms (next.js: 1466µs, application-code: 52ms)
 GET /profile 200 in 36ms (next.js: 8ms, application-code: 28ms)
 GET /explore 200 in 37ms (next.js: 1174µs, application-code: 36ms)
 GET /explore 200 in 34ms (next.js: 854µs, application-code: 33ms)
 GET /profile 200 in 40ms (next.js: 923µs, application-code: 39ms)
 GET /profile 200 in 45ms (next.js: 8ms, application-code: 38ms)
 GET /explore 200 in 46ms (next.js: 1998µs, application-code: 44ms)
 GET /profile 200 in 33ms (next.js: 9ms, application-code: 25ms)
 GET /explore 200 in 34ms (next.js: 2ms, application-code: 32ms)
 GET /explore 200 in 48ms (next.js: 1416µs, application-code: 46ms)
 GET /profile 200 in 42ms (next.js: 1162µs, application-code: 41ms)
 GET /profile 200 in 46ms (next.js: 7ms, application-code: 39ms)
 GET /explore 200 in 47ms (next.js: 1872µs, application-code: 45ms)
 GET /profile 200 in 43ms (next.js: 7ms, application-code: 36ms)
 GET /explore 200 in 43ms (next.js: 1161µs, application-code: 42ms)
 GET /explore 200 in 43ms (next.js: 1658µs, application-code: 42ms)
 GET /profile 200 in 43ms (next.js: 1076µs, application-code: 42ms)
 GET /explore 200 in 43ms (next.js: 985µs, application-code: 42ms)
 GET /profile 200 in 44ms (next.js: 6ms, application-code: 37ms)
 GET /profile 200 in 38ms (next.js: 7ms, application-code: 31ms)
 GET /explore 200 in 39ms (next.js: 1161µs, application-code: 37ms)
 GET /explore 200 in 39ms (next.js: 867µs, application-code: 38ms)
 GET /profile 200 in 47ms (next.js: 1299µs, application-code: 46ms)
 GET /explore 200 in 51ms (next.js: 990µs, application-code: 50ms)
 GET /profile 200 in 46ms (next.js: 1956µs, application-code: 44ms)
 GET /explore 200 in 38ms (next.js: 1012µs, application-code: 37ms)
 GET /profile 200 in 47ms (next.js: 8ms, application-code: 39ms)
 GET /explore 200 in 48ms (next.js: 939µs, application-code: 47ms)
 GET /profile 200 in 53ms (next.js: 1089µs, application-code: 52ms)
 GET /explore 200 in 47ms (next.js: 1395µs, application-code: 45ms)
 GET /profile 200 in 47ms (next.js: 10ms, application-code: 37ms)
 GET /explore 200 in 39ms (next.js: 1093µs, application-code: 38ms)
 GET /profile 200 in 39ms (next.js: 9ms, application-code: 30ms)
 GET /explore 200 in 37ms (next.js: 877µs, application-code: 37ms)
 GET /profile 200 in 48ms (next.js: 927µs, application-code: 47ms)
 GET /explore 200 in 50ms (next.js: 1158µs, application-code: 49ms)
 GET /profile 200 in 45ms (next.js: 1811µs, application-code: 43ms)
 GET /explore 200 in 46ms (next.js: 923µs, application-code: 45ms)
 GET /profile 200 in 46ms (next.js: 7ms, application-code: 39ms)
 GET /explore 200 in 40ms (next.js: 1089µs, application-code: 39ms)
 GET /profile 200 in 43ms (next.js: 1430µs, application-code: 42ms)
 GET /explore 200 in 33ms (next.js: 1534µs, application-code: 32ms)
 GET /profile 200 in 23ms (next.js: 929µs, application-code: 23ms)
 GET /explore 200 in 15ms (next.js: 1002µs, application-code: 14ms)
✓ Compiled in 3ms
 GET /icon-192x192.png 404 in 101ms (next.js: 21ms, application-code: 80ms)
 GET /icon-192x192.png 404 in 17ms (next.js: 1200µs, application-code: 16ms)
 GET / 200 in 103ms (next.js: 22ms, application-code: 81ms)
 GET / 200 in 103ms (next.js: 50ms, application-code: 53ms)
 GET / 200 in 44ms (next.js: 1027µs, application-code: 43ms)
 GET / 200 in 106ms (next.js: 1330µs, application-code: 105ms)
 GET / 200 in 131ms (next.js: 11ms, application-code: 120ms)
 GET / 200 in 131ms (next.js: 19ms, application-code: 112ms)
 GET /profile/enquiries 200 in 675ms (next.js: 635ms, application-code: 39ms)
 GET / 200 in 443ms (next.js: 1130µs, application-code: 442ms)
 GET / 200 in 340ms (next.js: 42ms, application-code: 298ms)
 GET / 200 in 321ms (next.js: 292ms, application-code: 29ms)
 GET / 200 in 30ms (next.js: 14ms, application-code: 16ms)
 GET / 200 in 31ms (next.js: 8ms, application-code: 23ms)
 GET / 200 in 24ms (next.js: 13ms, application-code: 11ms)
 GET / 200 in 97ms (next.js: 1626µs, application-code: 96ms)
 GET / 200 in 85ms (next.js: 39ms, application-code: 46ms)
 GET / 200 in 86ms (next.js: 9ms, application-code: 77ms)
 GET / 200 in 84ms (next.js: 48ms, application-code: 36ms)
 GET / 200 in 85ms (next.js: 59ms, application-code: 26ms)
 GET / 200 in 22ms (next.js: 3ms, application-code: 19ms)
 GET / 200 in 74ms (next.js: 1531µs, application-code: 72ms)
 GET / 200 in 75ms (next.js: 9ms, application-code: 66ms)
 GET / 200 in 41ms (next.js: 12ms, application-code: 30ms)
 GET / 200 in 41ms (next.js: 21ms, application-code: 20ms)
 GET / 200 in 42ms (next.js: 2ms, application-code: 40ms)
 GET / 200 in 32ms (next.js: 11ms, application-code: 22ms)
 GET /icon-192x192.png 404 in 122ms (next.js: 17ms, application-code: 106ms)
 GET / 200 in 56ms (next.js: 1569µs, application-code: 55ms)
 GET / 200 in 44ms (next.js: 1573µs, application-code: 43ms)
 GET / 200 in 44ms (next.js: 26ms, application-code: 17ms)
 GET / 200 in 45ms (next.js: 18ms, application-code: 27ms)
 GET / 200 in 46ms (next.js: 10ms, application-code: 36ms)
 GET / 200 in 50ms (next.js: 972µs, application-code: 49ms)
 GET / 200 in 55ms (next.js: 1308µs, application-code: 53ms)
 GET / 200 in 54ms (next.js: 9ms, application-code: 45ms)
 GET / 200 in 31ms (next.js: 8ms, application-code: 23ms)
 GET / 200 in 31ms (next.js: 1292µs, application-code: 30ms)
 GET / 200 in 31ms (next.js: 15ms, application-code: 16ms)
 GET / 200 in 9ms (next.js: 630µs, application-code: 9ms)
 GET / 200 in 43ms (next.js: 1231µs, application-code: 42ms)
 GET / 200 in 33ms (next.js: 1029µs, application-code: 32ms)
 GET / 200 in 33ms (next.js: 20ms, application-code: 14ms)
 GET / 200 in 33ms (next.js: 14ms, application-code: 20ms)
 GET / 200 in 34ms (next.js: 8ms, application-code: 26ms)
 GET / 200 in 33ms (next.js: 26ms, application-code: 7ms)
 GET / 200 in 46ms (next.js: 682µs, application-code: 45ms)
 GET / 200 in 39ms (next.js: 885µs, application-code: 38ms)
 GET / 200 in 39ms (next.js: 13ms, application-code: 26ms)
 GET / 200 in 39ms (next.js: 19ms, application-code: 20ms)
 GET / 200 in 39ms (next.js: 7ms, application-code: 32ms)
 GET / 200 in 39ms (next.js: 25ms, application-code: 14ms)
 GET / 200 in 37ms (next.js: 701µs, application-code: 36ms)
 GET / 200 in 27ms (next.js: 1043µs, application-code: 26ms)
 GET / 200 in 27ms (next.js: 8ms, application-code: 19ms)
 GET / 200 in 27ms (next.js: 20ms, application-code: 7ms)
 GET / 200 in 27ms (next.js: 14ms, application-code: 13ms)
 GET / 200 in 7ms (next.js: 607µs, application-code: 7ms)
 GET /catalog/fce3fa9d-cfca-405f-aef9-0bab0b5ee0a0 404 in 31ms (next.js: 9ms, application-code: 22ms)
 GET /catalog/fce3fa9d-cfca-405f-aef9-0bab0b5ee0a0 404 in 32ms (next.js: 8ms, application-code: 24ms)
 GET /icon-192x192.png 404 in 18ms (next.js: 1719µs, application-code: 17ms)
 GET /profile/enquiries 200 in 59ms (next.js: 2ms, application-code: 57ms)
 GET /icon-192x192.png 404 in 22ms (next.js: 1170µs, application-code: 21ms)
✓ Compiled in 36ms
 GET /explore 200 in 91ms (next.js: 17ms, application-code: 74ms)
 GET /icon-192x192.png 404 in 45ms (next.js: 6ms, application-code: 39ms)
 GET / 200 in 44ms (next.js: 13ms, application-code: 31ms)
 GET /icon-192x192.png 404 in 31ms (next.js: 3ms, application-code: 28ms)
 GET /explore 200 in 38ms (next.js: 6ms, application-code: 32ms)
 GET /icon-192x192.png 404 in 37ms (next.js: 5ms, application-code: 32ms)
 GET / 200 in 37ms (next.js: 16ms, application-code: 21ms)
 GET /icon-192x192.png 404 in 37ms (next.js: 4ms, application-code: 33ms)
 GET /explore 200 in 41ms (next.js: 7ms, application-code: 34ms)
 GET /icon-192x192.png 404 in 29ms (next.js: 3ms, application-code: 26ms)
 GET / 200 in 25ms (next.js: 6ms, application-code: 19ms)
 GET /icon-192x192.png 404 in 45ms (next.js: 4ms, application-code: 41ms)
 GET /explore?q=AC+Repair+Services+by+Mock+108 200 in 24ms (next.js: 4ms, application-code: 20ms)
 GET /icon-192x192.png 404 in 33ms (next.js: 3ms, application-code: 30ms)
 GET /profile 200 in 62ms (next.js: 21ms, application-code: 41ms)
 GET /icon-192x192.png 404 in 51ms (next.js: 15ms, application-code: 35ms)
 GET /profile 200 in 36ms (next.js: 3ms, application-code: 33ms)
 GET /icon-192x192.png 404 in 28ms (next.js: 1720µs, application-code: 26ms)
 GET /login 200 in 89ms (next.js: 43ms, application-code: 45ms)
 GET /login 200 in 21ms (next.js: 1228µs, application-code: 20ms)
 GET /icon-192x192.png 404 in 21ms (next.js: 1368µs, application-code: 20ms)
 GET / 200 in 44ms (next.js: 11ms, application-code: 33ms)
 GET /profile 200 in 43ms (next.js: 27ms, application-code: 15ms)
 GET /icon-192x192.png 404 in 22ms (next.js: 3ms, application-code: 19ms)
 GET /vendor-dashboard 200 in 56ms (next.js: 32ms, application-code: 24ms)
 GET /icon-192x192.png 404 in 25ms (next.js: 3ms, application-code: 22ms)
 GET /vendor-dashboard 200 in 49ms (next.js: 13ms, application-code: 37ms)
 GET /icon-192x192.png 404 in 27ms (next.js: 2ms, application-code: 24ms)
 GET /vendor-dashboard/settings 200 in 49ms (next.js: 27ms, application-code: 22ms)
 GET /icon-192x192.png 404 in 35ms (next.js: 1689µs, application-code: 33ms)
✓ Compiled in 81ms
✓ Compiled in 361ms
 GET /explore 200 in 54ms (next.js: 18ms, application-code: 35ms)
 GET /icon-192x192.png 404 in 43ms (next.js: 5ms, application-code: 39ms)
 GET / 200 in 32ms (next.js: 7ms, application-code: 25ms)
 GET /icon-192x192.png 404 in 32ms (next.js: 4ms, application-code: 28ms)
 GET /explore 200 in 32ms (next.js: 5ms, application-code: 26ms)
 GET /icon-192x192.png 404 in 42ms (next.js: 11ms, application-code: 31ms)
 GET /profile 200 in 33ms (next.js: 7ms, application-code: 26ms)
 GET /icon-192x192.png 404 in 38ms (next.js: 7ms, application-code: 31ms)
 GET /profile/enquiries 200 in 29ms (next.js: 11ms, application-code: 19ms)
 GET /icon-192x192.png 404 in 28ms (next.js: 3ms, application-code: 25ms)
 GET /profile 200 in 34ms (next.js: 5ms, application-code: 29ms)
 GET /icon-192x192.png 404 in 31ms (next.js: 5ms, application-code: 26ms)
 GET / 200 in 47ms (next.js: 12ms, application-code: 34ms)
 GET /icon-192x192.png 404 in 43ms (next.js: 5ms, application-code: 38ms)
 GET /profile 200 in 31ms (next.js: 5ms, application-code: 26ms)
 GET /icon-192x192.png 404 in 36ms (next.js: 6ms, application-code: 31ms)
 GET /vendor-dashboard 200 in 38ms (next.js: 13ms, application-code: 25ms)
 GET /icon-192x192.png 404 in 29ms (next.js: 1981µs, application-code: 27ms)
 GET / 200 in 49ms (next.js: 19ms, application-code: 30ms)
 GET /icon-192x192.png 404 in 53ms (next.js: 4ms, application-code: 48ms)
 GET /login 200 in 46ms (next.js: 11ms, application-code: 36ms)
 GET /icon-192x192.png 404 in 54ms (next.js: 10ms, application-code: 44ms)
 GET / 200 in 49ms (next.js: 6ms, application-code: 42ms)
 GET /profile 200 in 49ms (next.js: 31ms, application-code: 18ms)
 GET /icon-192x192.png 404 in 26ms (next.js: 5ms, application-code: 21ms)
 GET / 200 in 30ms (next.js: 4ms, application-code: 25ms)
 GET /icon-192x192.png 404 in 38ms (next.js: 3ms, application-code: 36ms)
 GET /profile 200 in 46ms (next.js: 6ms, application-code: 41ms)
 GET /icon-192x192.png 404 in 32ms (next.js: 6ms, application-code: 27ms)
 GET / 200 in 32ms (next.js: 6ms, application-code: 26ms)
 GET /icon-192x192.png 404 in 32ms (next.js: 5ms, application-code: 27ms)
 GET /vendor-dashboard 200 in 32ms (next.js: 6ms, application-code: 26ms)
 GET /icon-192x192.png 404 in 41ms (next.js: 9ms, application-code: 32ms)
 GET /vendor-dashboard 200 in 18ms (next.js: 6ms, application-code: 12ms)
 GET /vendor-dashboard 200 in 23ms (next.js: 3ms, application-code: 21ms)
 GET /icon-192x192.png 404 in 29ms (next.js: 4ms, application-code: 25ms)
 GET /vendor-dashboard/settings 200 in 35ms (next.js: 16ms, application-code: 20ms)
 GET /icon-192x192.png 404 in 27ms (next.js: 4ms, application-code: 24ms)
 GET /vendor-dashboard 200 in 51ms (next.js: 7ms, application-code: 44ms)
 GET /icon-192x192.png 404 in 30ms (next.js: 4ms, application-code: 27ms)
 GET /explore 200 in 31ms (next.js: 6ms, application-code: 26ms)
 GET /icon-192x192.png 404 in 41ms (next.js: 4ms, application-code: 37ms)
 GET /vendor-dashboard 200 in 28ms (next.js: 5ms, application-code: 24ms)
 GET /icon-192x192.png 404 in 34ms (next.js: 4ms, application-code: 30ms)
 GET /vendor-dashboard 200 in 9ms (next.js: 4ms, application-code: 6ms)
 GET /vendor-dashboard 200 in 69ms (next.js: 4ms, application-code: 65ms)
 GET /icon-192x192.png 404 in 370ms (next.js: 27ms, application-code: 343ms)
 GET /login 200 in 41ms (next.js: 6ms, application-code: 35ms)
 GET /login 200 in 27ms (next.js: 1074µs, application-code: 26ms)
 GET /login 200 in 15ms (next.js: 1296µs, application-code: 14ms)
 GET /icon-192x192.png 404 in 25ms (next.js: 2ms, application-code: 23ms)
 GET /login 200 in 96ms (next.js: 4ms, application-code: 92ms)
 GET /icon-192x192.png 404 in 22ms (next.js: 5ms, application-code: 17ms)
 GET / 200 in 50ms (next.js: 6ms, application-code: 44ms)
 GET /profile 200 in 51ms (next.js: 30ms, application-code: 21ms)
 GET /icon-192x192.png 404 in 20ms (next.js: 1457µs, application-code: 19ms)
 GET /explore 200 in 23ms (next.js: 5ms, application-code: 18ms)
 GET /icon-192x192.png 404 in 54ms (next.js: 13ms, application-code: 42ms)
 GET /login 200 in 33ms (next.js: 5ms, application-code: 28ms)
 GET /icon-192x192.png 404 in 44ms (next.js: 16ms, application-code: 29ms)
 GET / 200 in 35ms (next.js: 7ms, application-code: 28ms)
 GET /profile 200 in 34ms (next.js: 23ms, application-code: 11ms)
 GET /icon-192x192.png 404 in 25ms (next.js: 6ms, application-code: 19ms)
 GET /explore 200 in 28ms (next.js: 5ms, application-code: 23ms)
 GET /icon-192x192.png 404 in 41ms (next.js: 7ms, application-code: 35ms)
 GET /explore 200 in 36ms (next.js: 5ms, application-code: 31ms)
 GET /icon-192x192.png 404 in 31ms (next.js: 3ms, application-code: 28ms)
 GET /vendor-dashboard 200 in 30ms (next.js: 5ms, application-code: 25ms)
 GET /icon-192x192.png 404 in 23ms (next.js: 1624µs, application-code: 21ms)
 GET /explore 200 in 27ms (next.js: 8ms, application-code: 19ms)
 GET /icon-192x192.png 404 in 29ms (next.js: 4ms, application-code: 26ms)
 GET /vendor-dashboard 200 in 29ms (next.js: 4ms, application-code: 25ms)
 GET /icon-192x192.png 404 in 29ms (next.js: 5ms, application-code: 24ms)
 GET /vendor-dashboard 200 in 45ms (next.js: 15ms, application-code: 30ms)
 GET /icon-192x192.png 404 in 39ms (next.js: 4ms, application-code: 35ms)
 GET /vendor-dashboard/settings 200 in 38ms (next.js: 10ms, application-code: 27ms)
 GET /icon-192x192.png 404 in 35ms (next.js: 5ms, application-code: 30ms)
 GET /login 200 in 75ms (next.js: 15ms, application-code: 60ms)
 GET /login 200 in 27ms (next.js: 1941µs, application-code: 25ms)
 GET /login 200 in 13ms (next.js: 1153µs, application-code: 12ms)
 GET /icon-192x192.png 404 in 34ms (next.js: 7ms, application-code: 27ms)
 GET / 200 in 56ms (next.js: 13ms, application-code: 43ms)
 GET /profile 200 in 55ms (next.js: 36ms, application-code: 19ms)
 GET /icon-192x192.png 404 in 27ms (next.js: 4ms, application-code: 23ms)
 GET / 200 in 31ms (next.js: 4ms, application-code: 27ms)
 GET /icon-192x192.png 404 in 31ms (next.js: 3ms, application-code: 27ms)
 GET /profile 200 in 37ms (next.js: 8ms, application-code: 29ms)
 GET /icon-192x192.png 404 in 31ms (next.js: 4ms, application-code: 27ms)
 GET /profile/enquiries 200 in 34ms (next.js: 7ms, application-code: 27ms)
 GET /icon-192x192.png 404 in 33ms (next.js: 5ms, application-code: 28ms)
 GET /profile 200 in 39ms (next.js: 12ms, application-code: 27ms)
 GET /icon-192x192.png 404 in 39ms (next.js: 7ms, application-code: 32ms)
 GET / 200 in 57ms (next.js: 22ms, application-code: 34ms)
 GET /icon-192x192.png 404 in 49ms (next.js: 8ms, application-code: 41ms)
 GET / 200 in 91ms (next.js: 33ms, application-code: 58ms)
 GET /explore 200 in 94ms (next.js: 8ms, application-code: 85ms)
 GET /explore 200 in 57ms (next.js: 964µs, application-code: 56ms)
 GET / 200 in 57ms (next.js: 13ms, application-code: 44ms)
 GET / 200 in 43ms (next.js: 14ms, application-code: 30ms)
 GET /explore 200 in 54ms (next.js: 975µs, application-code: 53ms)
 GET /explore 200 in 57ms (next.js: 959µs, application-code: 56ms)
 GET / 200 in 46ms (next.js: 1010µs, application-code: 45ms)
 GET / 200 in 27ms (next.js: 1429µs, application-code: 26ms)
 GET /explore 200 in 48ms (next.js: 1089µs, application-code: 47ms)
 GET /explore 200 in 91ms (next.js: 863µs, application-code: 90ms)
 GET / 200 in 91ms (next.js: 10ms, application-code: 81ms)
 GET /explore 200 in 105ms (next.js: 800µs, application-code: 104ms)
 GET / 200 in 95ms (next.js: 1083µs, application-code: 94ms)
 GET /explore 200 in 96ms (next.js: 24ms, application-code: 72ms)
 GET / 200 in 52ms (next.js: 1329µs, application-code: 50ms)
 GET / 200 in 104ms (next.js: 9ms, application-code: 95ms)
 GET /explore 200 in 105ms (next.js: 892µs, application-code: 105ms)
 GET /explore 200 in 106ms (next.js: 3ms, application-code: 103ms)
 GET / 200 in 90ms (next.js: 1959µs, application-code: 88ms)
 GET / 200 in 46ms (next.js: 10ms, application-code: 36ms)
 GET /explore 200 in 63ms (next.js: 1475µs, application-code: 61ms)
 GET / 200 in 62ms (next.js: 14ms, application-code: 48ms)
 GET /explore 200 in 64ms (next.js: 1516µs, application-code: 62ms)
 GET / 200 in 59ms (next.js: 9ms, application-code: 49ms)
 GET /explore 200 in 60ms (next.js: 1253µs, application-code: 59ms)
 GET / 200 in 43ms (next.js: 12ms, application-code: 32ms)
 GET /explore 200 in 64ms (next.js: 1140µs, application-code: 63ms)
 GET / 200 in 60ms (next.js: 10ms, application-code: 51ms)
 GET /explore 200 in 62ms (next.js: 1534µs, application-code: 60ms)
 GET / 200 in 391ms (next.js: 12ms, application-code: 379ms)
 GET /explore 200 in 393ms (next.js: 2ms, application-code: 390ms)
 GET / 200 in 372ms (next.js: 9ms, application-code: 363ms)
 GET /explore 200 in 384ms (next.js: 1043µs, application-code: 383ms)
 GET / 200 in 356ms (next.js: 19ms, application-code: 338ms)
 GET /explore 200 in 391ms (next.js: 1423µs, application-code: 390ms)
 GET / 200 in 38ms (next.js: 14ms, application-code: 24ms)
 GET /explore 200 in 39ms (next.js: 1263µs, application-code: 37ms)
 GET / 200 in 16ms (next.js: 8ms, application-code: 8ms)
 GET /explore 200 in 16ms (next.js: 915µs, application-code: 15ms)
 GET /icon-192x192.png 404 in 64ms (next.js: 7ms, application-code: 57ms)
 GET /icon-192x192.png 404 in 24ms (next.js: 3ms, application-code: 21ms)
✓ Compiled in 84ms
✓ Compiled in 56ms
✓ Compiled in 157ms
✓ Compiled in 313ms
 GET / 500 in 56ms (next.js: 30ms, application-code: 26ms)
 GET /explore 500 in 56ms (next.js: 48ms, application-code: 7ms)
 GET / 500 in 18ms (next.js: 7ms, application-code: 11ms)
 GET /explore 500 in 17ms (next.js: 13ms, application-code: 5ms)
 GET /explore 500 in 37ms (next.js: 12ms, application-code: 25ms)
 GET / 500 in 38ms (next.js: 27ms, application-code: 12ms)
✓ Compiled in 93ms
 GET /explore 200 in 401ms (next.js: 106ms, application-code: 295ms)
 GET / 200 in 401ms (next.js: 364ms, application-code: 37ms)
 GET /icon-192x192.png 404 in 68ms (next.js: 19ms, application-code: 49ms)
 GET /icon-192x192.png 404 in 24ms (next.js: 1139µs, application-code: 22ms)
✓ Compiled in 187ms
✓ Compiled in 176ms
 GET / 200 in 66ms (next.js: 27ms, application-code: 39ms)
 GET /icon-192x192.png 404 in 41ms (next.js: 8ms, application-code: 33ms)
 GET /explore 200 in 40ms (next.js: 9ms, application-code: 31ms)
 GET /icon-192x192.png 404 in 100ms (next.js: 7ms, application-code: 93ms)
✓ Compiled in 79ms
 GET /explore 200 in 84ms (next.js: 17ms, application-code: 67ms)
 GET /icon-192x192.png 404 in 26ms (next.js: 3ms, application-code: 23ms)
 GET /explore 200 in 50ms (next.js: 3ms, application-code: 47ms)
 GET /icon-192x192.png 404 in 30ms (next.js: 2ms, application-code: 28ms)
✓ Compiled in 156ms
✓ Compiled in 249ms
 GET /explore 200 in 84ms (next.js: 18ms, application-code: 66ms)
 GET /icon-192x192.png 404 in 43ms (next.js: 6ms, application-code: 36ms)
✓ Compiled in 200ms
 GET / 200 in 227ms (next.js: 114ms, application-code: 114ms)
 GET /explore 200 in 221ms (next.js: 163ms, application-code: 58ms)
 GET / 200 in 41ms (next.js: 2ms, application-code: 39ms)
 GET /explore 200 in 51ms (next.js: 9ms, application-code: 42ms)
 GET / 200 in 42ms (next.js: 934µs, application-code: 41ms)
 GET / 200 in 39ms (next.js: 9ms, application-code: 30ms)
 GET /explore 200 in 40ms (next.js: 854µs, application-code: 39ms)
 GET /explore 200 in 24ms (next.js: 815µs, application-code: 23ms)
 GET / 200 in 84ms (next.js: 4ms, application-code: 80ms)
 GET / 200 in 82ms (next.js: 17ms, application-code: 64ms)
 GET / 200 in 66ms (next.js: 12ms, application-code: 54ms)
 GET /icon-192x192.png 404 in 673ms (next.js: 46ms, application-code: 627ms)
 GET / 200 in 55ms (next.js: 11ms, application-code: 44ms)
 GET / 200 in 45ms (next.js: 10ms, application-code: 35ms)
 GET / 200 in 36ms (next.js: 14ms, application-code: 23ms)
 GET /icon-192x192.png 404 in 46ms (next.js: 30ms, application-code: 16ms)
 GET / 200 in 81ms (next.js: 754µs, application-code: 81ms)
 GET / 200 in 73ms (next.js: 9ms, application-code: 64ms)
 GET / 200 in 74ms (next.js: 37ms, application-code: 37ms)
 GET / 200 in 77ms (next.js: 1162µs, application-code: 76ms)
 GET / 200 in 76ms (next.js: 53ms, application-code: 23ms)
 GET / 200 in 77ms (next.js: 45ms, application-code: 32ms)
 GET / 200 in 66ms (next.js: 8ms, application-code: 58ms)
 GET / 200 in 50ms (next.js: 8ms, application-code: 42ms)
 GET / 200 in 50ms (next.js: 16ms, application-code: 34ms)
 GET / 200 in 51ms (next.js: 1142µs, application-code: 50ms)
 GET / 200 in 35ms (next.js: 23ms, application-code: 13ms)
 GET / 200 in 66ms (next.js: 28ms, application-code: 38ms)
 GET / 200 in 41ms (next.js: 1437µs, application-code: 39ms)
 GET / 200 in 24ms (next.js: 1267µs, application-code: 23ms)
 GET / 200 in 16ms (next.js: 8ms, application-code: 8ms)
 GET / 200 in 16ms (next.js: 847µs, application-code: 15ms)
 GET / 200 in 36ms (next.js: 727µs, application-code: 35ms)
 GET / 200 in 28ms (next.js: 1691µs, application-code: 26ms)
 GET / 200 in 28ms (next.js: 9ms, application-code: 18ms)
 GET / 200 in 28ms (next.js: 17ms, application-code: 11ms)
 GET / 200 in 42ms (next.js: 829µs, application-code: 41ms)
 GET / 200 in 33ms (next.js: 918µs, application-code: 32ms)
 GET / 200 in 33ms (next.js: 10ms, application-code: 23ms)
 GET / 200 in 33ms (next.js: 17ms, application-code: 16ms)
✓ Compiled in 219ms
 GET / 200 in 275ms (next.js: 111ms, application-code: 164ms)
 GET /explore 200 in 275ms (next.js: 199ms, application-code: 76ms)
 GET / 200 in 69ms (next.js: 1010µs, application-code: 68ms)
 GET /explore 200 in 70ms (next.js: 10ms, application-code: 60ms)
 GET / 200 in 53ms (next.js: 761µs, application-code: 52ms)
 GET /explore 200 in 42ms (next.js: 977µs, application-code: 41ms)
 GET / 200 in 30ms (next.js: 1543µs, application-code: 29ms)
 GET /explore 200 in 30ms (next.js: 11ms, application-code: 19ms)
 GET /icon-192x192.png 404 in 137ms (next.js: 31ms, application-code: 106ms)
 GET /icon-192x192.png 404 in 34ms (next.js: 12ms, application-code: 22ms)
✓ Compiled in 116ms
 GET / 200 in 50ms (next.js: 17ms, application-code: 33ms)
 GET /icon-192x192.png 404 in 39ms (next.js: 6ms, application-code: 32ms)
 GET /vendor/register 200 in 98ms (next.js: 42ms, application-code: 56ms)
 GET /icon-192x192.png 404 in 49ms (next.js: 2ms, application-code: 47ms)
 GET /profile 200 in 72ms (next.js: 52ms, application-code: 21ms)
 GET /icon-192x192.png 404 in 32ms (next.js: 4ms, application-code: 28ms)
 GET /profile/edit 200 in 82ms (next.js: 48ms, application-code: 34ms)
 GET /icon-192x192.png 404 in 35ms (next.js: 2ms, application-code: 33ms)
 GET /profile 200 in 25ms (next.js: 6ms, application-code: 20ms)
 GET /icon-192x192.png 404 in 27ms (next.js: 5ms, application-code: 22ms)
 GET /login 200 in 84ms (next.js: 38ms, application-code: 46ms)
 GET /login 200 in 18ms (next.js: 1886µs, application-code: 16ms)
 GET /icon-192x192.png 404 in 22ms (next.js: 1680µs, application-code: 20ms)
 GET / 200 in 40ms (next.js: 7ms, application-code: 34ms)
 GET /profile 200 in 40ms (next.js: 25ms, application-code: 15ms)
 GET /icon-192x192.png 404 in 26ms (next.js: 4ms, application-code: 22ms)
 GET /vendor-dashboard 200 in 50ms (next.js: 31ms, application-code: 19ms)
 GET /icon-192x192.png 404 in 26ms (next.js: 1861µs, application-code: 24ms)
 GET /vendor-dashboard/catalog 200 in 54ms (next.js: 32ms, application-code: 22ms)
 GET /icon-192x192.png 404 in 25ms (next.js: 3ms, application-code: 22ms)
 GET /vendor-dashboard 200 in 25ms (next.js: 6ms, application-code: 20ms)
 GET /icon-192x192.png 404 in 27ms (next.js: 4ms, application-code: 23ms)
✓ Compiled in 61ms
✓ Compiled in 273ms
 GET / 200 in 251ms (next.js: 97ms, application-code: 154ms)
 GET /vendor-dashboard 200 in 254ms (next.js: 149ms, application-code: 106ms)
 GET / 200 in 541ms (next.js: 1666µs, application-code: 540ms)
 GET /vendor-dashboard 200 in 541ms (next.js: 11ms, application-code: 530ms)
 GET / 200 in 544ms (next.js: 999µs, application-code: 543ms)
 GET /vendor-dashboard 200 in 544ms (next.js: 13ms, application-code: 531ms)
 GET /vendor-dashboard 200 in 451ms (next.js: 406ms, application-code: 44ms)
 GET / 200 in 464ms (next.js: 25ms, application-code: 440ms)
 GET / 200 in 52ms (next.js: 1355µs, application-code: 51ms)
 GET /vendor-dashboard 200 in 61ms (next.js: 15ms, application-code: 46ms)
 GET / 200 in 54ms (next.js: 913µs, application-code: 53ms)
 GET /vendor-dashboard 200 in 46ms (next.js: 987µs, application-code: 45ms)
 GET / 200 in 46ms (next.js: 9ms, application-code: 37ms)
 GET /vendor-dashboard 200 in 27ms (next.js: 1223µs, application-code: 26ms)
 GET / 200 in 18ms (next.js: 919µs, application-code: 17ms)
 GET /vendor-dashboard 200 in 10ms (next.js: 733µs, application-code: 9ms)
 GET / 200 in 50ms (next.js: 893µs, application-code: 49ms)
 GET /vendor-dashboard 200 in 51ms (next.js: 9ms, application-code: 41ms)
 GET / 200 in 29ms (next.js: 869µs, application-code: 28ms)
 GET /vendor-dashboard 200 in 30ms (next.js: 8ms, application-code: 21ms)
 GET / 200 in 33ms (next.js: 817µs, application-code: 33ms)
 GET /vendor-dashboard 200 in 61ms (next.js: 2ms, application-code: 59ms)
 GET / 200 in 61ms (next.js: 12ms, application-code: 49ms)
 GET /vendor-dashboard 200 in 42ms (next.js: 1520µs, application-code: 40ms)
 GET / 200 in 24ms (next.js: 1796µs, application-code: 22ms)
 GET /vendor-dashboard 200 in 16ms (next.js: 1578µs, application-code: 15ms)
 GET /icon-192x192.png 404 in 143ms (next.js: 35ms, application-code: 109ms)
 GET /icon-192x192.png 404 in 19ms (next.js: 1360µs, application-code: 18ms)
✓ Compiled in 68ms
 GET /vendor-dashboard 200 in 347ms (next.js: 43ms, application-code: 304ms)
 GET /icon-192x192.png 404 in 82ms (next.js: 4ms, application-code: 78ms)
 GET /vendor-dashboard/catalog 200 in 93ms (next.js: 34ms, application-code: 59ms)
 GET /icon-192x192.png 404 in 28ms (next.js: 3ms, application-code: 24ms)
 GET /vendor-dashboard/settings 200 in 54ms (next.js: 29ms, application-code: 25ms)
 GET /icon-192x192.png 404 in 26ms (next.js: 2ms, application-code: 23ms)
 GET /vendor-dashboard 200 in 31ms (next.js: 8ms, application-code: 23ms)
 GET /icon-192x192.png 404 in 28ms (next.js: 2ms, application-code: 26ms)
 GET / 200 in 33ms (next.js: 7ms, application-code: 26ms)
 GET / 200 in 57ms (next.js: 30ms, application-code: 27ms)
 GET / 200 in 59ms (next.js: 6ms, application-code: 53ms)
 GET / 200 in 14ms (next.js: 1555µs, application-code: 12ms)
 GET / 200 in 78ms (next.js: 3ms, application-code: 76ms)
 GET / 200 in 60ms (next.js: 27ms, application-code: 33ms)
 GET / 200 in 61ms (next.js: 1902µs, application-code: 59ms)
 GET / 200 in 35ms (next.js: 11ms, application-code: 24ms)
 GET / 200 in 25ms (next.js: 10ms, application-code: 15ms)
 GET / 200 in 16ms (next.js: 8ms, application-code: 8ms)
 GET / 200 in 74ms (next.js: 765µs, application-code: 73ms)
 GET / 200 in 67ms (next.js: 1406µs, application-code: 65ms)
 GET / 200 in 67ms (next.js: 8ms, application-code: 59ms)
 GET / 200 in 67ms (next.js: 14ms, application-code: 52ms)
 GET / 200 in 67ms (next.js: 20ms, application-code: 46ms)
 GET / 200 in 67ms (next.js: 58ms, application-code: 8ms)
 GET / 200 in 7ms (next.js: 725µs, application-code: 7ms)
 GET /vendor-dashboard 200 in 14ms (next.js: 6ms, application-code: 8ms)
 GET /vendor-dashboard 200 in 21ms (next.js: 3ms, application-code: 18ms)
 GET /icon-192x192.png 404 in 27ms (next.js: 1499µs, application-code: 25ms)
 GET /vendor-dashboard 200 in 13ms (next.js: 3ms, application-code: 10ms)
 GET /vendor-dashboard 200 in 29ms (next.js: 3ms, application-code: 26ms)
 GET /icon-192x192.png 404 in 41ms (next.js: 1828µs, application-code: 39ms)
 GET /vendor-dashboard 200 in 12ms (next.js: 4ms, application-code: 9ms)
 GET /vendor-dashboard 200 in 22ms (next.js: 4ms, application-code: 18ms)
 GET /icon-192x192.png 404 in 27ms (next.js: 2ms, application-code: 25ms)
 GET /vendor-dashboard 200 in 16ms (next.js: 4ms, application-code: 12ms)
 GET /vendor-dashboard 200 in 22ms (next.js: 3ms, application-code: 19ms)
 GET /icon-192x192.png 404 in 26ms (next.js: 1864µs, application-code: 24ms)
 GET /vendor-dashboard 200 in 14ms (next.js: 3ms, application-code: 11ms)
 GET /vendor-dashboard 200 in 21ms (next.js: 3ms, application-code: 18ms)
 GET /icon-192x192.png 404 in 27ms (next.js: 1938µs, application-code: 25ms)
 GET /vendor-dashboard 200 in 11ms (next.js: 3ms, application-code: 8ms)
 GET /vendor-dashboard 200 in 19ms (next.js: 3ms, application-code: 16ms)
 GET /icon-192x192.png 404 in 27ms (next.js: 1881µs, application-code: 26ms)
 GET /vendor-dashboard 200 in 8ms (next.js: 2ms, application-code: 6ms)
 GET /vendor-dashboard 200 in 24ms (next.js: 1807µs, application-code: 22ms)
 GET /icon-192x192.png 404 in 24ms (next.js: 2ms, application-code: 22ms)
 GET /vendor-dashboard 200 in 5ms (next.js: 1612µs, application-code: 3ms)
 GET /vendor-dashboard 200 in 13ms (next.js: 1800µs, application-code: 11ms)
 GET /icon-192x192.png 404 in 24ms (next.js: 1768µs, application-code: 22ms)
 GET /vendor-dashboard 200 in 10ms (next.js: 3ms, application-code: 7ms)
 GET /vendor-dashboard 200 in 18ms (next.js: 3ms, application-code: 15ms)
 GET /icon-192x192.png 404 in 28ms (next.js: 2ms, application-code: 25ms)
 GET /vendor-dashboard 200 in 15ms (next.js: 4ms, application-code: 11ms)
 GET /vendor-dashboard 200 in 27ms (next.js: 3ms, application-code: 24ms)
 GET /icon-192x192.png 404 in 26ms (next.js: 1981µs, application-code: 24ms)
 GET /explore 200 in 54ms (next.js: 36ms, application-code: 18ms)
 GET /icon-192x192.png 404 in 39ms (next.js: 4ms, application-code: 35ms)
 GET /vendor-dashboard 200 in 36ms (next.js: 3ms, application-code: 32ms)
 GET /icon-192x192.png 404 in 34ms (next.js: 4ms, application-code: 30ms)
 GET /explore 200 in 26ms (next.js: 3ms, application-code: 23ms)
 GET /icon-192x192.png 404 in 26ms (next.js: 4ms, application-code: 22ms)
 GET /profile 200 in 49ms (next.js: 32ms, application-code: 17ms)
 GET /icon-192x192.png 404 in 25ms (next.js: 4ms, application-code: 21ms)
 GET /profile 200 in 31ms (next.js: 5ms, application-code: 26ms)
 GET /icon-192x192.png 404 in 55ms (next.js: 4ms, application-code: 51ms)
 GET /vendor-dashboard 200 in 30ms (next.js: 4ms, application-code: 26ms)
 GET /icon-192x192.png 404 in 424ms (next.js: 26ms, application-code: 397ms)
 GET /vendor-dashboard/settings 200 in 34ms (next.js: 6ms, application-code: 29ms)
 GET /icon-192x192.png 404 in 24ms (next.js: 4ms, application-code: 21ms)
 GET /vendor-dashboard/catalog 200 in 38ms (next.js: 5ms, application-code: 33ms)
 GET /icon-192x192.png 404 in 32ms (next.js: 3ms, application-code: 29ms)
✓ Compiled in 242ms
 GET / 200 in 329ms (next.js: 172ms, application-code: 157ms)
 GET /vendor-dashboard/catalog 200 in 329ms (next.js: 250ms, application-code: 79ms)
 GET / 200 in 32ms (next.js: 11ms, application-code: 21ms)
 GET /vendor-dashboard/catalog 200 in 32ms (next.js: 843µs, application-code: 31ms)
 GET /vendor-dashboard/catalog 200 in 12ms (next.js: 1052µs, application-code: 11ms)
 GET / 200 in 71ms (next.js: 2ms, application-code: 69ms)
 GET /vendor-dashboard/catalog 200 in 71ms (next.js: 11ms, application-code: 61ms)
 GET / 200 in 48ms (next.js: 1292µs, application-code: 46ms)
 GET /vendor-dashboard/catalog 200 in 69ms (next.js: 9ms, application-code: 60ms)
 GET / 200 in 56ms (next.js: 1133µs, application-code: 55ms)
 GET /vendor-dashboard/catalog 200 in 65ms (next.js: 3ms, application-code: 62ms)
 GET / 200 in 83ms (next.js: 1623µs, application-code: 81ms)
 GET /vendor-dashboard/catalog 200 in 83ms (next.js: 9ms, application-code: 74ms)
 GET / 200 in 61ms (next.js: 1063µs, application-code: 60ms)
 GET /vendor-dashboard/catalog 200 in 70ms (next.js: 9ms, application-code: 61ms)
 GET / 200 in 75ms (next.js: 1168µs, application-code: 74ms)
✓ Compiled in 0ms
 GET /vendor-dashboard/catalog 200 in 98ms (next.js: 1192µs, application-code: 96ms)
 GET / 200 in 68ms (next.js: 1523µs, application-code: 66ms)
 GET / 200 in 73ms (next.js: 12ms, application-code: 61ms)
 GET /vendor-dashboard/catalog 200 in 83ms (next.js: 1261µs, application-code: 82ms)
 GET / 200 in 61ms (next.js: 1461µs, application-code: 59ms)
 GET /vendor-dashboard/catalog 200 in 74ms (next.js: 1488µs, application-code: 72ms)
 GET /vendor-dashboard/catalog 200 in 77ms (next.js: 1342µs, application-code: 76ms)
 GET / 200 in 63ms (next.js: 1477µs, application-code: 62ms)
 GET / 200 in 83ms (next.js: 12ms, application-code: 71ms)
 GET /vendor-dashboard/catalog 200 in 92ms (next.js: 1338µs, application-code: 91ms)
 GET / 200 in 113ms (next.js: 13ms, application-code: 100ms)
 GET /vendor-dashboard/catalog 200 in 114ms (next.js: 1087µs, application-code: 113ms)
 GET / 200 in 161ms (next.js: 31ms, application-code: 130ms)
 GET /vendor-dashboard/catalog 200 in 162ms (next.js: 1201µs, application-code: 161ms)
 GET / 200 in 121ms (next.js: 33ms, application-code: 88ms)
 GET / 200 in 121ms (next.js: 18ms, application-code: 104ms)
 GET /vendor-dashboard/catalog 200 in 122ms (next.js: 1268µs, application-code: 121ms)
 GET / 200 in 80ms (next.js: 2ms, application-code: 78ms)
 GET / 200 in 74ms (next.js: 34ms, application-code: 40ms)
 GET / 200 in 89ms (next.js: 15ms, application-code: 74ms)
 GET / 200 in 61ms (next.js: 27ms, application-code: 33ms)
 GET / 200 in 51ms (next.js: 8ms, application-code: 43ms)
 GET / 200 in 52ms (next.js: 14ms, application-code: 37ms)
 GET /vendor-dashboard/catalog 200 in 105ms (next.js: 15ms, application-code: 90ms)
 GET / 200 in 120ms (next.js: 1111µs, application-code: 119ms)
 GET / 200 in 112ms (next.js: 21ms, application-code: 91ms)
 GET /vendor-dashboard/catalog 200 in 113ms (next.js: 2ms, application-code: 111ms)
 GET / 200 in 95ms (next.js: 14ms, application-code: 81ms)
 GET / 200 in 83ms (next.js: 10ms, application-code: 73ms)
 GET / 200 in 83ms (next.js: 25ms, application-code: 59ms)
 GET / 200 in 84ms (next.js: 18ms, application-code: 67ms)
 GET / 200 in 76ms (next.js: 25ms, application-code: 52ms)
 GET /vendor-dashboard/catalog 200 in 86ms (next.js: 10ms, application-code: 76ms)
 GET / 200 in 85ms (next.js: 12ms, application-code: 73ms)
 GET /vendor-dashboard/catalog 200 in 107ms (next.js: 882µs, application-code: 107ms)
 GET / 200 in 107ms (next.js: 984µs, application-code: 106ms)
 GET / 200 in 115ms (next.js: 3ms, application-code: 112ms)
 GET / 200 in 103ms (next.js: 19ms, application-code: 84ms)
 GET / 200 in 104ms (next.js: 3ms, application-code: 102ms)
 GET / 200 in 103ms (next.js: 33ms, application-code: 70ms)
 GET / 200 in 71ms (next.js: 10ms, application-code: 61ms)
 GET /vendor-dashboard/catalog 200 in 104ms (next.js: 11ms, application-code: 93ms)
 GET / 200 in 54ms (next.js: 1257µs, application-code: 53ms)
 GET / 200 in 54ms (next.js: 8ms, application-code: 46ms)
 GET / 200 in 54ms (next.js: 24ms, application-code: 30ms)
 GET /vendor-dashboard/catalog 200 in 55ms (next.js: 15ms, application-code: 40ms)
 GET / 200 in 56ms (next.js: 11ms, application-code: 45ms)
 GET /vendor-dashboard/catalog 200 in 91ms (next.js: 1508µs, application-code: 90ms)
 GET / 200 in 90ms (next.js: 12ms, application-code: 78ms)
 GET / 200 in 79ms (next.js: 10ms, application-code: 69ms)
 GET /vendor-dashboard/catalog 200 in 91ms (next.js: 1595µs, application-code: 89ms)
 GET / 200 in 70ms (next.js: 9ms, application-code: 61ms)
 GET / 200 in 62ms (next.js: 18ms, application-code: 44ms)
 GET / 200 in 62ms (next.js: 7ms, application-code: 55ms)
 GET / 200 in 62ms (next.js: 13ms, application-code: 49ms)
 GET / 200 in 62ms (next.js: 23ms, application-code: 38ms)
 GET /vendor-dashboard/catalog 200 in 62ms (next.js: 28ms, application-code: 34ms)
 GET / 200 in 21ms (next.js: 1377µs, application-code: 20ms)
 GET /vendor-dashboard/catalog 200 in 21ms (next.js: 1058µs, application-code: 20ms)
 GET / 200 in 23ms (next.js: 929µs, application-code: 22ms)
 GET / 200 in 85ms (next.js: 858µs, application-code: 84ms)
 GET /vendor-dashboard/catalog 200 in 85ms (next.js: 7ms, application-code: 78ms)
 GET / 200 in 71ms (next.js: 1744µs, application-code: 70ms)
 GET / 200 in 70ms (next.js: 21ms, application-code: 50ms)
 GET / 200 in 71ms (next.js: 6ms, application-code: 64ms)
 GET / 200 in 71ms (next.js: 12ms, application-code: 59ms)
 GET / 200 in 71ms (next.js: 16ms, application-code: 55ms)
 GET / 200 in 71ms (next.js: 25ms, application-code: 46ms)
 GET / 200 in 34ms (next.js: 908µs, application-code: 33ms)
 GET /vendor-dashboard/catalog 200 in 66ms (next.js: 26ms, application-code: 40ms)
 GET / 200 in 16ms (next.js: 1076µs, application-code: 15ms)
 GET /vendor-dashboard/catalog 200 in 25ms (next.js: 958µs, application-code: 24ms)
 GET /vendor-dashboard/catalog 200 in 498ms (next.js: 872µs, application-code: 497ms)
 GET / 200 in 485ms (next.js: 17ms, application-code: 468ms)
 GET / 200 in 486ms (next.js: 1371µs, application-code: 484ms)
 GET / 200 in 485ms (next.js: 24ms, application-code: 462ms)
 GET / 200 in 485ms (next.js: 30ms, application-code: 455ms)
 GET / 200 in 486ms (next.js: 9ms, application-code: 477ms)
 GET / 200 in 485ms (next.js: 37ms, application-code: 449ms)
 GET /vendor-dashboard/catalog 200 in 486ms (next.js: 43ms, application-code: 442ms)
 GET / 200 in 391ms (next.js: 32ms, application-code: 360ms)
 GET /vendor-dashboard/catalog 200 in 386ms (next.js: 348ms, application-code: 38ms)
 GET / 200 in 26ms (next.js: 1504µs, application-code: 25ms)
 GET / 200 in 10ms (next.js: 973µs, application-code: 9ms)
 GET / 200 in 106ms (next.js: 9ms, application-code: 97ms)
 GET /vendor-dashboard/catalog 200 in 107ms (next.js: 1133µs, application-code: 106ms)
 GET / 200 in 91ms (next.js: 2ms, application-code: 89ms)
 GET / 200 in 90ms (next.js: 9ms, application-code: 81ms)
 GET / 200 in 90ms (next.js: 25ms, application-code: 65ms)
 GET / 200 in 90ms (next.js: 17ms, application-code: 73ms)
 GET / 200 in 90ms (next.js: 31ms, application-code: 59ms)
 GET / 200 in 90ms (next.js: 38ms, application-code: 52ms)
 GET / 200 in 82ms (next.js: 46ms, application-code: 36ms)
 GET /vendor-dashboard/catalog 200 in 90ms (next.js: 45ms, application-code: 46ms)
 GET / 200 in 38ms (next.js: 18ms, application-code: 20ms)
 GET /vendor-dashboard/catalog 200 in 40ms (next.js: 4ms, application-code: 36ms)
 GET /vendor-dashboard/catalog 200 in 106ms (next.js: 859µs, application-code: 105ms)
 GET / 200 in 94ms (next.js: 24ms, application-code: 71ms)
 GET / 200 in 94ms (next.js: 43ms, application-code: 51ms)
 GET / 200 in 95ms (next.js: 9ms, application-code: 86ms)
 GET / 200 in 95ms (next.js: 17ms, application-code: 78ms)
 GET / 200 in 96ms (next.js: 1713µs, application-code: 94ms)
 GET / 200 in 95ms (next.js: 31ms, application-code: 64ms)
 GET / 200 in 95ms (next.js: 37ms, application-code: 58ms)
 GET /vendor-dashboard/catalog 200 in 95ms (next.js: 50ms, application-code: 46ms)
 GET / 200 in 38ms (next.js: 946µs, application-code: 37ms)
 GET /vendor-dashboard/catalog 200 in 46ms (next.js: 8ms, application-code: 38ms)
 GET / 200 in 30ms (next.js: 989µs, application-code: 29ms)
 GET /vendor-dashboard/catalog 200 in 107ms (next.js: 955µs, application-code: 106ms)
 GET / 200 in 99ms (next.js: 1698µs, application-code: 98ms)
 GET / 200 in 91ms (next.js: 2ms, application-code: 89ms)
 GET / 200 in 91ms (next.js: 32ms, application-code: 59ms)
 GET / 200 in 91ms (next.js: 26ms, application-code: 66ms)
 GET / 200 in 92ms (next.js: 9ms, application-code: 82ms)
 GET / 200 in 92ms (next.js: 19ms, application-code: 73ms)
 GET / 200 in 92ms (next.js: 39ms, application-code: 53ms)
 GET /vendor-dashboard/catalog 200 in 109ms (next.js: 45ms, application-code: 64ms)
 GET / 200 in 69ms (next.js: 1239µs, application-code: 68ms)
 GET /vendor-dashboard/catalog 200 in 86ms (next.js: 9ms, application-code: 78ms)
 GET / 200 in 63ms (next.js: 1389µs, application-code: 62ms)
 GET / 200 in 74ms (next.js: 10ms, application-code: 64ms)
 GET / 200 in 57ms (next.js: 1376µs, application-code: 56ms)
 GET /vendor-dashboard/catalog 200 in 75ms (next.js: 1277µs, application-code: 73ms)
 GET / 200 in 57ms (next.js: 8ms, application-code: 48ms)
 GET / 200 in 57ms (next.js: 15ms, application-code: 41ms)
 GET / 200 in 25ms (next.js: 865µs, application-code: 24ms)
 GET /vendor-dashboard/catalog 200 in 35ms (next.js: 1089µs, application-code: 34ms)
 GET /vendor-dashboard/catalog 200 in 17ms (next.js: 813µs, application-code: 17ms)
 GET / 200 in 9ms (next.js: 736µs, application-code: 8ms)
 GET /vendor-dashboard/catalog 200 in 59ms (next.js: 743µs, application-code: 58ms)
 GET / 200 in 50ms (next.js: 902µs, application-code: 49ms)
 GET /vendor-dashboard/catalog 200 in 50ms (next.js: 8ms, application-code: 42ms)
 GET / 200 in 28ms (next.js: 1020µs, application-code: 27ms)
 GET /vendor-dashboard/catalog 200 in 27ms (next.js: 10ms, application-code: 17ms)
 GET / 200 in 9ms (next.js: 744µs, application-code: 8ms)
 GET /vendor-dashboard/catalog 200 in 58ms (next.js: 716µs, application-code: 58ms)
 GET / 200 in 49ms (next.js: 855µs, application-code: 48ms)
 GET /vendor-dashboard/catalog 200 in 50ms (next.js: 9ms, application-code: 41ms)
 GET / 200 in 40ms (next.js: 966µs, application-code: 39ms)
 GET /vendor-dashboard/catalog 200 in 49ms (next.js: 9ms, application-code: 41ms)
 GET / 200 in 46ms (next.js: 943µs, application-code: 45ms)
 GET /vendor-dashboard/catalog 200 in 61ms (next.js: 1415µs, application-code: 59ms)
 GET / 200 in 51ms (next.js: 1719µs, application-code: 49ms)
 GET /vendor-dashboard/catalog 200 in 42ms (next.js: 1436µs, application-code: 41ms)
 GET / 200 in 28ms (next.js: 1966µs, application-code: 26ms)
 GET / 200 in 18ms (next.js: 10ms, application-code: 8ms)
 GET /vendor-dashboard/catalog 200 in 18ms (next.js: 1217µs, application-code: 17ms)
 GET / 200 in 52ms (next.js: 11ms, application-code: 41ms)
 GET /vendor-dashboard/catalog 200 in 53ms (next.js: 1070µs, application-code: 52ms)
 GET /vendor-dashboard/catalog 200 in 34ms (next.js: 823µs, application-code: 33ms)
 GET / 200 in 25ms (next.js: 1049µs, application-code: 24ms)
 GET /vendor-dashboard/catalog 200 in 17ms (next.js: 685µs, application-code: 17ms)
 GET / 200 in 9ms (next.js: 924µs, application-code: 8ms)
 GET /vendor-dashboard/catalog 200 in 19ms (next.js: 798µs, application-code: 18ms)
 GET / 200 in 9ms (next.js: 758µs, application-code: 8ms)
 GET /icon-192x192.png 404 in 174ms (next.js: 50ms, application-code: 124ms)
 GET /icon-192x192.png 404 in 16ms (next.js: 955µs, application-code: 15ms)
✓ Compiled in 0ms
 GET / 200 in 307ms (next.js: 156ms, application-code: 152ms)
 GET /vendor-dashboard/catalog 200 in 310ms (next.js: 210ms, application-code: 99ms)
 GET / 200 in 84ms (next.js: 12ms, application-code: 72ms)
 GET /vendor-dashboard/catalog 200 in 84ms (next.js: 788µs, application-code: 83ms)
 GET /vendor-dashboard/catalog 200 in 16ms (next.js: 1056µs, application-code: 15ms)
 GET / 200 in 51ms (next.js: 1039µs, application-code: 50ms)
 GET /vendor-dashboard/catalog 200 in 51ms (next.js: 9ms, application-code: 42ms)
 GET / 200 in 31ms (next.js: 935µs, application-code: 31ms)
 GET / 200 in 11ms (next.js: 1164µs, application-code: 10ms)
 GET /vendor-dashboard/catalog 200 in 42ms (next.js: 9ms, application-code: 33ms)
 GET /vendor-dashboard/catalog 200 in 108ms (next.js: 1006µs, application-code: 107ms)
 GET / 200 in 99ms (next.js: 1044µs, application-code: 98ms)
 GET /vendor-dashboard/catalog 200 in 100ms (next.js: 13ms, application-code: 87ms)
 GET / 200 in 56ms (next.js: 1440µs, application-code: 55ms)
 GET /vendor-dashboard/catalog 200 in 76ms (next.js: 9ms, application-code: 66ms)
 GET / 200 in 45ms (next.js: 1323µs, application-code: 44ms)
 GET /vendor-dashboard/catalog 200 in 64ms (next.js: 2ms, application-code: 62ms)
 GET / 200 in 54ms (next.js: 1534µs, application-code: 52ms)
 GET /vendor-dashboard/catalog 200 in 56ms (next.js: 10ms, application-code: 45ms)
 GET / 200 in 36ms (next.js: 1424µs, application-code: 35ms)
 GET /vendor-dashboard/catalog 200 in 48ms (next.js: 1178µs, application-code: 47ms)
 GET / 200 in 49ms (next.js: 1478µs, application-code: 47ms)
 GET /vendor-dashboard/catalog 200 in 68ms (next.js: 2ms, application-code: 66ms)
 GET / 200 in 57ms (next.js: 1330µs, application-code: 56ms)
 GET / 200 in 55ms (next.js: 1744µs, application-code: 54ms)
 GET /vendor-dashboard/catalog 200 in 66ms (next.js: 1669µs, application-code: 64ms)
 GET / 200 in 64ms (next.js: 16ms, application-code: 48ms)
 GET /vendor-dashboard/catalog 200 in 66ms (next.js: 1240µs, application-code: 65ms)
 GET / 200 in 58ms (next.js: 10ms, application-code: 48ms)
 GET /vendor-dashboard/catalog 200 in 59ms (next.js: 1051µs, application-code: 58ms)
 GET / 200 in 50ms (next.js: 9ms, application-code: 41ms)
 GET /vendor-dashboard/catalog 200 in 52ms (next.js: 1112µs, application-code: 51ms)
 GET /vendor-dashboard/catalog 200 in 58ms (next.js: 1176µs, application-code: 57ms)
 GET / 200 in 49ms (next.js: 1275µs, application-code: 47ms)
 GET /vendor-dashboard/catalog 200 in 82ms (next.js: 1084µs, application-code: 81ms)
 GET / 200 in 72ms (next.js: 1655µs, application-code: 70ms)
 GET / 200 in 63ms (next.js: 10ms, application-code: 53ms)
 GET /vendor-dashboard/catalog 200 in 63ms (next.js: 1252µs, application-code: 62ms)
 GET /vendor-dashboard/catalog 200 in 56ms (next.js: 1107µs, application-code: 55ms)
 GET / 200 in 59ms (next.js: 873µs, application-code: 58ms)
 GET /vendor-dashboard/catalog 200 in 62ms (next.js: 859µs, application-code: 61ms)
 GET / 200 in 53ms (next.js: 1604µs, application-code: 51ms)
 GET /vendor-dashboard/catalog 200 in 53ms (next.js: 9ms, application-code: 45ms)
 GET / 200 in 43ms (next.js: 1335µs, application-code: 42ms)
 GET /vendor-dashboard/catalog 200 in 64ms (next.js: 10ms, application-code: 54ms)
 GET / 200 in 46ms (next.js: 1358µs, application-code: 45ms)
 GET /vendor-dashboard/catalog 200 in 67ms (next.js: 1785µs, application-code: 65ms)
 GET / 200 in 55ms (next.js: 1265µs, application-code: 54ms)
 GET /vendor-dashboard/catalog 200 in 56ms (next.js: 10ms, application-code: 46ms)
 GET / 200 in 37ms (next.js: 1422µs, application-code: 35ms)
 GET / 200 in 65ms (next.js: 15ms, application-code: 51ms)
 GET /vendor-dashboard/catalog 200 in 67ms (next.js: 1102µs, application-code: 66ms)
 GET / 200 in 60ms (next.js: 13ms, application-code: 47ms)
 GET /vendor-dashboard/catalog 200 in 62ms (next.js: 5ms, application-code: 57ms)
 GET / 200 in 41ms (next.js: 10ms, application-code: 31ms)
 GET /vendor-dashboard/catalog 200 in 59ms (next.js: 1048µs, application-code: 58ms)
 GET /vendor-dashboard/catalog 200 in 60ms (next.js: 993µs, application-code: 59ms)
 GET / 200 in 51ms (next.js: 1271µs, application-code: 49ms)
 GET / 200 in 541ms (next.js: 10ms, application-code: 531ms)
 GET /vendor-dashboard/catalog 200 in 542ms (next.js: 1597µs, application-code: 541ms)
 GET / 200 in 523ms (next.js: 1512µs, application-code: 522ms)
 GET /vendor-dashboard/catalog 200 in 524ms (next.js: 10ms, application-code: 514ms)
 GET / 200 in 504ms (next.js: 858µs, application-code: 503ms)
 GET /vendor-dashboard/catalog 200 in 466ms (next.js: 25ms, application-code: 441ms)
 GET / 200 in 61ms (next.js: 871µs, application-code: 60ms)
 GET / 200 in 50ms (next.js: 10ms, application-code: 40ms)
 GET /vendor-dashboard/catalog 200 in 50ms (next.js: 1014µs, application-code: 49ms)
 GET /vendor-dashboard/catalog 200 in 32ms (next.js: 1091µs, application-code: 31ms)
 GET / 200 in 21ms (next.js: 1108µs, application-code: 20ms)
 GET /vendor-dashboard/catalog 200 in 12ms (next.js: 1186µs, application-code: 11ms)
 GET / 200 in 56ms (next.js: 1379µs, application-code: 54ms)
 GET /vendor-dashboard/catalog 200 in 56ms (next.js: 10ms, application-code: 46ms)
 GET / 200 in 37ms (next.js: 904µs, application-code: 36ms)
 GET /vendor-dashboard/catalog 200 in 37ms (next.js: 9ms, application-code: 28ms)
 GET / 200 in 20ms (next.js: 637µs, application-code: 19ms)
 GET /vendor-dashboard/catalog 200 in 38ms (next.js: 1446µs, application-code: 36ms)
 GET / 200 in 84ms (next.js: 916µs, application-code: 83ms)
 GET /vendor-dashboard/catalog 200 in 86ms (next.js: 14ms, application-code: 71ms)
 GET / 200 in 62ms (next.js: 1012µs, application-code: 61ms)
 GET /vendor-dashboard/catalog 200 in 73ms (next.js: 11ms, application-code: 62ms)
 GET / 200 in 52ms (next.js: 3ms, application-code: 49ms)
 GET /vendor-dashboard/catalog 200 in 51ms (next.js: 1186µs, application-code: 50ms)
 GET / 200 in 72ms (next.js: 2ms, application-code: 70ms)
 GET / 200 in 50ms (next.js: 1851µs, application-code: 48ms)
 GET /vendor-dashboard/catalog 200 in 71ms (next.js: 1662µs, application-code: 69ms)
 GET / 200 in 49ms (next.js: 1446µs, application-code: 47ms)
 GET /vendor-dashboard/catalog 200 in 59ms (next.js: 1558µs, application-code: 58ms)
 GET /vendor-dashboard/catalog 200 in 50ms (next.js: 1043µs, application-code: 49ms)
 GET / 200 in 59ms (next.js: 1571µs, application-code: 58ms)
 GET / 200 in 50ms (next.js: 1796µs, application-code: 48ms)
 GET /vendor-dashboard/catalog 200 in 60ms (next.js: 1141µs, application-code: 58ms)
 GET / 200 in 61ms (next.js: 11ms, application-code: 50ms)
 GET /vendor-dashboard/catalog 200 in 63ms (next.js: 1325µs, application-code: 61ms)
 GET /vendor-dashboard/catalog 200 in 54ms (next.js: 1407µs, application-code: 53ms)
 GET / 200 in 66ms (next.js: 1251µs, application-code: 65ms)
 GET / 200 in 56ms (next.js: 12ms, application-code: 44ms)
 GET /vendor-dashboard/catalog 200 in 56ms (next.js: 1364µs, application-code: 55ms)
 GET /vendor-dashboard/catalog 200 in 35ms (next.js: 1273µs, application-code: 34ms)
 GET / 200 in 25ms (next.js: 1409µs, application-code: 23ms)
 GET /vendor-dashboard/catalog 200 in 24ms (next.js: 797µs, application-code: 23ms)
 GET / 200 in 60ms (next.js: 746µs, application-code: 60ms)
 GET / 200 in 52ms (next.js: 10ms, application-code: 42ms)
 GET /vendor-dashboard/catalog 200 in 53ms (next.js: 1090µs, application-code: 51ms)
 GET /vendor-dashboard/catalog 200 in 37ms (next.js: 589µs, application-code: 36ms)
 GET / 200 in 40ms (next.js: 962µs, application-code: 39ms)
 GET /vendor-dashboard/catalog 200 in 88ms (next.js: 747µs, application-code: 87ms)
 GET / 200 in 79ms (next.js: 1173µs, application-code: 78ms)
 GET / 200 in 112ms (next.js: 1259µs, application-code: 110ms)
 GET / 200 in 99ms (next.js: 1348µs, application-code: 98ms)
 GET / 200 in 99ms (next.js: 8ms, application-code: 90ms)
 GET / 200 in 99ms (next.js: 15ms, application-code: 83ms)
 GET / 200 in 99ms (next.js: 22ms, application-code: 76ms)
 GET / 200 in 99ms (next.js: 38ms, application-code: 61ms)
 GET /vendor-dashboard/catalog 200 in 99ms (next.js: 29ms, application-code: 69ms)
 GET / 200 in 44ms (next.js: 13ms, application-code: 32ms)
 GET / 200 in 44ms (next.js: 20ms, application-code: 24ms)
 GET /vendor-dashboard/catalog 200 in 45ms (next.js: 1081µs, application-code: 44ms)
 GET / 200 in 18ms (next.js: 786µs, application-code: 17ms)
 GET /vendor-dashboard/catalog 200 in 18ms (next.js: 8ms, application-code: 10ms)
 GET / 200 in 81ms (next.js: 721µs, application-code: 81ms)
 GET / 200 in 73ms (next.js: 1203µs, application-code: 72ms)
 GET / 200 in 73ms (next.js: 22ms, application-code: 52ms)
 GET / 200 in 74ms (next.js: 15ms, application-code: 58ms)
 GET / 200 in 74ms (next.js: 28ms, application-code: 46ms)
 GET / 200 in 74ms (next.js: 35ms, application-code: 39ms)
 GET / 200 in 74ms (next.js: 41ms, application-code: 33ms)
 GET /vendor-dashboard/catalog 200 in 75ms (next.js: 8ms, application-code: 67ms)
 GET / 200 in 23ms (next.js: 1018µs, application-code: 22ms)
 GET /vendor-dashboard/catalog 200 in 62ms (next.js: 9ms, application-code: 53ms)
 GET / 200 in 71ms (next.js: 2ms, application-code: 68ms)
 GET / 200 in 70ms (next.js: 10ms, application-code: 60ms)
 GET / 200 in 61ms (next.js: 20ms, application-code: 41ms)
 GET / 200 in 126ms (next.js: 21ms, application-code: 105ms)
 GET / 200 in 127ms (next.js: 4ms, application-code: 123ms)
 GET / 200 in 127ms (next.js: 16ms, application-code: 110ms)
 GET / 200 in 53ms (next.js: 7ms, application-code: 46ms)
 GET / 200 in 54ms (next.js: 2ms, application-code: 51ms)
 GET / 200 in 52ms (next.js: 11ms, application-code: 41ms)
 GET / 200 in 35ms (next.js: 1065µs, application-code: 34ms)
 GET / 200 in 35ms (next.js: 5ms, application-code: 30ms)
 GET /icon-192x192.png 404 in 152ms (next.js: 17ms, application-code: 135ms)
 GET / 200 in 35ms (next.js: 16ms, application-code: 19ms)
 GET /icon-192x192.png 404 in 20ms (next.js: 948µs, application-code: 19ms)
 GET / 200 in 29ms (next.js: 808µs, application-code: 28ms)
 GET / 200 in 23ms (next.js: 870µs, application-code: 22ms)
 GET / 200 in 23ms (next.js: 9ms, application-code: 14ms)
 GET / 200 in 23ms (next.js: 17ms, application-code: 6ms)
 GET / 200 in 24ms (next.js: 5ms, application-code: 18ms)
 GET / 200 in 24ms (next.js: 13ms, application-code: 10ms)
 GET / 200 in 29ms (next.js: 861µs, application-code: 28ms)
 GET / 200 in 24ms (next.js: 1059µs, application-code: 23ms)
 GET / 200 in 24ms (next.js: 5ms, application-code: 19ms)
 GET / 200 in 24ms (next.js: 14ms, application-code: 10ms)
 GET / 200 in 24ms (next.js: 10ms, application-code: 14ms)
 GET / 200 in 24ms (next.js: 18ms, application-code: 6ms)
 GET / 200 in 38ms (next.js: 729µs, application-code: 37ms)
 GET / 200 in 27ms (next.js: 6ms, application-code: 20ms)
 GET / 200 in 27ms (next.js: 1188µs, application-code: 26ms)
 GET / 200 in 27ms (next.js: 16ms, application-code: 10ms)
 GET / 200 in 27ms (next.js: 12ms, application-code: 15ms)
 GET / 200 in 27ms (next.js: 21ms, application-code: 5ms)
 GET / 200 in 38ms (next.js: 601µs, application-code: 37ms)
 GET / 200 in 33ms (next.js: 17ms, application-code: 16ms)
 GET / 200 in 33ms (next.js: 11ms, application-code: 22ms)
 GET / 200 in 33ms (next.js: 6ms, application-code: 27ms)
 GET / 200 in 33ms (next.js: 1006µs, application-code: 32ms)
 GET / 200 in 33ms (next.js: 25ms, application-code: 8ms)
 GET / 200 in 59ms (next.js: 6ms, application-code: 53ms)
 GET / 200 in 44ms (next.js: 1279µs, application-code: 43ms)
 GET / 200 in 44ms (next.js: 8ms, application-code: 36ms)
 GET / 200 in 44ms (next.js: 22ms, application-code: 22ms)
 GET / 200 in 44ms (next.js: 15ms, application-code: 29ms)
 GET / 200 in 44ms (next.js: 35ms, application-code: 9ms)
 GET / 200 in 23ms (next.js: 758µs, application-code: 22ms)
 GET / 200 in 15ms (next.js: 990µs, application-code: 14ms)
 GET / 200 in 15ms (next.js: 7ms, application-code: 8ms)
 GET / 200 in 187ms (next.js: 15ms, application-code: 172ms)
 GET /icon-192x192.png 404 in 31ms (next.js: 5ms, application-code: 26ms)
 GET /pro 200 in 459ms (next.js: 404ms, application-code: 55ms)
 GET /icon-192x192.png 404 in 30ms (next.js: 4ms, application-code: 26ms)
 GET / 200 in 88ms (next.js: 22ms, application-code: 66ms)
 GET /pro 200 in 88ms (next.js: 6ms, application-code: 82ms)
 GET /pro 200 in 44ms (next.js: 1120µs, application-code: 43ms)
 GET / 200 in 44ms (next.js: 11ms, application-code: 34ms)
 GET / 200 in 12ms (next.js: 1292µs, application-code: 10ms)
 GET /pro 200 in 25ms (next.js: 939µs, application-code: 25ms)
 GET /pro 200 in 61ms (next.js: 1662µs, application-code: 59ms)
 GET / 200 in 51ms (next.js: 1105µs, application-code: 50ms)
 GET /pro 200 in 31ms (next.js: 866µs, application-code: 30ms)
 GET / 200 in 23ms (next.js: 798µs, application-code: 22ms)
 GET /pro 200 in 16ms (next.js: 765µs, application-code: 15ms)
 GET / 200 in 16ms (next.js: 8ms, application-code: 8ms)
 GET /pro 200 in 77ms (next.js: 909µs, application-code: 76ms)
 GET / 200 in 65ms (next.js: 1456µs, application-code: 63ms)
 GET /pro 200 in 65ms (next.js: 11ms, application-code: 55ms)
 GET / 200 in 53ms (next.js: 1384µs, application-code: 51ms)
 GET /pro 200 in 53ms (next.js: 8ms, application-code: 45ms)
 GET / 200 in 55ms (next.js: 1801µs, application-code: 53ms)
 GET /pro 200 in 62ms (next.js: 1472µs, application-code: 60ms)
 GET / 200 in 53ms (next.js: 1119µs, application-code: 52ms)
 GET /pro 200 in 54ms (next.js: 14ms, application-code: 41ms)
 GET / 200 in 53ms (next.js: 1148µs, application-code: 52ms)
 GET /pro 200 in 53ms (next.js: 9ms, application-code: 44ms)
 GET / 200 in 60ms (next.js: 1133µs, application-code: 59ms)
 GET /pro 200 in 58ms (next.js: 1575µs, application-code: 56ms)
 GET / 200 in 46ms (next.js: 1174µs, application-code: 45ms)
 GET /pro 200 in 47ms (next.js: 10ms, application-code: 37ms)
 GET /pro 200 in 47ms (next.js: 8ms, application-code: 38ms)
 GET / 200 in 58ms (next.js: 1460µs, application-code: 56ms)
 GET / 200 in 63ms (next.js: 629µs, application-code: 62ms)
 GET /pro 200 in 76ms (next.js: 1578µs, application-code: 75ms)
 GET / 200 in 60ms (next.js: 2ms, application-code: 57ms)
 GET /pro 200 in 59ms (next.js: 11ms, application-code: 48ms)
 GET / 200 in 68ms (next.js: 1778µs, application-code: 67ms)
 GET /pro 200 in 68ms (next.js: 11ms, application-code: 58ms)
 GET / 200 in 76ms (next.js: 1119µs, application-code: 75ms)
 GET /pro 200 in 81ms (next.js: 1491µs, application-code: 79ms)
 GET / 200 in 51ms (next.js: 2ms, application-code: 48ms)
 GET /pro 200 in 50ms (next.js: 10ms, application-code: 40ms)
 GET / 200 in 32ms (next.js: 868µs, application-code: 31ms)
 GET /pro 200 in 24ms (next.js: 1952µs, application-code: 22ms)
 GET / 200 in 15ms (next.js: 1309µs, application-code: 13ms)
 GET /icon-192x192.png 404 in 45ms (next.js: 3ms, application-code: 42ms)
 GET /icon-192x192.png 404 in 21ms (next.js: 1220µs, application-code: 20ms)
 GET /pro 200 in 62ms (next.js: 19ms, application-code: 43ms)
 GET /icon-192x192.png 404 in 36ms (next.js: 2ms, application-code: 34ms)
 GET /icon-192x192.png 404 in 33ms (next.js: 8ms, application-code: 26ms)
 GET / 200 in 31ms (next.js: 5ms, application-code: 27ms)
 GET /icon-192x192.png 404 in 23ms (next.js: 2ms, application-code: 21ms)
 GET /profile 200 in 52ms (next.js: 30ms, application-code: 22ms)
 GET /icon-192x192.png 404 in 37ms (next.js: 3ms, application-code: 34ms)
 GET /login 200 in 85ms (next.js: 38ms, application-code: 48ms)
 GET /login 200 in 24ms (next.js: 2ms, application-code: 22ms)
 GET /icon-192x192.png 404 in 31ms (next.js: 2ms, application-code: 29ms)
 GET /login 200 in 40ms (next.js: 13ms, application-code: 28ms)
 GET /icon-192x192.png 404 in 31ms (next.js: 4ms, application-code: 27ms)
 GET / 200 in 37ms (next.js: 10ms, application-code: 27ms)
 GET /profile 200 in 35ms (next.js: 25ms, application-code: 11ms)
 GET /icon-192x192.png 404 in 32ms (next.js: 5ms, application-code: 27ms)
 GET /profile/payments 200 in 62ms (next.js: 39ms, application-code: 23ms)
 GET /icon-192x192.png 404 in 50ms (next.js: 1244µs, application-code: 49ms)
 GET /profile 200 in 25ms (next.js: 4ms, application-code: 21ms)
 GET /icon-192x192.png 404 in 27ms (next.js: 4ms, application-code: 22ms)
 GET /profile/enquiries 200 in 50ms (next.js: 28ms, application-code: 22ms)
 GET /icon-192x192.png 404 in 25ms (next.js: 2ms, application-code: 23ms)
 GET /profile 200 in 27ms (next.js: 3ms, application-code: 24ms)
 GET /icon-192x192.png 404 in 186ms (next.js: 4ms, application-code: 182ms)
 GET /profile 200 in 37ms (next.js: 4ms, application-code: 33ms)
 GET /icon-192x192.png 404 in 30ms (next.js: 1831µs, application-code: 28ms)
 GET /profile 200 in 34ms (next.js: 4ms, application-code: 29ms)
 GET /icon-192x192.png 404 in 33ms (next.js: 3ms, application-code: 30ms)
 GET /profile 200 in 24ms (next.js: 4ms, application-code: 20ms)
 GET /icon-192x192.png 404 in 33ms (next.js: 3ms, application-code: 30ms)
 GET /profile 200 in 20ms (next.js: 3ms, application-code: 17ms)
 GET /icon-192x192.png 404 in 26ms (next.js: 1719µs, application-code: 24ms)
 GET /profile 200 in 22ms (next.js: 3ms, application-code: 19ms)
 GET /icon-192x192.png 404 in 26ms (next.js: 2ms, application-code: 24ms)
 GET /profile 200 in 22ms (next.js: 16ms, application-code: 6ms)
 GET / 200 in 83ms (next.js: 3ms, application-code: 80ms)
 GET / 200 in 64ms (next.js: 3ms, application-code: 62ms)
 GET / 200 in 64ms (next.js: 13ms, application-code: 51ms)
 GET / 200 in 63ms (next.js: 30ms, application-code: 34ms)
 GET / 200 in 25ms (next.js: 8ms, application-code: 17ms)
 GET / 200 in 26ms (next.js: 1496µs, application-code: 25ms)
 GET / 200 in 84ms (next.js: 13ms, application-code: 71ms)
 GET / 200 in 85ms (next.js: 4ms, application-code: 81ms)
 GET / 200 in 63ms (next.js: 9ms, application-code: 54ms)
 GET / 200 in 64ms (next.js: 1624µs, application-code: 62ms)
 GET / 200 in 63ms (next.js: 17ms, application-code: 46ms)
 GET / 200 in 63ms (next.js: 24ms, application-code: 39ms)
 GET /icon-192x192.png 404 in 29ms (next.js: 1357µs, application-code: 28ms)
 GET / 200 in 42ms (next.js: 897µs, application-code: 41ms)
 GET / 200 in 34ms (next.js: 1228µs, application-code: 33ms)
 GET / 200 in 34ms (next.js: 20ms, application-code: 13ms)
 GET / 200 in 27ms (next.js: 19ms, application-code: 7ms)
 GET / 200 in 34ms (next.js: 8ms, application-code: 26ms)
 GET / 200 in 34ms (next.js: 14ms, application-code: 20ms)
 GET /profile 200 in 5ms (next.js: 507µs, application-code: 4ms)
 GET / 200 in 25ms (next.js: 659µs, application-code: 24ms)
 GET / 200 in 18ms (next.js: 558µs, application-code: 17ms)
 GET / 200 in 18ms (next.js: 7ms, application-code: 11ms)
 GET /icon-192x192.png 404 in 15ms (next.js: 999µs, application-code: 14ms)
 GET / 200 in 27ms (next.js: 4ms, application-code: 24ms)
 GET /icon-192x192.png 404 in 34ms (next.js: 11ms, application-code: 23ms)
 GET / 200 in 285ms (next.js: 103ms, application-code: 182ms)
 GET /explore 200 in 45ms (next.js: 14ms, application-code: 31ms)
 GET / 200 in 124ms (next.js: 38ms, application-code: 86ms)
 GET / 200 in 121ms (next.js: 1199µs, application-code: 120ms)
 GET /explore 200 in 118ms (next.js: 1903µs, application-code: 116ms)
 GET /explore 200 in 156ms (next.js: 17ms, application-code: 139ms)
 GET / 200 in 157ms (next.js: 8ms, application-code: 148ms)
 GET / 200 in 86ms (next.js: 1840µs, application-code: 84ms)
 GET /explore 200 in 70ms (next.js: 1649µs, application-code: 69ms)
 GET / 200 in 60ms (next.js: 1677µs, application-code: 58ms)
 GET /explore 200 in 47ms (next.js: 2ms, application-code: 45ms)
 GET /explore 200 in 27ms (next.js: 2ms, application-code: 25ms)
 GET /icon-192x192.png 404 in 145ms (next.js: 25ms, application-code: 120ms)
 GET /icon-192x192.png 404 in 17ms (next.js: 1189µs, application-code: 16ms)
 GET / 200 in 71ms (next.js: 17ms, application-code: 54ms)
 GET /explore 200 in 74ms (next.js: 5ms, application-code: 69ms)
 GET /explore 200 in 40ms (next.js: 25ms, application-code: 15ms)
 GET /icon-192x192.png 404 in 47ms (next.js: 7ms, application-code: 40ms)
 GET /icon-192x192.png 404 in 39ms (next.js: 1568µs, application-code: 38ms)
 GET /login 200 in 85ms (next.js: 39ms, application-code: 47ms)
 GET /icon-192x192.png 404 in 41ms (next.js: 7ms, application-code: 34ms)
 GET / 200 in 38ms (next.js: 4ms, application-code: 34ms)
 GET /icon-192x192.png 404 in 38ms (next.js: 4ms, application-code: 34ms)
 GET /login 200 in 38ms (next.js: 7ms, application-code: 32ms)
 GET /icon-192x192.png 404 in 53ms (next.js: 9ms, application-code: 44ms)
 GET / 200 in 96ms (next.js: 6ms, application-code: 90ms)
 GET /profile 200 in 95ms (next.js: 67ms, application-code: 28ms)
 GET /icon-192x192.png 404 in 27ms (next.js: 5ms, application-code: 22ms)
 GET / 200 in 26ms (next.js: 6ms, application-code: 21ms)
 GET /explore 200 in 56ms (next.js: 4ms, application-code: 52ms)
 GET /explore 200 in 74ms (next.js: 2ms, application-code: 72ms)
 GET /icon-192x192.png 404 in 42ms (next.js: 5ms, application-code: 37ms)
 GET /icon-192x192.png 404 in 42ms (next.js: 5ms, application-code: 36ms)
 GET / 200 in 29ms (next.js: 4ms, application-code: 25ms)
 GET /explore 200 in 309ms (next.js: 3ms, application-code: 306ms)
 GET /explore 200 in 301ms (next.js: 2ms, application-code: 299ms)
 GET /icon-192x192.png 404 in 548ms (next.js: 1709µs, application-code: 547ms)
 GET /icon-192x192.png 404 in 20ms (next.js: 1312µs, application-code: 19ms)
 GET /explore 200 in 29ms (next.js: 3ms, application-code: 25ms)
 GET /icon-192x192.png 404 in 27ms (next.js: 3ms, application-code: 24ms)
 GET /explore 200 in 28ms (next.js: 5ms, application-code: 23ms)
 GET /icon-192x192.png 404 in 31ms (next.js: 3ms, application-code: 28ms)
 GET /explore 200 in 27ms (next.js: 4ms, application-code: 23ms)
 GET /icon-192x192.png 404 in 34ms (next.js: 3ms, application-code: 31ms)
 GET / 200 in 23ms (next.js: 4ms, application-code: 19ms)
 GET /explore 200 in 32ms (next.js: 3ms, application-code: 29ms)
 GET /explore 200 in 41ms (next.js: 2ms, application-code: 38ms)
 GET /icon-192x192.png 404 in 31ms (next.js: 1788µs, application-code: 29ms)
 GET /icon-192x192.png 404 in 57ms (next.js: 4ms, application-code: 52ms)
 GET / 200 in 58ms (next.js: 3ms, application-code: 55ms)
 GET /home 404 in 47ms (next.js: 10ms, application-code: 37ms)
 GET /icon-192x192.png 404 in 30ms (next.js: 5ms, application-code: 25ms)
 GET / 200 in 53ms (next.js: 7ms, application-code: 46ms)
 GET /explore 200 in 72ms (next.js: 3ms, application-code: 70ms)
 GET /explore 200 in 52ms (next.js: 2ms, application-code: 49ms)
 GET /icon-192x192.png 404 in 42ms (next.js: 2ms, application-code: 39ms)
 GET /icon-192x192.png 404 in 24ms (next.js: 1239µs, application-code: 23ms)
 GET / 200 in 24ms (next.js: 3ms, application-code: 21ms)
 GET /explore 200 in 56ms (next.js: 5ms, application-code: 51ms)
 GET /explore 200 in 34ms (next.js: 1965µs, application-code: 32ms)
 GET /icon-192x192.png 404 in 35ms (next.js: 13ms, application-code: 23ms)
 GET /icon-192x192.png 404 in 20ms (next.js: 2ms, application-code: 18ms)
 GET /explore 200 in 58ms (next.js: 19ms, application-code: 40ms)
 GET /icon-192x192.png 404 in 32ms (next.js: 3ms, application-code: 28ms)
 GET /explore 200 in 77ms (next.js: 9ms, application-code: 68ms)
 GET /icon-192x192.png 404 in 22ms (next.js: 1698µs, application-code: 21ms)
 GET / 200 in 30ms (next.js: 8ms, application-code: 23ms)
 GET /explore 200 in 50ms (next.js: 3ms, application-code: 48ms)
 GET /explore 200 in 38ms (next.js: 1576µs, application-code: 36ms)
 GET /icon-192x192.png 404 in 29ms (next.js: 3ms, application-code: 26ms)
 GET /icon-192x192.png 404 in 26ms (next.js: 2ms, application-code: 24ms)
 GET /icon-192x192.png 404 in 48ms (next.js: 4ms, application-code: 44ms)
 GET / 200 in 82ms (next.js: 2ms, application-code: 80ms)
 GET / 200 in 62ms (next.js: 2ms, application-code: 60ms)
 GET / 200 in 22ms (next.js: 1469µs, application-code: 21ms)
 GET / 200 in 22ms (next.js: 11ms, application-code: 11ms)
 GET / 200 in 34ms (next.js: 5ms, application-code: 29ms)
 GET /explore 200 in 19ms (next.js: 3ms, application-code: 16ms)
 GET /icon-192x192.png 404 in 23ms (next.js: 3ms, application-code: 21ms)
 GET / 200 in 24ms (next.js: 4ms, application-code: 20ms)
 GET /explore 200 in 44ms (next.js: 5ms, application-code: 39ms)
 GET /explore 200 in 29ms (next.js: 1324µs, application-code: 27ms)
 GET /icon-192x192.png 404 in 29ms (next.js: 9ms, application-code: 21ms)
 GET /icon-192x192.png 404 in 24ms (next.js: 3ms, application-code: 20ms)
 GET /icon-192x192.png 404 in 94ms (next.js: 76ms, application-code: 18ms)
 GET / 200 in 54ms (next.js: 15ms, application-code: 39ms)
 GET /explore 200 in 38ms (next.js: 5ms, application-code: 33ms)
 GET /explore 200 in 12ms (next.js: 1438µs, application-code: 10ms)
 GET /icon-192x192.png 404 in 49ms (next.js: 5ms, application-code: 43ms)
 GET /icon-192x192.png 404 in 37ms (next.js: 3ms, application-code: 34ms)
 GET /login 200 in 38ms (next.js: 8ms, application-code: 30ms)
 GET /icon-192x192.png 404 in 53ms (next.js: 5ms, application-code: 49ms)
 GET / 200 in 48ms (next.js: 4ms, application-code: 44ms)
 GET /icon-192x192.png 404 in 30ms (next.js: 3ms, application-code: 28ms)
✓ Compiled in 300ms
 GET / 200 in 314ms (next.js: 165ms, application-code: 149ms)
 GET /explore 200 in 308ms (next.js: 228ms, application-code: 80ms)
 GET / 200 in 94ms (next.js: 1105µs, application-code: 93ms)
 GET /explore 200 in 79ms (next.js: 7ms, application-code: 73ms)
 GET / 200 in 56ms (next.js: 1736µs, application-code: 54ms)
 GET /explore 200 in 41ms (next.js: 1983µs, application-code: 39ms)
 GET /icon-192x192.png 404 in 144ms (next.js: 19ms, application-code: 125ms)
 GET /icon-192x192.png 404 in 21ms (next.js: 2ms, application-code: 19ms)
 GET / 200 in 95ms (next.js: 15ms, application-code: 79ms)
 GET /icon-192x192.png 404 in 37ms (next.js: 2ms, application-code: 35ms)
 GET / 200 in 47ms (next.js: 5ms, application-code: 41ms)
 GET /icon-192x192.png 404 in 27ms (next.js: 1865µs, application-code: 25ms)
 GET /login 200 in 85ms (next.js: 51ms, application-code: 34ms)
 GET /icon-192x192.png 404 in 27ms (next.js: 3ms, application-code: 24ms)
 GET / 200 in 138ms (next.js: 8ms, application-code: 130ms)
 GET /profile 200 in 147ms (next.js: 55ms, application-code: 92ms)
 GET /icon-192x192.png 404 in 461ms (next.js: 29ms, application-code: 433ms)
 GET / 200 in 31ms (next.js: 4ms, application-code: 27ms)
 GET /icon-192x192.png 404 in 33ms (next.js: 5ms, application-code: 29ms)
✓ Compiled in 104ms
✓ Compiled in 85ms
✓ Compiled in 102ms
 GET / 200 in 79ms (next.js: 23ms, application-code: 55ms)
 GET /icon-192x192.png 404 in 54ms (next.js: 4ms, application-code: 51ms)
 GET / 200 in 66ms (next.js: 8ms, application-code: 58ms)
 GET /icon-192x192.png 404 in 38ms (next.js: 1752µs, application-code: 36ms)
 GET /pro 200 in 59ms (next.js: 22ms, application-code: 37ms)
 GET /icon-192x192.png 404 in 40ms (next.js: 3ms, application-code: 37ms)
 GET /vendor/register 200 in 75ms (next.js: 39ms, application-code: 37ms)
 GET /icon-192x192.png 404 in 58ms (next.js: 3ms, application-code: 55ms)
 GET / 200 in 28ms (next.js: 6ms, application-code: 22ms)
 GET /icon-192x192.png 404 in 41ms (next.js: 6ms, application-code: 35ms)
 GET / 200 in 19ms (next.js: 4ms, application-code: 15ms)
 GET / 200 in 17ms (next.js: 2ms, application-code: 15ms)
 GET /icon-192x192.png 404 in 64ms (next.js: 1574µs, application-code: 63ms)
 GET / 200 in 15ms (next.js: 5ms, application-code: 10ms)
 GET / 200 in 17ms (next.js: 3ms, application-code: 15ms)
 GET /icon-192x192.png 404 in 32ms (next.js: 1874µs, application-code: 30ms)
 GET /login 200 in 37ms (next.js: 10ms, application-code: 28ms)
 GET /icon-192x192.png 404 in 25ms (next.js: 1696µs, application-code: 23ms)
 GET / 200 in 43ms (next.js: 4ms, application-code: 39ms)
 GET /icon-192x192.png 404 in 37ms (next.js: 3ms, application-code: 33ms)
 GET /pro 200 in 42ms (next.js: 7ms, application-code: 35ms)
 GET /icon-192x192.png 404 in 26ms (next.js: 2ms, application-code: 24ms)
 GET /vendor/register 200 in 26ms (next.js: 6ms, application-code: 21ms)
 GET /icon-192x192.png 404 in 33ms (next.js: 8ms, application-code: 25ms)
 GET / 200 in 28ms (next.js: 4ms, application-code: 24ms)
 GET /icon-192x192.png 404 in 27ms (next.js: 4ms, application-code: 23ms)
 GET / 200 in 14ms (next.js: 2ms, application-code: 12ms)
 GET / 200 in 16ms (next.js: 1834µs, application-code: 15ms)
 GET /icon-192x192.png 404 in 25ms (next.js: 3ms, application-code: 23ms)
 GET /login 200 in 58ms (next.js: 20ms, application-code: 38ms)
 GET /icon-192x192.png 404 in 28ms (next.js: 3ms, application-code: 25ms)
 GET / 200 in 70ms (next.js: 7ms, application-code: 63ms)
 GET /profile 200 in 69ms (next.js: 27ms, application-code: 42ms)
 GET /icon-192x192.png 404 in 31ms (next.js: 2ms, application-code: 29ms)
 GET / 200 in 38ms (next.js: 5ms, application-code: 33ms)
 GET /icon-192x192.png 404 in 38ms (next.js: 4ms, application-code: 35ms)
 GET / 200 in 20ms (next.js: 4ms, application-code: 16ms)
 GET / 200 in 53ms (next.js: 3ms, application-code: 50ms)
 GET / 200 in 22ms (next.js: 1550µs, application-code: 21ms)
 GET / 200 in 40ms (next.js: 20ms, application-code: 20ms)
 GET / 200 in 22ms (next.js: 2ms, application-code: 19ms)
 GET /icon-192x192.png 404 in 32ms (next.js: 4ms, application-code: 28ms)
 GET /explore 200 in 40ms (next.js: 3ms, application-code: 37ms)
 GET / 200 in 667ms (next.js: 336ms, application-code: 332ms)
 GET /explore 200 in 266ms (next.js: 39ms, application-code: 227ms)
 GET / 200 in 207ms (next.js: 8ms, application-code: 199ms)
 GET /explore 200 in 201ms (next.js: 1314µs, application-code: 200ms)
 GET / 200 in 717ms (next.js: 123ms, application-code: 594ms)
 GET /icon-192x192.png 404 in 722ms (next.js: 20ms, application-code: 702ms)
 GET /explore 200 in 589ms (next.js: 3ms, application-code: 586ms)
 GET / 200 in 578ms (next.js: 1153µs, application-code: 577ms)
 GET /explore 200 in 518ms (next.js: 26ms, application-code: 492ms)
 GET / 200 in 26ms (next.js: 1711µs, application-code: 24ms)
 GET /icon-192x192.png 404 in 54ms (next.js: 10ms, application-code: 44ms)
 GET /icon-192x192.png 404 in 18ms (next.js: 1342µs, application-code: 16ms)
 GET / 200 in 77ms (next.js: 5ms, application-code: 73ms)
 GET /icon-192x192.png 404 in 24ms (next.js: 2ms, application-code: 22ms)
 GET /profile 200 in 47ms (next.js: 29ms, application-code: 19ms)
 GET /icon-192x192.png 404 in 32ms (next.js: 11ms, application-code: 21ms)
 GET /login 200 in 85ms (next.js: 33ms, application-code: 52ms)
 GET /login 200 in 27ms (next.js: 11ms, application-code: 16ms)
 GET /icon-192x192.png 404 in 30ms (next.js: 9ms, application-code: 21ms)
 GET / 200 in 41ms (next.js: 5ms, application-code: 36ms)
 GET /icon-192x192.png 404 in 36ms (next.js: 2ms, application-code: 34ms)
 GET /vendor/register 200 in 56ms (next.js: 27ms, application-code: 29ms)
 GET /icon-192x192.png 404 in 21ms (next.js: 1720µs, application-code: 20ms)
 GET / 200 in 52ms (next.js: 20ms, application-code: 32ms)
 GET /icon-192x192.png 404 in 27ms (next.js: 3ms, application-code: 24ms)
✓ Compiled in 171ms
✓ Compiled in 488ms
 GET /explore 200 in 361ms (next.js: 137ms, application-code: 225ms)
 GET / 200 in 355ms (next.js: 188ms, application-code: 168ms)
 GET /explore 200 in 175ms (next.js: 1931µs, application-code: 173ms)
 GET / 200 in 175ms (next.js: 10ms, application-code: 165ms)
 GET /explore 200 in 64ms (next.js: 1538µs, application-code: 62ms)
 GET / 200 in 75ms (next.js: 11ms, application-code: 63ms)
 GET /explore 200 in 75ms (next.js: 1488µs, application-code: 74ms)
 GET / 200 in 55ms (next.js: 1239µs, application-code: 53ms)
 GET /explore 200 in 57ms (next.js: 1318µs, application-code: 56ms)
 GET / 200 in 59ms (next.js: 10ms, application-code: 49ms)
 GET /explore 200 in 61ms (next.js: 1014µs, application-code: 60ms)
 GET / 200 in 60ms (next.js: 1238µs, application-code: 58ms)
 GET /explore 200 in 68ms (next.js: 1765µs, application-code: 66ms)
 GET / 200 in 54ms (next.js: 4ms, application-code: 50ms)
 GET /explore 200 in 42ms (next.js: 1489µs, application-code: 40ms)
 GET / 200 in 31ms (next.js: 1672µs, application-code: 29ms)
 GET /explore 200 in 43ms (next.js: 1763µs, application-code: 41ms)
 GET / 200 in 43ms (next.js: 11ms, application-code: 32ms)
 GET /explore 200 in 48ms (next.js: 1055µs, application-code: 47ms)
 GET / 200 in 36ms (next.js: 1230µs, application-code: 35ms)
 GET /explore 200 in 19ms (next.js: 1445µs, application-code: 17ms)
 GET / 200 in 19ms (next.js: 10ms, application-code: 9ms)
 GET /explore 200 in 55ms (next.js: 1164µs, application-code: 54ms)
 GET / 200 in 47ms (next.js: 3ms, application-code: 44ms)
 GET /explore 200 in 39ms (next.js: 2ms, application-code: 37ms)
 GET / 200 in 29ms (next.js: 1578µs, application-code: 28ms)
✓ Compiled in 51ms
 GET /explore 200 in 236ms (next.js: 25ms, application-code: 210ms)
 GET / 200 in 238ms (next.js: 7ms, application-code: 231ms)
 GET /icon-192x192.png 404 in 71ms (next.js: 20ms, application-code: 51ms)
 GET /icon-192x192.png 404 in 18ms (next.js: 1264µs, application-code: 17ms)
✓ Compiled in 116ms
 GET / 200 in 62ms (next.js: 24ms, application-code: 38ms)
 GET /icon-192x192.png 404 in 51ms (next.js: 7ms, application-code: 44ms)
 GET / 200 in 112ms (next.js: 5ms, application-code: 107ms)
 GET /icon-192x192.png 404 in 24ms (next.js: 1776µs, application-code: 22ms)
 GET /login 200 in 77ms (next.js: 30ms, application-code: 48ms)
 GET /icon-192x192.png 404 in 34ms (next.js: 6ms, application-code: 28ms)
 GET / 200 in 86ms (next.js: 7ms, application-code: 80ms)
 GET /profile 200 in 86ms (next.js: 56ms, application-code: 30ms)
 GET /icon-192x192.png 404 in 22ms (next.js: 1280µs, application-code: 21ms)
 GET / 200 in 28ms (next.js: 4ms, application-code: 25ms)
 GET /icon-192x192.png 404 in 29ms (next.js: 4ms, application-code: 26ms)
 GET / 200 in 96ms (next.js: 3ms, application-code: 93ms)
 GET / 200 in 393ms (next.js: 28ms, application-code: 365ms)
 GET / 200 in 43ms (next.js: 1451µs, application-code: 41ms)
 GET / 200 in 42ms (next.js: 14ms, application-code: 28ms)
 GET / 200 in 29ms (next.js: 11ms, application-code: 18ms)
 GET / 200 in 10ms (next.js: 987µs, application-code: 9ms)
 GET / 200 in 49ms (next.js: 734µs, application-code: 48ms)
 GET / 200 in 42ms (next.js: 7ms, application-code: 35ms)
 GET / 200 in 42ms (next.js: 768µs, application-code: 41ms)
 GET / 200 in 42ms (next.js: 20ms, application-code: 22ms)
 GET / 200 in 42ms (next.js: 33ms, application-code: 9ms)
 GET / 200 in 42ms (next.js: 13ms, application-code: 29ms)
 GET / 200 in 47ms (next.js: 638µs, application-code: 46ms)
 GET / 200 in 41ms (next.js: 19ms, application-code: 22ms)
 GET / 200 in 41ms (next.js: 7ms, application-code: 34ms)
 GET / 200 in 41ms (next.js: 13ms, application-code: 28ms)
 GET / 200 in 41ms (next.js: 797µs, application-code: 41ms)
 GET / 200 in 41ms (next.js: 31ms, application-code: 10ms)
 GET /profile 200 in 25ms (next.js: 5ms, application-code: 20ms)
 GET /icon-192x192.png 404 in 24ms (next.js: 3ms, application-code: 21ms)
 GET / 200 in 31ms (next.js: 6ms, application-code: 25ms)
 GET /icon-192x192.png 404 in 33ms (next.js: 8ms, application-code: 26ms)
 GET / 200 in 7ms (next.js: 1930µs, application-code: 5ms)
 GET / 200 in 28ms (next.js: 7ms, application-code: 21ms)
 GET /icon-192x192.png 404 in 20ms (next.js: 1925µs, application-code: 18ms)
 GET /login 200 in 31ms (next.js: 7ms, application-code: 23ms)
 GET /icon-192x192.png 404 in 26ms (next.js: 3ms, application-code: 23ms)
 GET / 200 in 51ms (next.js: 5ms, application-code: 47ms)
 GET /icon-192x192.png 404 in 56ms (next.js: 4ms, application-code: 52ms)
 GET /vendor/register 200 in 57ms (next.js: 34ms, application-code: 23ms)
 GET /icon-192x192.png 404 in 27ms (next.js: 4ms, application-code: 24ms)
 GET /login 200 in 36ms (next.js: 6ms, application-code: 31ms)
 GET /icon-192x192.png 404 in 36ms (next.js: 4ms, application-code: 32ms)
 GET /vendor/register 200 in 26ms (next.js: 4ms, application-code: 22ms)
 GET /icon-192x192.png 404 in 29ms (next.js: 4ms, application-code: 24ms)
 GET / 200 in 27ms (next.js: 5ms, application-code: 22ms)
 GET /icon-192x192.png 404 in 23ms (next.js: 2ms, application-code: 21ms)
 GET /vendor/register 200 in 31ms (next.js: 8ms, application-code: 24ms)
 GET /icon-192x192.png 404 in 26ms (next.js: 5ms, application-code: 21ms)
 GET / 200 in 31ms (next.js: 4ms, application-code: 27ms)
 GET /icon-192x192.png 404 in 34ms (next.js: 5ms, application-code: 29ms)
 GET /login 200 in 136ms (next.js: 36ms, application-code: 100ms)
 GET /icon-192x192.png 404 in 31ms (next.js: 8ms, application-code: 23ms)
 GET / 200 in 49ms (next.js: 8ms, application-code: 41ms)
 GET /profile 200 in 48ms (next.js: 31ms, application-code: 17ms)
 GET /icon-192x192.png 404 in 56ms (next.js: 3ms, application-code: 54ms)
 GET / 200 in 29ms (next.js: 4ms, application-code: 25ms)
 GET /icon-192x192.png 404 in 82ms (next.js: 2ms, application-code: 79ms)
 GET /profile 200 in 25ms (next.js: 5ms, application-code: 20ms)
 GET /icon-192x192.png 404 in 25ms (next.js: 1841µs, application-code: 23ms)
 GET /profile/enquiries 200 in 58ms (next.js: 34ms, application-code: 24ms)
 GET /icon-192x192.png 404 in 34ms (next.js: 11ms, application-code: 23ms)
 GET /login 200 in 75ms (next.js: 15ms, application-code: 60ms)
 GET /login 200 in 34ms (next.js: 1535µs, application-code: 33ms)
 GET /icon-192x192.png 404 in 50ms (next.js: 5ms, application-code: 45ms)
 GET / 200 in 43ms (next.js: 6ms, application-code: 37ms)
 GET /icon-192x192.png 404 in 41ms (next.js: 3ms, application-code: 38ms)
 GET /vendor/register 200 in 34ms (next.js: 8ms, application-code: 26ms)
 GET /icon-192x192.png 404 in 33ms (next.js: 1843µs, application-code: 31ms)
 GET /icon-192x192.png 404 in 52ms (next.js: 3ms, application-code: 49ms)
 GET /explore 200 in 30ms (next.js: 7ms, application-code: 23ms)
 GET /icon-192x192.png 404 in 40ms (next.js: 3ms, application-code: 37ms)
 GET / 200 in 38ms (next.js: 15ms, application-code: 23ms)
 GET /icon-192x192.png 404 in 32ms (next.js: 5ms, application-code: 27ms)
✓ Compiled in 149ms
✓ Compiled in 246ms
 GET / 200 in 258ms (next.js: 108ms, application-code: 149ms)
 GET /explore 200 in 81ms (next.js: 13ms, application-code: 68ms)
 GET / 200 in 56ms (next.js: 1196µs, application-code: 55ms)
 GET /explore 200 in 55ms (next.js: 1629µs, application-code: 53ms)
 GET / 200 in 46ms (next.js: 1169µs, application-code: 45ms)
 GET /explore 200 in 38ms (next.js: 1411µs, application-code: 36ms)
 GET / 200 in 26ms (next.js: 1790µs, application-code: 24ms)
 GET /explore 200 in 16ms (next.js: 1818µs, application-code: 14ms)
 GET /icon-192x192.png 404 in 162ms (next.js: 43ms, application-code: 119ms)
 GET /icon-192x192.png 404 in 21ms (next.js: 1660µs, application-code: 19ms)
 GET / 200 in 174ms (next.js: 35ms, application-code: 140ms)
 GET /icon-192x192.png 404 in 28ms (next.js: 5ms, application-code: 23ms)
 GET / 200 in 18ms (next.js: 6ms, application-code: 12ms)
 GET / 200 in 23ms (next.js: 3ms, application-code: 20ms)
 GET /icon-192x192.png 404 in 27ms (next.js: 2ms, application-code: 25ms)
 GET / 200 in 31ms (next.js: 3ms, application-code: 28ms)
 GET / 200 in 85ms (next.js: 4ms, application-code: 81ms)
 GET / 200 in 52ms (next.js: 1755µs, application-code: 50ms)
 GET / 200 in 51ms (next.js: 42ms, application-code: 10ms)
 GET /login 200 in 53ms (next.js: 32ms, application-code: 21ms)
 GET /icon-192x192.png 404 in 29ms (next.js: 2ms, application-code: 27ms)
 GET / 200 in 42ms (next.js: 4ms, application-code: 39ms)
 GET /icon-192x192.png 404 in 35ms (next.js: 2ms, application-code: 33ms)
✓ Compiled in 357ms
✓ Compiled in 60ms
✓ Compiled in 116ms
✓ Compiled in 159ms
 GET / 200 in 76ms (next.js: 26ms, application-code: 50ms)
 GET /icon-192x192.png 404 in 34ms (next.js: 8ms, application-code: 26ms)
 GET / 200 in 60ms (next.js: 13ms, application-code: 48ms)
 GET /icon-192x192.png 404 in 282ms (next.js: 25ms, application-code: 257ms)
 GET /login 200 in 142ms (next.js: 13ms, application-code: 129ms)
 GET /icon-192x192.png 404 in 25ms (next.js: 3ms, application-code: 21ms)
 GET / 200 in 30ms (next.js: 5ms, application-code: 25ms)
 GET /icon-192x192.png 404 in 35ms (next.js: 9ms, application-code: 26ms)
 GET /vendor/register 200 in 53ms (next.js: 33ms, application-code: 20ms)
 GET /icon-192x192.png 404 in 23ms (next.js: 1921µs, application-code: 21ms)
 GET /login 200 in 45ms (next.js: 4ms, application-code: 40ms)
 GET /icon-192x192.png 404 in 24ms (next.js: 1548µs, application-code: 22ms)
 GET /pro 200 in 83ms (next.js: 33ms, application-code: 51ms)
 GET /icon-192x192.png 404 in 47ms (next.js: 5ms, application-code: 42ms)
 GET /pro 200 in 52ms (next.js: 3ms, application-code: 49ms)
 GET /icon-192x192.png 404 in 34ms (next.js: 5ms, application-code: 29ms)
 GET /vendor/register 200 in 88ms (next.js: 8ms, application-code: 80ms)
 GET /icon-192x192.png 404 in 21ms (next.js: 2ms, application-code: 19ms)
 GET /vendor/login 200 in 989ms (next.js: 905ms, application-code: 84ms)
 GET /icon-192x192.png 404 in 24ms (next.js: 1818µs, application-code: 22ms)
 GET /vendor-dashboard 200 in 71ms (next.js: 40ms, application-code: 31ms)
 GET /icon-192x192.png 404 in 20ms (next.js: 1627µs, application-code: 19ms)
 GET /login 200 in 81ms (next.js: 7ms, application-code: 74ms)
 GET /login 200 in 47ms (next.js: 3ms, application-code: 44ms)
 GET /login 200 in 17ms (next.js: 2ms, application-code: 15ms)
 GET /icon-192x192.png 404 in 25ms (next.js: 4ms, application-code: 21ms)
 GET /vendor-dashboard 200 in 26ms (next.js: 4ms, application-code: 22ms)
 GET / 200 in 43ms (next.js: 10ms, application-code: 33ms)
 GET /icon-192x192.png 404 in 28ms (next.js: 3ms, application-code: 26ms)
 GET /icon-192x192.png 404 in 28ms (next.js: 1495µs, application-code: 27ms)
 GET /vendor-dashboard 200 in 26ms (next.js: 4ms, application-code: 22ms)
 GET / 200 in 29ms (next.js: 5ms, application-code: 23ms)
 GET /icon-192x192.png 404 in 47ms (next.js: 4ms, application-code: 43ms)
 GET /icon-192x192.png 404 in 20ms (next.js: 1141µs, application-code: 19ms)
 GET /vendor-dashboard 200 in 30ms (next.js: 4ms, application-code: 26ms)
 GET / 200 in 56ms (next.js: 4ms, application-code: 52ms)
 GET /icon-192x192.png 404 in 37ms (next.js: 2ms, application-code: 35ms)
 GET /icon-192x192.png 404 in 53ms (next.js: 6ms, application-code: 47ms)
 GET /vendor/register 200 in 38ms (next.js: 10ms, application-code: 28ms)
 GET /icon-192x192.png 404 in 24ms (next.js: 1461µs, application-code: 22ms)
 GET /explore 200 in 34ms (next.js: 12ms, application-code: 22ms)
 GET /icon-192x192.png 404 in 31ms (next.js: 6ms, application-code: 25ms)
 GET /login 200 in 31ms (next.js: 6ms, application-code: 25ms)
 GET /icon-192x192.png 404 in 37ms (next.js: 3ms, application-code: 34ms)
 GET / 200 in 26ms (next.js: 6ms, application-code: 20ms)
 GET /icon-192x192.png 404 in 31ms (next.js: 4ms, application-code: 27ms)
 GET /explore 200 in 13ms (next.js: 3ms, application-code: 10ms)
 GET /icon-192x192.png 404 in 22ms (next.js: 1917µs, application-code: 20ms)
 GET /login 200 in 31ms (next.js: 5ms, application-code: 26ms)
 GET /icon-192x192.png 404 in 29ms (next.js: 6ms, application-code: 23ms)
 GET /vendor-dashboard 200 in 33ms (next.js: 6ms, application-code: 27ms)
 GET / 200 in 24ms (next.js: 7ms, application-code: 16ms)
 GET /icon-192x192.png 404 in 29ms (next.js: 3ms, application-code: 26ms)
 GET /icon-192x192.png 404 in 39ms (next.js: 5ms, application-code: 34ms)
 GET / 200 in 28ms (next.js: 6ms, application-code: 22ms)
 GET /icon-192x192.png 404 in 36ms (next.js: 3ms, application-code: 33ms)
 GET / 200 in 26ms (next.js: 4ms, application-code: 22ms)
 GET /icon-192x192.png 404 in 36ms (next.js: 4ms, application-code: 32ms)
 GET /login 200 in 31ms (next.js: 6ms, application-code: 26ms)
 GET /icon-192x192.png 404 in 30ms (next.js: 6ms, application-code: 24ms)
 GET / 200 in 81ms (next.js: 3ms, application-code: 78ms)
 GET /icon-192x192.png 404 in 39ms (next.js: 3ms, application-code: 36ms)
 GET / 200 in 47ms (next.js: 23ms, application-code: 24ms)
 GET / 200 in 18ms (next.js: 2ms, application-code: 15ms)
 GET /icon-192x192.png 404 in 35ms (next.js: 4ms, application-code: 31ms)
 GET / 200 in 21ms (next.js: 4ms, application-code: 17ms)
 GET / 200 in 20ms (next.js: 4ms, application-code: 16ms)
 GET /icon-192x192.png 404 in 27ms (next.js: 2ms, application-code: 24ms)
 GET /login 200 in 36ms (next.js: 6ms, application-code: 30ms)
 GET /icon-192x192.png 404 in 32ms (next.js: 1405µs, application-code: 31ms)
 GET / 200 in 106ms (next.js: 2ms, application-code: 104ms)
 GET /icon-192x192.png 404 in 66ms (next.js: 5ms, application-code: 61ms)
 GET /profile 200 in 63ms (next.js: 41ms, application-code: 22ms)
 GET /icon-192x192.png 404 in 25ms (next.js: 3ms, application-code: 22ms)
 GET /explore 200 in 27ms (next.js: 7ms, application-code: 20ms)
 GET /icon-192x192.png 404 in 30ms (next.js: 1605µs, application-code: 28ms)
 GET /profile 200 in 25ms (next.js: 3ms, application-code: 22ms)
 GET /icon-192x192.png 404 in 33ms (next.js: 5ms, application-code: 28ms)
 GET /profile/edit 200 in 78ms (next.js: 52ms, application-code: 25ms)
 GET /icon-192x192.png 404 in 23ms (next.js: 1540µs, application-code: 22ms)
 GET /vendor-dashboard 200 in 32ms (next.js: 7ms, application-code: 25ms)
 GET / 200 in 31ms (next.js: 6ms, application-code: 26ms)
 GET /vendor/register 200 in 33ms (next.js: 18ms, application-code: 15ms)
 GET /icon-192x192.png 404 in 648ms (next.js: 3ms, application-code: 644ms)
 GET /icon-192x192.png 404 in 454ms (next.js: 28ms, application-code: 425ms)
 GET /vendor-dashboard 200 in 29ms (next.js: 4ms, application-code: 24ms)
 GET / 200 in 28ms (next.js: 3ms, application-code: 25ms)
 GET /vendor/register 200 in 48ms (next.js: 16ms, application-code: 31ms)
 GET /icon-192x192.png 404 in 25ms (next.js: 1846µs, application-code: 23ms)
 GET /icon-192x192.png 404 in 40ms (next.js: 4ms, application-code: 36ms)
 GET / 200 in 27ms (next.js: 4ms, application-code: 23ms)
 GET /icon-192x192.png 404 in 43ms (next.js: 4ms, application-code: 39ms)
 GET /login 200 in 36ms (next.js: 8ms, application-code: 28ms)
 GET /icon-192x192.png 404 in 28ms (next.js: 4ms, application-code: 24ms)
 GET / 200 in 44ms (next.js: 3ms, application-code: 40ms)
 GET /icon-192x192.png 404 in 44ms (next.js: 3ms, application-code: 41ms)
 GET /profile 200 in 59ms (next.js: 20ms, application-code: 39ms)
 GET /icon-192x192.png 404 in 38ms (next.js: 3ms, application-code: 34ms)
 GET /vendor-dashboard 200 in 35ms (next.js: 9ms, application-code: 26ms)
 GET / 200 in 86ms (next.js: 8ms, application-code: 78ms)
 GET /vendor/register 200 in 90ms (next.js: 36ms, application-code: 54ms)
 GET /icon-192x192.png 404 in 43ms (next.js: 4ms, application-code: 38ms)
 GET /icon-192x192.png 404 in 24ms (next.js: 2ms, application-code: 22ms)
 GET /vendor-dashboard 200 in 30ms (next.js: 4ms, application-code: 26ms)
 GET / 200 in 64ms (next.js: 10ms, application-code: 55ms)
 GET /vendor/register 200 in 65ms (next.js: 26ms, application-code: 39ms)
 GET /icon-192x192.png 404 in 26ms (next.js: 2ms, application-code: 24ms)
 GET /icon-192x192.png 404 in 41ms (next.js: 2ms, application-code: 38ms)
 GET /vendor-dashboard 200 in 83ms (next.js: 4ms, application-code: 79ms)
 GET / 200 in 91ms (next.js: 6ms, application-code: 85ms)
 GET /vendor/register 200 in 91ms (next.js: 15ms, application-code: 76ms)
 GET /icon-192x192.png 404 in 36ms (next.js: 2ms, application-code: 33ms)
 GET /icon-192x192.png 404 in 38ms (next.js: 4ms, application-code: 34ms)
 GET /profile 200 in 31ms (next.js: 6ms, application-code: 25ms)
 GET /icon-192x192.png 404 in 29ms (next.js: 5ms, application-code: 24ms)
 GET /vendor-dashboard 200 in 26ms (next.js: 3ms, application-code: 22ms)
 GET / 200 in 86ms (next.js: 4ms, application-code: 82ms)
 GET /vendor/register 200 in 87ms (next.js: 17ms, application-code: 70ms)
 GET /icon-192x192.png 404 in 59ms (next.js: 1443µs, application-code: 58ms)
 GET /icon-192x192.png 404 in 40ms (next.js: 6ms, application-code: 34ms)
 GET /login 200 in 26ms (next.js: 4ms, application-code: 22ms)
 GET /icon-192x192.png 404 in 27ms (next.js: 4ms, application-code: 22ms)
 GET / 200 in 44ms (next.js: 5ms, application-code: 39ms)
 GET /icon-192x192.png 404 in 39ms (next.js: 4ms, application-code: 35ms)
 GET /profile 200 in 41ms (next.js: 12ms, application-code: 29ms)
 GET /icon-192x192.png 404 in 29ms (next.js: 5ms, application-code: 24ms)
 GET /icon-192x192.png 404 in 49ms (next.js: 10ms, application-code: 39ms)
 GET /login 200 in 41ms (next.js: 10ms, application-code: 31ms)
 GET /icon-192x192.png 404 in 111ms (next.js: 3ms, application-code: 108ms)
 GET / 200 in 41ms (next.js: 8ms, application-code: 33ms)
 GET /icon-192x192.png 404 in 43ms (next.js: 15ms, application-code: 27ms)
 GET /login 200 in 93ms (next.js: 8ms, application-code: 85ms)
 GET /icon-192x192.png 404 in 23ms (next.js: 1934µs, application-code: 21ms)
 GET /vendor-dashboard 200 in 30ms (next.js: 6ms, application-code: 24ms)
 GET / 200 in 23ms (next.js: 5ms, application-code: 19ms)
 GET /icon-192x192.png 404 in 21ms (next.js: 3ms, application-code: 18ms)
 GET /icon-192x192.png 404 in 26ms (next.js: 1905µs, application-code: 24ms)
 GET /profile 200 in 28ms (next.js: 6ms, application-code: 22ms)
 GET /icon-192x192.png 404 in 28ms (next.js: 5ms, application-code: 24ms)
 GET /vendor-dashboard 200 in 30ms (next.js: 4ms, application-code: 26ms)
 GET / 200 in 71ms (next.js: 4ms, application-code: 67ms)
 GET /icon-192x192.png 404 in 70ms (next.js: 4ms, application-code: 66ms)
 GET /icon-192x192.png 404 in 19ms (next.js: 1314µs, application-code: 17ms)
 GET /vendor-dashboard 200 in 26ms (next.js: 3ms, application-code: 23ms)
 GET / 200 in 24ms (next.js: 7ms, application-code: 17ms)
 GET /icon-192x192.png 404 in 45ms (next.js: 3ms, application-code: 42ms)
 GET /icon-192x192.png 404 in 23ms (next.js: 1429µs, application-code: 22ms)
 GET /vendor-dashboard 200 in 10ms (next.js: 1214µs, application-code: 9ms)
 GET / 200 in 22ms (next.js: 3ms, application-code: 20ms)
 GET /icon-192x192.png 404 in 57ms (next.js: 3ms, application-code: 54ms)
 GET /icon-192x192.png 404 in 17ms (next.js: 1161µs, application-code: 16ms)
 GET /profile 200 in 23ms (next.js: 4ms, application-code: 18ms)
 GET /icon-192x192.png 404 in 33ms (next.js: 5ms, application-code: 28ms)
 GET /vendor-dashboard 200 in 27ms (next.js: 4ms, application-code: 23ms)
 GET / 200 in 24ms (next.js: 7ms, application-code: 17ms)
 GET /icon-192x192.png 404 in 24ms (next.js: 2ms, application-code: 22ms)
 GET /login 200 in 35ms (next.js: 6ms, application-code: 29ms)
 GET /icon-192x192.png 404 in 36ms (next.js: 12ms, application-code: 24ms)
 GET /login 200 in 72ms (next.js: 3ms, application-code: 69ms)
 GET /icon-192x192.png 404 in 19ms (next.js: 1462µs, application-code: 18ms)
 GET / 200 in 54ms (next.js: 15ms, application-code: 39ms)
 GET /vendor/register 200 in 70ms (next.js: 11ms, application-code: 59ms)
 GET /icon-192x192.png 404 in 24ms (next.js: 2ms, application-code: 22ms)
 GET /login 200 in 47ms (next.js: 6ms, application-code: 41ms)
 GET /icon-192x192.png 404 in 26ms (next.js: 3ms, application-code: 23ms)
 GET /vendor/login 200 in 58ms (next.js: 10ms, application-code: 48ms)
 GET /icon-192x192.png 404 in 33ms (next.js: 1946µs, application-code: 31ms)
 GET /vendor-dashboard 200 in 33ms (next.js: 6ms, application-code: 27ms)
 GET /icon-192x192.png 404 in 23ms (next.js: 5ms, application-code: 19ms)
 GET /vendor-dashboard/catalog 200 in 66ms (next.js: 45ms, application-code: 21ms)
 GET /icon-192x192.png 404 in 24ms (next.js: 3ms, application-code: 21ms)
 GET /vendor-dashboard 200 in 29ms (next.js: 8ms, application-code: 21ms)
 GET /icon-192x192.png 404 in 29ms (next.js: 4ms, application-code: 24ms)
 GET / 200 in 53ms (next.js: 9ms, application-code: 44ms)
 GET /vendor-dashboard 200 in 15ms (next.js: 3ms, application-code: 12ms)
 GET /icon-192x192.png 404 in 718ms (next.js: 46ms, application-code: 672ms)
 GET /icon-192x192.png 404 in 575ms (next.js: 27ms, application-code: 549ms)
 GET / 200 in 51ms (next.js: 13ms, application-code: 38ms)
✓ Compiled in 195ms
✓ Compiled in 367ms
 GET / 200 in 897ms (next.js: 596ms, application-code: 301ms)
 GET /vendor-dashboard 200 in 894ms (next.js: 670ms, application-code: 224ms)
 GET /explore 200 in 238ms (next.js: 88ms, application-code: 150ms)
 GET / 200 in 146ms (next.js: 1226µs, application-code: 145ms)
 GET /vendor-dashboard 200 in 146ms (next.js: 11ms, application-code: 136ms)
 GET /explore 200 in 154ms (next.js: 58ms, application-code: 96ms)
 GET / 200 in 120ms (next.js: 1315µs, application-code: 119ms)
 GET / 200 in 127ms (next.js: 2ms, application-code: 125ms)
 GET / 200 in 122ms (next.js: 1698µs, application-code: 120ms)
 GET /vendor-dashboard 200 in 110ms (next.js: 1752µs, application-code: 108ms)
 GET /explore 200 in 122ms (next.js: 10ms, application-code: 111ms)
 GET / 200 in 122ms (next.js: 19ms, application-code: 103ms)
 GET /vendor-dashboard 200 in 97ms (next.js: 1026µs, application-code: 96ms)
 GET /explore 200 in 106ms (next.js: 9ms, application-code: 97ms)
 GET / 200 in 104ms (next.js: 1661µs, application-code: 102ms)
 GET /explore 200 in 113ms (next.js: 9ms, application-code: 104ms)
 GET /vendor-dashboard 200 in 114ms (next.js: 979µs, application-code: 113ms)
 GET / 200 in 108ms (next.js: 1485µs, application-code: 106ms)
 GET / 200 in 125ms (next.js: 1496µs, application-code: 123ms)
 GET / 200 in 116ms (next.js: 1088µs, application-code: 114ms)
 GET /vendor-dashboard 200 in 102ms (next.js: 1040µs, application-code: 101ms)
 GET / 200 in 102ms (next.js: 11ms, application-code: 91ms)
 GET /explore 200 in 77ms (next.js: 1312µs, application-code: 76ms)
 GET /vendor-dashboard 200 in 77ms (next.js: 10ms, application-code: 68ms)
 GET / 200 in 77ms (next.js: 19ms, application-code: 59ms)
 GET /explore 200 in 48ms (next.js: 3ms, application-code: 46ms)
 GET /vendor-dashboard 200 in 48ms (next.js: 15ms, application-code: 33ms)
 GET /explore 200 in 40ms (next.js: 1073µs, application-code: 39ms)
 GET /vendor-dashboard 200 in 112ms (next.js: 1472µs, application-code: 111ms)
 GET /vendor-dashboard 200 in 102ms (next.js: 15ms, application-code: 87ms)
 GET /explore 200 in 106ms (next.js: 5ms, application-code: 101ms)
 GET /explore 200 in 80ms (next.js: 3ms, application-code: 77ms)
 GET /vendor-dashboard 200 in 79ms (next.js: 10ms, application-code: 69ms)
 GET /explore 200 in 70ms (next.js: 10ms, application-code: 61ms)
 GET /vendor-dashboard 200 in 74ms (next.js: 1277µs, application-code: 73ms)
 GET /explore 200 in 75ms (next.js: 11ms, application-code: 64ms)
 GET /vendor-dashboard 200 in 134ms (next.js: 796µs, application-code: 133ms)
 GET /vendor-dashboard 200 in 173ms (next.js: 797µs, application-code: 173ms)
 GET /vendor-dashboard 200 in 172ms (next.js: 1415µs, application-code: 171ms)
 GET /vendor-dashboard 200 in 892ms (next.js: 1474µs, application-code: 890ms)
 GET /vendor-dashboard 200 in 888ms (next.js: 2ms, application-code: 886ms)
 GET / 200 in 849ms (next.js: 16ms, application-code: 834ms)
 GET /vendor-dashboard 200 in 850ms (next.js: 3ms, application-code: 847ms)
 GET /vendor-dashboard 200 in 864ms (next.js: 13ms, application-code: 851ms)
 GET /icon-192x192.png 404 in 875ms (next.js: 135ms, application-code: 740ms)
 GET / 200 in 158ms (next.js: 1270µs, application-code: 157ms)
 GET / 200 in 159ms (next.js: 10ms, application-code: 148ms)
 GET / 200 in 150ms (next.js: 17ms, application-code: 133ms)
 GET /vendor-dashboard 200 in 151ms (next.js: 9ms, application-code: 141ms)
 GET / 200 in 143ms (next.js: 16ms, application-code: 127ms)
 GET /vendor-dashboard 200 in 113ms (next.js: 1542µs, application-code: 111ms)
 GET / 200 in 95ms (next.js: 1122µs, application-code: 94ms)
 GET /vendor-dashboard 200 in 96ms (next.js: 12ms, application-code: 84ms)
 GET / 200 in 71ms (next.js: 1552µs, application-code: 70ms)
 GET /vendor-dashboard 200 in 71ms (next.js: 11ms, application-code: 61ms)
 GET /vendor-dashboard 200 in 84ms (next.js: 2ms, application-code: 82ms)
 GET / 200 in 72ms (next.js: 1581µs, application-code: 70ms)
 GET / 200 in 72ms (next.js: 10ms, application-code: 62ms)
 GET / 200 in 72ms (next.js: 17ms, application-code: 55ms)
 GET / 200 in 64ms (next.js: 16ms, application-code: 48ms)
 GET / 200 in 39ms (next.js: 1888µs, application-code: 37ms)
 GET /icon-192x192.png 404 in 65ms (next.js: 1612µs, application-code: 63ms)
 GET /icon-192x192.png 404 in 19ms (next.js: 1479µs, application-code: 17ms)
 GET /icon-192x192.png 404 in 43ms (next.js: 5ms, application-code: 38ms)
✓ Compiled in 271ms
 GET /vendor-dashboard 200 in 353ms (next.js: 177ms, application-code: 176ms)
 GET /explore 200 in 354ms (next.js: 205ms, application-code: 148ms)
 GET / 200 in 357ms (next.js: 99ms, application-code: 258ms)
 GET / 200 in 91ms (next.js: 1726µs, application-code: 89ms)
 GET /vendor-dashboard 200 in 105ms (next.js: 14ms, application-code: 91ms)
 GET /explore 200 in 94ms (next.js: 11ms, application-code: 83ms)
 GET / 200 in 90ms (next.js: 1344µs, application-code: 88ms)
 GET /vendor-dashboard 200 in 90ms (next.js: 10ms, application-code: 80ms)
 GET /explore 200 in 82ms (next.js: 28ms, application-code: 54ms)
 GET /vendor-dashboard 200 in 95ms (next.js: 2ms, application-code: 93ms)
 GET /vendor-dashboard 200 in 81ms (next.js: 1558µs, application-code: 80ms)
 GET /vendor-dashboard 200 in 214ms (next.js: 2ms, application-code: 211ms)
 GET /icon-192x192.png 404 in 194ms (next.js: 25ms, application-code: 168ms)
 GET /icon-192x192.png 404 in 41ms (next.js: 1956µs, application-code: 39ms)
 GET /icon-192x192.png 404 in 19ms (next.js: 1870µs, application-code: 17ms)
 GET / 200 in 175ms (next.js: 39ms, application-code: 136ms)
 GET / 200 in 52ms (next.js: 9ms, application-code: 43ms)
 GET /vendor/register 200 in 89ms (next.js: 35ms, application-code: 54ms)
 GET /login 200 in 56ms (next.js: 31ms, application-code: 25ms)
 GET /login 200 in 626ms (next.js: 8ms, application-code: 618ms)
 GET /login 200 in 588ms (next.js: 2ms, application-code: 586ms)
 GET /login 200 in 460ms (next.js: 20ms, application-code: 440ms)
 GET /icon-192x192.png 404 in 28ms (next.js: 7ms, application-code: 21ms)
 GET / 200 in 41ms (next.js: 8ms, application-code: 33ms)
 GET /icon-192x192.png 404 in 41ms (next.js: 6ms, application-code: 35ms)
✓ Compiled in 218ms
✓ Compiled in 52ms
 GET / 200 in 99ms (next.js: 35ms, application-code: 64ms)
 GET /icon-192x192.png 404 in 42ms (next.js: 4ms, application-code: 38ms)
 GET / 200 in 97ms (next.js: 16ms, application-code: 81ms)
 GET /icon-192x192.png 404 in 26ms (next.js: 3ms, application-code: 23ms)
 GET / 200 in 40ms (next.js: 3ms, application-code: 37ms)
 GET /icon-192x192.png 404 in 26ms (next.js: 2ms, application-code: 23ms)
 GET / 200 in 24ms (next.js: 1242µs, application-code: 22ms)
 GET /icon-192x192.png 404 in 20ms (next.js: 2ms, application-code: 18ms)
 GET / 200 in 24ms (next.js: 1110µs, application-code: 23ms)
 GET /icon-192x192.png 404 in 19ms (next.js: 1173µs, application-code: 18ms)
 GET / 200 in 26ms (next.js: 1175µs, application-code: 25ms)
 GET /icon-192x192.png 404 in 25ms (next.js: 1591µs, application-code: 23ms)
 GET /vendor/login 200 in 68ms (next.js: 33ms, application-code: 35ms)
 GET /icon-192x192.png 404 in 43ms (next.js: 5ms, application-code: 39ms)
 GET /login 200 in 40ms (next.js: 13ms, application-code: 27ms)
 GET /icon-192x192.png 404 in 80ms (next.js: 3ms, application-code: 77ms)
 GET /icon-192x192.png 404 in 42ms (next.js: 5ms, application-code: 37ms)
 GET /icon-192x192.png 404 in 51ms (next.js: 8ms, application-code: 43ms)
 GET /icon-192x192.png 404 in 43ms (next.js: 6ms, application-code: 37ms)
 GET /icon-192x192.png 404 in 49ms (next.js: 6ms, application-code: 43ms)
 GET /vendor/register 200 in 65ms (next.js: 26ms, application-code: 39ms)
 GET /icon-192x192.png 404 in 47ms (next.js: 5ms, application-code: 43ms)
 GET /login 200 in 39ms (next.js: 10ms, application-code: 29ms)
 GET /icon-192x192.png 404 in 26ms (next.js: 3ms, application-code: 23ms)
 GET /register 200 in 98ms (next.js: 64ms, application-code: 35ms)
 GET /icon-192x192.png 404 in 64ms (next.js: 7ms, application-code: 57ms)
 GET /login 200 in 39ms (next.js: 8ms, application-code: 31ms)
 GET /icon-192x192.png 404 in 30ms (next.js: 4ms, application-code: 26ms)
✓ Compiled in 211ms
 GET /explore 200 in 345ms (next.js: 132ms, application-code: 212ms)
 GET /vendor-dashboard 200 in 340ms (next.js: 188ms, application-code: 152ms)
 GET /explore 200 in 65ms (next.js: 1404µs, application-code: 64ms)
 GET /login 200 in 339ms (next.js: 238ms, application-code: 101ms)
 GET /login 200 in 118ms (next.js: 35ms, application-code: 82ms)
 GET /vendor-dashboard 200 in 65ms (next.js: 10ms, application-code: 56ms)
 GET /login 200 in 58ms (next.js: 9ms, application-code: 49ms)
 GET /login 200 in 50ms (next.js: 12ms, application-code: 38ms)
 GET /login 200 in 65ms (next.js: 1028µs, application-code: 64ms)
 GET /login 200 in 182ms (next.js: 819µs, application-code: 181ms)
 GET /explore 200 in 169ms (next.js: 1569µs, application-code: 167ms)
 GET /vendor-dashboard 200 in 132ms (next.js: 2ms, application-code: 129ms)
 GET /explore 200 in 131ms (next.js: 23ms, application-code: 108ms)
 GET /login 200 in 132ms (next.js: 11ms, application-code: 120ms)
 GET /vendor-dashboard 200 in 91ms (next.js: 3ms, application-code: 88ms)
 GET /login 200 in 91ms (next.js: 75ms, application-code: 16ms)
 GET /icon-192x192.png 404 in 205ms (next.js: 36ms, application-code: 169ms)
 GET /icon-192x192.png 404 in 87ms (next.js: 1302µs, application-code: 86ms)
 GET /icon-192x192.png 404 in 66ms (next.js: 1005µs, application-code: 65ms)
 GET / 200 in 30ms (next.js: 16ms, application-code: 14ms)
 GET / 200 in 32ms (next.js: 1488µs, application-code: 31ms)
 GET / 200 in 17ms (next.js: 1269µs, application-code: 16ms)
 GET / 200 in 98ms (next.js: 3ms, application-code: 94ms)
✓ Compiled in 52ms
✓ Compiled in 37ms
✓ Compiled in 45ms
✓ Compiled in 45ms
 GET /vendor/login 200 in 154ms (next.js: 77ms, application-code: 77ms)
 GET /icon-192x192.png 404 in 43ms (next.js: 6ms, application-code: 37ms)
 GET /login 200 in 38ms (next.js: 13ms, application-code: 25ms)
 GET /icon-192x192.png 404 in 28ms (next.js: 4ms, application-code: 24ms)
 GET / 200 in 73ms (next.js: 20ms, application-code: 53ms)
 GET /icon-192x192.png 404 in 37ms (next.js: 7ms, application-code: 30ms)
 GET /login 200 in 37ms (next.js: 10ms, application-code: 27ms)
 GET /icon-192x192.png 404 in 24ms (next.js: 1808µs, application-code: 22ms)
 GET /icon-192x192.png 404 in 41ms (next.js: 3ms, application-code: 38ms)
 GET /vendor/register 200 in 60ms (next.js: 27ms, application-code: 33ms)
 GET /icon-192x192.png 404 in 24ms (next.js: 3ms, application-code: 22ms)
 GET /icon-192x192.png 404 in 38ms (next.js: 5ms, application-code: 33ms)
 GET /vendor/register 200 in 29ms (next.js: 5ms, application-code: 24ms)
 GET /icon-192x192.png 404 in 216ms (next.js: 6ms, application-code: 209ms)
 GET /icon-192x192.png 404 in 49ms (next.js: 3ms, application-code: 46ms)
 GET /login 200 in 34ms (next.js: 6ms, application-code: 27ms)
 GET /icon-192x192.png 404 in 30ms (next.js: 4ms, application-code: 27ms)
 GET / 200 in 46ms (next.js: 7ms, application-code: 39ms)
 GET /icon-192x192.png 404 in 52ms (next.js: 8ms, application-code: 44ms)
✓ Compiled in 54ms
✓ Compiled in 556ms
 GET /explore 200 in 511ms (next.js: 89ms, application-code: 422ms)
 GET /vendor-dashboard 200 in 528ms (next.js: 161ms, application-code: 367ms)
 GET / 200 in 403ms (next.js: 44ms, application-code: 358ms)
 GET /login 200 in 413ms (next.js: 37ms, application-code: 375ms)
 GET /login 200 in 127ms (next.js: 47ms, application-code: 80ms)
 GET /login 200 in 36ms (next.js: 4ms, application-code: 32ms)
 GET /explore 200 in 406ms (next.js: 32ms, application-code: 374ms)
 GET /vendor-dashboard 200 in 380ms (next.js: 137ms, application-code: 243ms)
 GET / 200 in 248ms (next.js: 57ms, application-code: 191ms)
 GET /login 200 in 204ms (next.js: 35ms, application-code: 169ms)
 GET /login 200 in 60ms (next.js: 2ms, application-code: 58ms)
 GET /login 200 in 106ms (next.js: 4ms, application-code: 103ms)
 GET /icon-192x192.png 404 in 137ms (next.js: 32ms, application-code: 105ms)
 GET /icon-192x192.png 404 in 89ms (next.js: 1766µs, application-code: 87ms)
 GET /icon-192x192.png 404 in 66ms (next.js: 1680µs, application-code: 64ms)
 GET /icon-192x192.png 404 in 24ms (next.js: 1805µs, application-code: 22ms)
✓ Compiled in 56ms
 GET /login 200 in 92ms (next.js: 48ms, application-code: 44ms)
 GET /icon-192x192.png 404 in 35ms (next.js: 7ms, application-code: 28ms)
 GET /vendor/login 200 in 72ms (next.js: 29ms, application-code: 43ms)
 GET /icon-192x192.png 404 in 36ms (next.js: 2ms, application-code: 34ms)
 GET /login 200 in 37ms (next.js: 6ms, application-code: 32ms)
 GET /icon-192x192.png 404 in 28ms (next.js: 4ms, application-code: 25ms)
 GET /login 200 in 26ms (next.js: 4ms, application-code: 23ms)
 GET /icon-192x192.png 404 in 32ms (next.js: 4ms, application-code: 29ms)
 GET /register 200 in 103ms (next.js: 31ms, application-code: 72ms)
 GET /icon-192x192.png 404 in 22ms (next.js: 1619µs, application-code: 21ms)
 GET /login 200 in 30ms (next.js: 3ms, application-code: 27ms)
 GET /icon-192x192.png 404 in 23ms (next.js: 3ms, application-code: 19ms)
 GET / 200 in 63ms (next.js: 15ms, application-code: 48ms)
 GET /icon-192x192.png 404 in 49ms (next.js: 8ms, application-code: 41ms)
 GET /explore?q=ac 200 in 31ms (next.js: 8ms, application-code: 23ms)
 GET /icon-192x192.png 404 in 49ms (next.js: 6ms, application-code: 43ms)
 GET / 200 in 85ms (next.js: 8ms, application-code: 77ms)
 GET / 200 in 24ms (next.js: 2ms, application-code: 22ms)
 GET / 200 in 71ms (next.js: 28ms, application-code: 43ms)
 GET / 200 in 16ms (next.js: 1105µs, application-code: 15ms)
 GET /icon-192x192.png 404 in 43ms (next.js: 6ms, application-code: 37ms)
 GET /login 200 in 37ms (next.js: 8ms, application-code: 29ms)
 GET /icon-192x192.png 404 in 34ms (next.js: 5ms, application-code: 29ms)
 GET /icon-192x192.png 404 in 39ms (next.js: 3ms, application-code: 36ms)
✓ Compiled in 193ms
✓ Compiled in 0ms
 GET /explore 200 in 1148ms (next.js: 289ms, application-code: 859ms)
 GET / 200 in 1121ms (next.js: 297ms, application-code: 824ms)
 GET /login 200 in 1174ms (next.js: 277ms, application-code: 898ms)
 GET /login 200 in 1146ms (next.js: 196ms, application-code: 950ms)
 GET /explore 200 in 820ms (next.js: 12ms, application-code: 808ms)
 GET / 200 in 813ms (next.js: 14ms, application-code: 800ms)
 GET /login 200 in 875ms (next.js: 1914µs, application-code: 873ms)
 GET /login 200 in 875ms (next.js: 13ms, application-code: 862ms)
 GET /login 200 in 754ms (next.js: 28ms, application-code: 726ms)
 GET /login 200 in 304ms (next.js: 20ms, application-code: 283ms)
 GET /explore 200 in 121ms (next.js: 5ms, application-code: 115ms)
 GET /login 200 in 145ms (next.js: 4ms, application-code: 141ms)
 GET / 200 in 80ms (next.js: 3ms, application-code: 77ms)
 GET /login 200 in 123ms (next.js: 17ms, application-code: 105ms)
 GET /explore 200 in 82ms (next.js: 5ms, application-code: 77ms)
 GET /login 200 in 139ms (next.js: 34ms, application-code: 105ms)
 GET /login 200 in 118ms (next.js: 9ms, application-code: 109ms)
 GET /login 200 in 142ms (next.js: 1058µs, application-code: 141ms)
 GET /login 200 in 142ms (next.js: 1051µs, application-code: 141ms)
 GET /login 200 in 146ms (next.js: 1073µs, application-code: 145ms)
 GET / 200 in 114ms (next.js: 3ms, application-code: 112ms)
 GET /explore 200 in 122ms (next.js: 11ms, application-code: 111ms)
 GET /login 200 in 148ms (next.js: 3ms, application-code: 145ms)
 GET / 200 in 105ms (next.js: 11ms, application-code: 94ms)
 GET /login 200 in 163ms (next.js: 1269µs, application-code: 162ms)
 GET /login 200 in 163ms (next.js: 20ms, application-code: 143ms)
 GET /explore 200 in 117ms (next.js: 14ms, application-code: 103ms)
 GET /login 200 in 146ms (next.js: 3ms, application-code: 143ms)
 GET /login 200 in 157ms (next.js: 1541µs, application-code: 156ms)
 GET /login 200 in 158ms (next.js: 3ms, application-code: 155ms)
 GET /login 200 in 158ms (next.js: 3ms, application-code: 155ms)
 GET / 200 in 109ms (next.js: 3ms, application-code: 106ms)
 GET /explore 200 in 109ms (next.js: 10ms, application-code: 99ms)
 GET /login 200 in 149ms (next.js: 25ms, application-code: 124ms)
 GET /login 200 in 150ms (next.js: 3ms, application-code: 147ms)
 GET / 200 in 98ms (next.js: 19ms, application-code: 79ms)
 GET /explore 200 in 98ms (next.js: 27ms, application-code: 71ms)
 GET /login 200 in 128ms (next.js: 19ms, application-code: 109ms)
 GET /login 200 in 139ms (next.js: 1656µs, application-code: 138ms)
 GET /login 200 in 144ms (next.js: 1378µs, application-code: 142ms)
 GET /login 200 in 143ms (next.js: 3ms, application-code: 140ms)
 GET /login 200 in 143ms (next.js: 2ms, application-code: 141ms)
 GET /login 200 in 145ms (next.js: 1481µs, application-code: 144ms)
 GET / 200 in 128ms (next.js: 14ms, application-code: 114ms)
 GET /explore 200 in 129ms (next.js: 22ms, application-code: 106ms)
 GET /login 200 in 145ms (next.js: 30ms, application-code: 115ms)
 GET /login 200 in 147ms (next.js: 3ms, application-code: 144ms)
 GET /explore 200 in 107ms (next.js: 22ms, application-code: 85ms)
 GET / 200 in 108ms (next.js: 12ms, application-code: 96ms)
 GET /login 200 in 146ms (next.js: 1093µs, application-code: 145ms)
 GET /login 200 in 161ms (next.js: 1149µs, application-code: 160ms)
 GET /login 200 in 162ms (next.js: 1199µs, application-code: 161ms)
 GET /login 200 in 164ms (next.js: 3ms, application-code: 161ms)
 GET / 200 in 141ms (next.js: 15ms, application-code: 126ms)
 GET /login 200 in 161ms (next.js: 3ms, application-code: 158ms)
 GET /explore 200 in 115ms (next.js: 4ms, application-code: 111ms)
 GET / 200 in 115ms (next.js: 24ms, application-code: 92ms)
 GET /login 200 in 156ms (next.js: 5ms, application-code: 152ms)
 GET /login 200 in 154ms (next.js: 22ms, application-code: 132ms)
 GET /login 200 in 139ms (next.js: 13ms, application-code: 125ms)
 GET /explore 200 in 82ms (next.js: 2ms, application-code: 80ms)
 GET /login 200 in 152ms (next.js: 38ms, application-code: 114ms)
 GET /login 200 in 129ms (next.js: 3ms, application-code: 126ms)
 GET /login 200 in 123ms (next.js: 3ms, application-code: 120ms)
 GET /login 200 in 122ms (next.js: 3ms, application-code: 119ms)
 GET /explore 200 in 91ms (next.js: 9ms, application-code: 82ms)
 GET /login 200 in 117ms (next.js: 4ms, application-code: 113ms)
 GET / 200 in 96ms (next.js: 1889µs, application-code: 94ms)
 GET /login 200 in 118ms (next.js: 11ms, application-code: 108ms)
 GET / 200 in 77ms (next.js: 1053µs, application-code: 76ms)
 GET /explore 200 in 78ms (next.js: 9ms, application-code: 69ms)
 GET /login 200 in 131ms (next.js: 16ms, application-code: 115ms)
 GET /login 200 in 124ms (next.js: 16ms, application-code: 108ms)
 GET /login 200 in 123ms (next.js: 842µs, application-code: 123ms)
 GET /login 200 in 127ms (next.js: 1033µs, application-code: 126ms)
 GET /login 200 in 138ms (next.js: 1010µs, application-code: 137ms)
 GET / 200 in 130ms (next.js: 21ms, application-code: 108ms)
 GET /explore 200 in 117ms (next.js: 17ms, application-code: 101ms)
 GET /login 200 in 145ms (next.js: 5ms, application-code: 140ms)
 GET /login 200 in 144ms (next.js: 14ms, application-code: 130ms)
 GET / 200 in 104ms (next.js: 14ms, application-code: 91ms)
 GET /login 200 in 131ms (next.js: 1809µs, application-code: 129ms)
 GET /login 200 in 131ms (next.js: 11ms, application-code: 120ms)
 GET /login 200 in 118ms (next.js: 3ms, application-code: 115ms)
 GET /login 200 in 151ms (next.js: 4ms, application-code: 147ms)
 GET /explore 200 in 141ms (next.js: 3ms, application-code: 138ms)
 GET /login 200 in 186ms (next.js: 4ms, application-code: 182ms)
 GET /login 200 in 216ms (next.js: 5ms, application-code: 211ms)
 GET / 200 in 201ms (next.js: 10ms, application-code: 191ms)
 GET /login 200 in 226ms (next.js: 3ms, application-code: 223ms)
 GET /explore 200 in 201ms (next.js: 2ms, application-code: 198ms)
 GET /login 200 in 237ms (next.js: 8ms, application-code: 229ms)
 GET / 200 in 202ms (next.js: 31ms, application-code: 172ms)
 GET /login 200 in 231ms (next.js: 11ms, application-code: 220ms)
 GET /login 200 in 223ms (next.js: 12ms, application-code: 211ms)
 GET / 200 in 187ms (next.js: 14ms, application-code: 174ms)
 GET /login 200 in 223ms (next.js: 4ms, application-code: 219ms)
 GET / 200 in 215ms (next.js: 22ms, application-code: 192ms)
 GET / 200 in 195ms (next.js: 14ms, application-code: 182ms)
 GET /explore 200 in 186ms (next.js: 17ms, application-code: 169ms)
 GET / 200 in 186ms (next.js: 28ms, application-code: 158ms)
 GET / 200 in 173ms (next.js: 26ms, application-code: 146ms)
 GET /login 200 in 223ms (next.js: 3ms, application-code: 220ms)
 GET / 200 in 156ms (next.js: 13ms, application-code: 142ms)
 GET /login 200 in 211ms (next.js: 4ms, application-code: 207ms)
 GET / 200 in 172ms (next.js: 1240µs, application-code: 171ms)
 GET /explore 200 in 172ms (next.js: 10ms, application-code: 162ms)
 GET /login 200 in 194ms (next.js: 1707µs, application-code: 193ms)
 GET /login 200 in 194ms (next.js: 11ms, application-code: 183ms)
 GET / 200 in 154ms (next.js: 24ms, application-code: 130ms)
 GET /login 200 in 206ms (next.js: 11ms, application-code: 195ms)
 GET / 200 in 163ms (next.js: 1334µs, application-code: 161ms)
 GET /login 200 in 206ms (next.js: 21ms, application-code: 185ms)
 GET /login 200 in 178ms (next.js: 9ms, application-code: 169ms)
 GET / 200 in 185ms (next.js: 12ms, application-code: 173ms)
 GET /explore 200 in 176ms (next.js: 23ms, application-code: 153ms)
 GET / 200 in 176ms (next.js: 16ms, application-code: 160ms)
 GET / 200 in 168ms (next.js: 24ms, application-code: 144ms)
 GET / 200 in 177ms (next.js: 9ms, application-code: 168ms)
 GET /login 200 in 203ms (next.js: 3ms, application-code: 200ms)
 GET / 200 in 131ms (next.js: 863µs, application-code: 130ms)
 GET /login 200 in 200ms (next.js: 16ms, application-code: 184ms)
 GET /login 200 in 194ms (next.js: 805µs, application-code: 193ms)
 GET / 200 in 182ms (next.js: 13ms, application-code: 169ms)
 GET /explore 200 in 182ms (next.js: 22ms, application-code: 160ms)
 GET /login 200 in 183ms (next.js: 30ms, application-code: 152ms)
 GET /login 200 in 184ms (next.js: 1654µs, application-code: 182ms)
 GET / 200 in 138ms (next.js: 23ms, application-code: 115ms)
 GET / 200 in 138ms (next.js: 31ms, application-code: 107ms)
 GET /login 200 in 153ms (next.js: 3ms, application-code: 150ms)
 GET /login 200 in 152ms (next.js: 13ms, application-code: 139ms)
 GET / 200 in 161ms (next.js: 17ms, application-code: 144ms)
 GET / 200 in 161ms (next.js: 25ms, application-code: 136ms)
 GET / 200 in 161ms (next.js: 32ms, application-code: 129ms)
 GET /explore 200 in 162ms (next.js: 2ms, application-code: 160ms)
 GET /login 200 in 178ms (next.js: 3ms, application-code: 175ms)
 GET / 200 in 162ms (next.js: 10ms, application-code: 152ms)
 GET / 200 in 121ms (next.js: 12ms, application-code: 109ms)
 GET /login 200 in 122ms (next.js: 1037µs, application-code: 121ms)
 GET /login 200 in 101ms (next.js: 1280µs, application-code: 99ms)
 GET / 200 in 75ms (next.js: 22ms, application-code: 53ms)
 GET / 200 in 76ms (next.js: 13ms, application-code: 63ms)
 GET /explore 200 in 76ms (next.js: 30ms, application-code: 46ms)
 GET /login 200 in 90ms (next.js: 1217µs, application-code: 89ms)
 GET /login 200 in 87ms (next.js: 3ms, application-code: 85ms)
 GET /login 200 in 87ms (next.js: 44ms, application-code: 43ms)
 GET / 200 in 34ms (next.js: 10ms, application-code: 24ms)
 GET /login 200 in 161ms (next.js: 1025µs, application-code: 160ms)
 GET / 200 in 168ms (next.js: 1452µs, application-code: 166ms)
 GET / 200 in 157ms (next.js: 87ms, application-code: 70ms)
 GET / 200 in 157ms (next.js: 104ms, application-code: 53ms)
 GET /explore 200 in 159ms (next.js: 3ms, application-code: 155ms)
 GET / 200 in 160ms (next.js: 57ms, application-code: 103ms)
 GET / 200 in 160ms (next.js: 99ms, application-code: 62ms)
 GET / 200 in 161ms (next.js: 43ms, application-code: 118ms)
 GET / 200 in 161ms (next.js: 109ms, application-code: 52ms)
 GET /login 200 in 172ms (next.js: 20ms, application-code: 152ms)
 GET /explore 200 in 85ms (next.js: 3ms, application-code: 83ms)
 GET / 200 in 70ms (next.js: 1229µs, application-code: 69ms)
 GET /login 200 in 87ms (next.js: 9ms, application-code: 78ms)
 GET / 200 in 94ms (next.js: 4ms, application-code: 89ms)
 GET / 200 in 84ms (next.js: 9ms, application-code: 76ms)
 GET / 200 in 84ms (next.js: 35ms, application-code: 49ms)
 GET / 200 in 85ms (next.js: 14ms, application-code: 71ms)
 GET / 200 in 85ms (next.js: 19ms, application-code: 66ms)
 GET /explore 200 in 87ms (next.js: 3ms, application-code: 84ms)
 GET / 200 in 87ms (next.js: 30ms, application-code: 56ms)
 GET / 200 in 62ms (next.js: 5ms, application-code: 57ms)
 GET /login 200 in 123ms (next.js: 24ms, application-code: 99ms)
 GET /explore 200 in 95ms (next.js: 1871µs, application-code: 93ms)
 GET / 200 in 95ms (next.js: 17ms, application-code: 78ms)
 GET /login 200 in 110ms (next.js: 10ms, application-code: 101ms)
 GET / 200 in 97ms (next.js: 3ms, application-code: 94ms)
 GET / 200 in 79ms (next.js: 14ms, application-code: 66ms)
 GET / 200 in 80ms (next.js: 2ms, application-code: 78ms)
 GET /explore 200 in 80ms (next.js: 8ms, application-code: 72ms)
 GET / 200 in 80ms (next.js: 30ms, application-code: 50ms)
 GET / 200 in 81ms (next.js: 20ms, application-code: 61ms)
 GET / 200 in 81ms (next.js: 25ms, application-code: 56ms)
 GET / 200 in 90ms (next.js: 9ms, application-code: 81ms)
 GET /explore 200 in 100ms (next.js: 1193µs, application-code: 99ms)
 GET /login 200 in 117ms (next.js: 1542µs, application-code: 115ms)
 GET /login 200 in 112ms (next.js: 8ms, application-code: 104ms)
 GET / 200 in 97ms (next.js: 851µs, application-code: 96ms)
 GET / 200 in 132ms (next.js: 2ms, application-code: 129ms)
 GET /explore 200 in 118ms (next.js: 10ms, application-code: 107ms)
 GET / 200 in 119ms (next.js: 2ms, application-code: 116ms)
 GET / 200 in 118ms (next.js: 20ms, application-code: 98ms)
 GET / 200 in 100ms (next.js: 14ms, application-code: 86ms)
 GET / 200 in 100ms (next.js: 31ms, application-code: 69ms)
 GET / 200 in 101ms (next.js: 24ms, application-code: 76ms)
 GET /explore 200 in 122ms (next.js: 10ms, application-code: 111ms)
 GET /login 200 in 133ms (next.js: 865µs, application-code: 132ms)
 GET / 200 in 122ms (next.js: 1859µs, application-code: 120ms)
 GET / 200 in 101ms (next.js: 13ms, application-code: 88ms)
 GET /login 200 in 105ms (next.js: 1725µs, application-code: 103ms)
 GET / 200 in 130ms (next.js: 3ms, application-code: 128ms)
 GET /explore 200 in 129ms (next.js: 10ms, application-code: 119ms)
 GET / 200 in 122ms (next.js: 11ms, application-code: 111ms)
 GET / 200 in 113ms (next.js: 10ms, application-code: 103ms)
 GET / 200 in 105ms (next.js: 22ms, application-code: 82ms)
 GET / 200 in 105ms (next.js: 15ms, application-code: 91ms)
 GET / 200 in 122ms (next.js: 34ms, application-code: 88ms)
 GET /explore 200 in 124ms (next.js: 22ms, application-code: 102ms)
 GET / 200 in 125ms (next.js: 13ms, application-code: 112ms)
 GET /login 200 in 125ms (next.js: 1805µs, application-code: 124ms)
 GET / 200 in 92ms (next.js: 11ms, application-code: 81ms)
 GET /login 200 in 92ms (next.js: 1628µs, application-code: 91ms)
 GET / 200 in 70ms (next.js: 1640µs, application-code: 68ms)
 GET /explore 200 in 70ms (next.js: 9ms, application-code: 61ms)
 GET / 200 in 51ms (next.js: 2ms, application-code: 49ms)
 GET / 200 in 50ms (next.js: 17ms, application-code: 33ms)
 GET / 200 in 50ms (next.js: 10ms, application-code: 41ms)
 GET / 200 in 42ms (next.js: 31ms, application-code: 10ms)
 GET / 200 in 50ms (next.js: 25ms, application-code: 25ms)
 GET / 200 in 99ms (next.js: 11ms, application-code: 88ms)
 GET / 200 in 99ms (next.js: 27ms, application-code: 72ms)
 GET / 200 in 99ms (next.js: 42ms, application-code: 57ms)
 GET / 200 in 100ms (next.js: 19ms, application-code: 80ms)
 GET /explore 200 in 99ms (next.js: 34ms, application-code: 65ms)
 GET / 200 in 82ms (next.js: 33ms, application-code: 49ms)
 GET /login 200 in 101ms (next.js: 1925µs, application-code: 99ms)
 GET / 200 in 42ms (next.js: 1444µs, application-code: 40ms)
 GET / 200 in 41ms (next.js: 17ms, application-code: 24ms)
 GET /explore 200 in 41ms (next.js: 25ms, application-code: 16ms)
 GET /login 200 in 42ms (next.js: 9ms, application-code: 33ms)
 GET / 200 in 64ms (next.js: 11ms, application-code: 53ms)
 GET /explore 200 in 56ms (next.js: 10ms, application-code: 45ms)
 GET /login 200 in 67ms (next.js: 987µs, application-code: 66ms)
 GET / 200 in 38ms (next.js: 12ms, application-code: 26ms)
 GET /explore 200 in 38ms (next.js: 9ms, application-code: 29ms)
 GET /login 200 in 68ms (next.js: 1511µs, application-code: 67ms)
 GET /explore 200 in 71ms (next.js: 19ms, application-code: 52ms)
 GET / 200 in 72ms (next.js: 12ms, application-code: 60ms)
 GET /login 200 in 76ms (next.js: 2ms, application-code: 74ms)
 GET / 200 in 46ms (next.js: 12ms, application-code: 35ms)
 GET /explore 200 in 58ms (next.js: 15ms, application-code: 42ms)
 GET /login 200 in 70ms (next.js: 985µs, application-code: 69ms)
 GET / 200 in 67ms (next.js: 12ms, application-code: 55ms)
 GET /explore 200 in 46ms (next.js: 1802µs, application-code: 44ms)
 GET /login 200 in 70ms (next.js: 2ms, application-code: 68ms)
 GET / 200 in 47ms (next.js: 11ms, application-code: 35ms)
 GET /explore 200 in 38ms (next.js: 9ms, application-code: 28ms)
 GET /login 200 in 69ms (next.js: 1419µs, application-code: 68ms)
 GET / 200 in 55ms (next.js: 1614µs, application-code: 54ms)
 GET /explore 200 in 57ms (next.js: 10ms, application-code: 47ms)
 GET /login 200 in 72ms (next.js: 3ms, application-code: 69ms)
 GET / 200 in 38ms (next.js: 16ms, application-code: 22ms)
 GET /explore 200 in 41ms (next.js: 1641µs, application-code: 39ms)
 GET /login 200 in 66ms (next.js: 1433µs, application-code: 65ms)
 GET / 200 in 60ms (next.js: 9ms, application-code: 51ms)
 GET /explore 200 in 61ms (next.js: 16ms, application-code: 45ms)
 GET /login 200 in 65ms (next.js: 2ms, application-code: 63ms)
 GET / 200 in 45ms (next.js: 2ms, application-code: 43ms)
 GET /explore 200 in 45ms (next.js: 10ms, application-code: 36ms)
 GET /login 200 in 58ms (next.js: 3ms, application-code: 54ms)
 GET / 200 in 51ms (next.js: 10ms, application-code: 41ms)
 GET /login 200 in 54ms (next.js: 1986µs, application-code: 52ms)
 GET /explore 200 in 44ms (next.js: 2ms, application-code: 42ms)
 GET / 200 in 37ms (next.js: 8ms, application-code: 29ms)
 GET /explore 200 in 49ms (next.js: 7ms, application-code: 41ms)
 GET /login 200 in 59ms (next.js: 1439µs, application-code: 57ms)
 GET / 200 in 48ms (next.js: 3ms, application-code: 45ms)
 GET /explore 200 in 49ms (next.js: 9ms, application-code: 41ms)
 GET /login 200 in 62ms (next.js: 2ms, application-code: 60ms)
 GET / 200 in 47ms (next.js: 9ms, application-code: 37ms)
 GET /explore 200 in 40ms (next.js: 1132µs, application-code: 39ms)
 GET /login 200 in 56ms (next.js: 1331µs, application-code: 55ms)
 GET / 200 in 51ms (next.js: 10ms, application-code: 41ms)
 GET /explore 200 in 43ms (next.js: 9ms, application-code: 34ms)
 GET /login 200 in 55ms (next.js: 1539µs, application-code: 54ms)
 GET / 200 in 47ms (next.js: 1196µs, application-code: 46ms)
 GET /explore 200 in 48ms (next.js: 7ms, application-code: 41ms)
 GET /login 200 in 57ms (next.js: 1417µs, application-code: 55ms)
 GET / 200 in 64ms (next.js: 10ms, application-code: 54ms)
 GET /explore 200 in 51ms (next.js: 1479µs, application-code: 49ms)
 GET /login 200 in 70ms (next.js: 3ms, application-code: 67ms)
 GET / 200 in 51ms (next.js: 9ms, application-code: 43ms)
 GET /explore 200 in 54ms (next.js: 1352µs, application-code: 53ms)
 GET /login 200 in 71ms (next.js: 1401µs, application-code: 70ms)
 GET / 200 in 53ms (next.js: 1367µs, application-code: 51ms)
 GET /login 200 in 67ms (next.js: 1840µs, application-code: 65ms)
 GET /explore 200 in 54ms (next.js: 9ms, application-code: 45ms)
 GET / 200 in 53ms (next.js: 1035µs, application-code: 52ms)
 GET /explore 200 in 53ms (next.js: 9ms, application-code: 45ms)
 GET /login 200 in 67ms (next.js: 2ms, application-code: 65ms)
 GET / 200 in 70ms (next.js: 11ms, application-code: 60ms)
 GET /explore 200 in 71ms (next.js: 18ms, application-code: 53ms)
 GET /login 200 in 75ms (next.js: 1508µs, application-code: 74ms)
 GET / 200 in 67ms (next.js: 11ms, application-code: 56ms)
 GET /explore 200 in 68ms (next.js: 24ms, application-code: 44ms)
 GET /login 200 in 79ms (next.js: 1368µs, application-code: 78ms)
 GET / 200 in 67ms (next.js: 13ms, application-code: 54ms)
 GET /login 200 in 70ms (next.js: 2ms, application-code: 68ms)
 GET /explore 200 in 45ms (next.js: 1440µs, application-code: 44ms)
 GET / 200 in 46ms (next.js: 1333µs, application-code: 45ms)
 GET /login 200 in 67ms (next.js: 10ms, application-code: 57ms)
 GET /explore 200 in 39ms (next.js: 1360µs, application-code: 38ms)
 GET /login 200 in 28ms (next.js: 3ms, application-code: 25ms)
 GET / 200 in 16ms (next.js: 1175µs, application-code: 14ms)
 GET /icon-192x192.png 404 in 191ms (next.js: 51ms, application-code: 140ms)
 GET /icon-192x192.png 404 in 37ms (next.js: 1845µs, application-code: 35ms)
 GET /icon-192x192.png 404 in 20ms (next.js: 1505µs, application-code: 19ms)
✓ Compiled in 0ms
 GET /explore 200 in 1239ms (next.js: 274ms, application-code: 965ms)
 GET / 200 in 1185ms (next.js: 261ms, application-code: 925ms)
 GET /login 200 in 1195ms (next.js: 187ms, application-code: 1008ms)
 GET /login 200 in 1197ms (next.js: 156ms, application-code: 1041ms)
 GET /explore 200 in 108ms (next.js: 14ms, application-code: 94ms)
 GET / 200 in 105ms (next.js: 9ms, application-code: 97ms)
 GET /login 200 in 904ms (next.js: 38ms, application-code: 866ms)
 GET /login 200 in 892ms (next.js: 757ms, application-code: 135ms)
 GET /login 200 in 139ms (next.js: 936µs, application-code: 138ms)
 GET /login 200 in 142ms (next.js: 974µs, application-code: 141ms)
 GET /login 200 in 158ms (next.js: 4ms, application-code: 154ms)
 GET /explore 200 in 136ms (next.js: 1601µs, application-code: 134ms)
 GET /login 200 in 178ms (next.js: 5ms, application-code: 173ms)
 GET /login 200 in 188ms (next.js: 17ms, application-code: 171ms)
 GET / 200 in 143ms (next.js: 1905µs, application-code: 141ms)
 GET /login 200 in 171ms (next.js: 15ms, application-code: 157ms)
 GET /login 200 in 181ms (next.js: 1507µs, application-code: 179ms)
 GET /login 200 in 161ms (next.js: 1045µs, application-code: 160ms)
 GET /login 200 in 147ms (next.js: 7ms, application-code: 141ms)
 GET /explore 200 in 124ms (next.js: 16ms, application-code: 108ms)
 GET / 200 in 100ms (next.js: 1660µs, application-code: 98ms)
 GET /login 200 in 139ms (next.js: 5ms, application-code: 135ms)
 GET /login 200 in 137ms (next.js: 11ms, application-code: 126ms)
 GET /login 200 in 126ms (next.js: 1912µs, application-code: 124ms)
 GET /explore 200 in 112ms (next.js: 12ms, application-code: 101ms)
 GET / 200 in 93ms (next.js: 1191µs, application-code: 92ms)
 GET /login 200 in 115ms (next.js: 3ms, application-code: 113ms)
 GET /login 200 in 110ms (next.js: 19ms, application-code: 91ms)
 GET /login 200 in 150ms (next.js: 982µs, application-code: 149ms)
 GET /explore 200 in 121ms (next.js: 1568µs, application-code: 119ms)
 GET / 200 in 124ms (next.js: 9ms, application-code: 114ms)
 GET /login 200 in 147ms (next.js: 1939µs, application-code: 145ms)
 GET /login 200 in 159ms (next.js: 12ms, application-code: 147ms)
 GET /login 200 in 162ms (next.js: 1277µs, application-code: 161ms)
 GET /explore 200 in 135ms (next.js: 11ms, application-code: 124ms)
 GET /login 200 in 153ms (next.js: 1508µs, application-code: 152ms)
 GET / 200 in 136ms (next.js: 20ms, application-code: 116ms)
 GET /login 200 in 149ms (next.js: 2ms, application-code: 147ms)
 GET /login 200 in 149ms (next.js: 29ms, application-code: 120ms)
 GET /login 200 in 144ms (next.js: 3ms, application-code: 141ms)
 GET /login 200 in 147ms (next.js: 5ms, application-code: 142ms)
 GET /explore 200 in 119ms (next.js: 1818µs, application-code: 117ms)
 GET / 200 in 120ms (next.js: 10ms, application-code: 109ms)
 GET /login 200 in 133ms (next.js: 1630µs, application-code: 132ms)
 GET /login 200 in 144ms (next.js: 18ms, application-code: 126ms)
 GET /explore 200 in 137ms (next.js: 11ms, application-code: 125ms)
 GET /login 200 in 155ms (next.js: 3ms, application-code: 152ms)
 GET / 200 in 110ms (next.js: 2ms, application-code: 108ms)
 GET /login 200 in 149ms (next.js: 2ms, application-code: 146ms)
 GET /login 200 in 166ms (next.js: 19ms, application-code: 146ms)
 GET /login 200 in 174ms (next.js: 12ms, application-code: 162ms)
 GET /login 200 in 177ms (next.js: 2ms, application-code: 175ms)
 GET /explore 200 in 161ms (next.js: 23ms, application-code: 139ms)
 GET / 200 in 141ms (next.js: 10ms, application-code: 132ms)
 GET /login 200 in 177ms (next.js: 2ms, application-code: 174ms)
 GET /login 200 in 176ms (next.js: 11ms, application-code: 165ms)
 GET /login 200 in 161ms (next.js: 1631µs, application-code: 159ms)
 GET /explore 200 in 101ms (next.js: 2ms, application-code: 99ms)
 GET /login 200 in 145ms (next.js: 6ms, application-code: 139ms)
 GET / 200 in 103ms (next.js: 14ms, application-code: 89ms)
 GET /login 200 in 145ms (next.js: 22ms, application-code: 123ms)
 GET /login 200 in 127ms (next.js: 25ms, application-code: 102ms)
 GET /login 200 in 113ms (next.js: 1220µs, application-code: 112ms)
 GET /explore 200 in 94ms (next.js: 9ms, application-code: 85ms)
 GET /login 200 in 111ms (next.js: 4ms, application-code: 107ms)
 GET / 200 in 89ms (next.js: 9ms, application-code: 81ms)
 GET /login 200 in 115ms (next.js: 1902µs, application-code: 113ms)
 GET /login 200 in 107ms (next.js: 1949µs, application-code: 105ms)
 GET /explore 200 in 107ms (next.js: 9ms, application-code: 98ms)
 GET / 200 in 108ms (next.js: 16ms, application-code: 92ms)
 GET /login 200 in 121ms (next.js: 4ms, application-code: 117ms)
 GET /login 200 in 113ms (next.js: 1369µs, application-code: 111ms)
 GET /login 200 in 121ms (next.js: 22ms, application-code: 99ms)
 GET /login 200 in 115ms (next.js: 3ms, application-code: 112ms)
 GET /login 200 in 106ms (next.js: 3ms, application-code: 104ms)
 GET /explore 200 in 86ms (next.js: 1538µs, application-code: 84ms)
 GET /login 200 in 106ms (next.js: 2ms, application-code: 103ms)
 GET / 200 in 87ms (next.js: 8ms, application-code: 79ms)
 GET /login 200 in 106ms (next.js: 9ms, application-code: 97ms)
 GET /login 200 in 129ms (next.js: 10ms, application-code: 118ms)
 GET /explore 200 in 116ms (next.js: 10ms, application-code: 106ms)
 GET / 200 in 104ms (next.js: 3ms, application-code: 101ms)
 GET /login 200 in 128ms (next.js: 16ms, application-code: 112ms)
 GET /login 200 in 132ms (next.js: 4ms, application-code: 128ms)
 GET /login 200 in 145ms (next.js: 8ms, application-code: 137ms)
 GET /login 200 in 131ms (next.js: 2ms, application-code: 129ms)
 GET /explore 200 in 113ms (next.js: 12ms, application-code: 102ms)
 GET / 200 in 113ms (next.js: 22ms, application-code: 92ms)
 GET /login 200 in 133ms (next.js: 3ms, application-code: 130ms)
 GET /login 200 in 135ms (next.js: 1906µs, application-code: 133ms)
 GET /login 200 in 134ms (next.js: 11ms, application-code: 123ms)
 GET / 200 in 109ms (next.js: 21ms, application-code: 88ms)
 GET /explore 200 in 110ms (next.js: 1171µs, application-code: 109ms)
 GET /login 200 in 134ms (next.js: 1655µs, application-code: 132ms)
 GET /login 200 in 143ms (next.js: 12ms, application-code: 131ms)
 GET /login 200 in 124ms (next.js: 10ms, application-code: 114ms)
 GET /login 200 in 142ms (next.js: 1955µs, application-code: 140ms)
 GET /explore 200 in 110ms (next.js: 12ms, application-code: 98ms)
 GET /login 200 in 154ms (next.js: 3ms, application-code: 151ms)
 GET /login 200 in 137ms (next.js: 3ms, application-code: 134ms)
 GET / 200 in 106ms (next.js: 2ms, application-code: 104ms)
 GET /login 200 in 140ms (next.js: 11ms, application-code: 130ms)
 GET /login 200 in 140ms (next.js: 3ms, application-code: 137ms)
 GET /explore 200 in 135ms (next.js: 12ms, application-code: 123ms)
 GET / 200 in 135ms (next.js: 29ms, application-code: 106ms)
 GET /login 200 in 157ms (next.js: 20ms, application-code: 137ms)
 GET /login 200 in 158ms (next.js: 3ms, application-code: 155ms)
 GET /login 200 in 129ms (next.js: 1884µs, application-code: 127ms)
 GET /login 200 in 143ms (next.js: 3ms, application-code: 140ms)
 GET /explore 200 in 113ms (next.js: 11ms, application-code: 101ms)
 GET / 200 in 105ms (next.js: 10ms, application-code: 94ms)
 GET /login 200 in 132ms (next.js: 4ms, application-code: 128ms)
 GET /login 200 in 140ms (next.js: 14ms, application-code: 126ms)
 GET /login 200 in 138ms (next.js: 1828µs, application-code: 136ms)
 GET /explore 200 in 107ms (next.js: 1458µs, application-code: 105ms)
 GET /login 200 in 127ms (next.js: 10ms, application-code: 117ms)
 GET /login 200 in 128ms (next.js: 1108µs, application-code: 127ms)
 GET / 200 in 108ms (next.js: 11ms, application-code: 97ms)
 GET /login 200 in 147ms (next.js: 1680µs, application-code: 146ms)
 GET /login 200 in 150ms (next.js: 10ms, application-code: 140ms)
 GET /explore 200 in 123ms (next.js: 12ms, application-code: 112ms)
 GET /login 200 in 137ms (next.js: 3ms, application-code: 135ms)
 GET / 200 in 123ms (next.js: 20ms, application-code: 104ms)
 GET /login 200 in 126ms (next.js: 1804µs, application-code: 124ms)
 GET /login 200 in 107ms (next.js: 10ms, application-code: 98ms)
 GET /explore 200 in 101ms (next.js: 11ms, application-code: 90ms)
 GET /login 200 in 115ms (next.js: 3ms, application-code: 112ms)
 GET / 200 in 82ms (next.js: 19ms, application-code: 62ms)
 GET /login 200 in 104ms (next.js: 2ms, application-code: 101ms)
 GET /login 200 in 92ms (next.js: 11ms, application-code: 81ms)
 GET /login 200 in 45ms (next.js: 1638µs, application-code: 43ms)
 GET /explore 200 in 73ms (next.js: 1153µs, application-code: 72ms)
 GET / 200 in 76ms (next.js: 9ms, application-code: 66ms)
 GET /login 200 in 90ms (next.js: 1423µs, application-code: 88ms)
 GET / 200 in 106ms (next.js: 14ms, application-code: 92ms)
 GET /login 200 in 124ms (next.js: 3ms, application-code: 121ms)
 GET /explore 200 in 107ms (next.js: 2ms, application-code: 105ms)
 GET / 200 in 61ms (next.js: 43ms, application-code: 18ms)
 GET /explore 200 in 63ms (next.js: 23ms, application-code: 41ms)
 GET /login 200 in 64ms (next.js: 3ms, application-code: 61ms)
 GET /explore 200 in 60ms (next.js: 15ms, application-code: 45ms)
 GET / 200 in 38ms (next.js: 4ms, application-code: 34ms)
 GET /login 200 in 66ms (next.js: 1128µs, application-code: 65ms)
 GET /explore 200 in 47ms (next.js: 20ms, application-code: 27ms)
 GET /login 200 in 50ms (next.js: 12ms, application-code: 38ms)
 GET / 200 in 63ms (next.js: 4ms, application-code: 59ms)
 GET /explore 200 in 56ms (next.js: 12ms, application-code: 44ms)
 GET / 200 in 56ms (next.js: 18ms, application-code: 38ms)
 GET /login 200 in 70ms (next.js: 3ms, application-code: 67ms)
 GET /explore 200 in 44ms (next.js: 8ms, application-code: 35ms)
 GET /login 200 in 65ms (next.js: 1426µs, application-code: 63ms)
 GET / 200 in 61ms (next.js: 5ms, application-code: 56ms)
 GET /explore 200 in 49ms (next.js: 8ms, application-code: 41ms)
 GET / 200 in 36ms (next.js: 1861µs, application-code: 35ms)
 GET /login 200 in 59ms (next.js: 1628µs, application-code: 57ms)
 GET /explore 200 in 31ms (next.js: 963µs, application-code: 30ms)
 GET /login 200 in 53ms (next.js: 8ms, application-code: 45ms)
 GET / 200 in 74ms (next.js: 2ms, application-code: 72ms)
 GET /explore 200 in 65ms (next.js: 1926µs, application-code: 63ms)
 GET / 200 in 65ms (next.js: 8ms, application-code: 57ms)
 GET /login 200 in 76ms (next.js: 1723µs, application-code: 74ms)
 GET /explore 200 in 47ms (next.js: 9ms, application-code: 38ms)
 GET /login 200 in 57ms (next.js: 2ms, application-code: 55ms)
 GET / 200 in 63ms (next.js: 1400µs, application-code: 62ms)
 GET /explore 200 in 64ms (next.js: 9ms, application-code: 55ms)
 GET / 200 in 65ms (next.js: 17ms, application-code: 48ms)
 GET /login 200 in 67ms (next.js: 1435µs, application-code: 66ms)
 GET /explore 200 in 61ms (next.js: 1310µs, application-code: 60ms)
 GET /login 200 in 73ms (next.js: 1367µs, application-code: 71ms)
 GET / 200 in 70ms (next.js: 1417µs, application-code: 68ms)
 GET /explore 200 in 68ms (next.js: 11ms, application-code: 57ms)
 GET / 200 in 50ms (next.js: 1209µs, application-code: 49ms)
 GET /login 200 in 73ms (next.js: 2ms, application-code: 70ms)
 GET /explore 200 in 62ms (next.js: 11ms, application-code: 51ms)
 GET /login 200 in 74ms (next.js: 1235µs, application-code: 72ms)
 GET / 200 in 79ms (next.js: 1272µs, application-code: 78ms)
 GET /explore 200 in 65ms (next.js: 1430µs, application-code: 64ms)
 GET / 200 in 66ms (next.js: 11ms, application-code: 55ms)
 GET /login 200 in 81ms (next.js: 3ms, application-code: 78ms)
 GET /login 200 in 76ms (next.js: 2ms, application-code: 73ms)
 GET /explore 200 in 55ms (next.js: 1497µs, application-code: 54ms)
 GET / 200 in 64ms (next.js: 1803µs, application-code: 62ms)
 GET / 200 in 62ms (next.js: 19ms, application-code: 43ms)
 GET /explore 200 in 63ms (next.js: 11ms, application-code: 52ms)
 GET /login 200 in 65ms (next.js: 1510µs, application-code: 64ms)
 GET /explore 200 in 55ms (next.js: 11ms, application-code: 44ms)
 GET /login 200 in 72ms (next.js: 1384µs, application-code: 70ms)
 GET / 200 in 76ms (next.js: 1097µs, application-code: 75ms)
 GET /explore 200 in 76ms (next.js: 11ms, application-code: 65ms)
 GET /login 200 in 79ms (next.js: 1864µs, application-code: 77ms)
 GET / 200 in 59ms (next.js: 1757µs, application-code: 57ms)
 GET /explore 200 in 54ms (next.js: 1461µs, application-code: 52ms)
 GET /login 200 in 72ms (next.js: 2ms, application-code: 70ms)
 GET / 200 in 64ms (next.js: 1313µs, application-code: 62ms)
 GET /explore 200 in 52ms (next.js: 1183µs, application-code: 51ms)
 GET / 200 in 53ms (next.js: 10ms, application-code: 43ms)
 GET /login 200 in 66ms (next.js: 2ms, application-code: 64ms)
 GET /explore 200 in 68ms (next.js: 10ms, application-code: 58ms)
 GET /login 200 in 71ms (next.js: 1093µs, application-code: 70ms)
 GET / 200 in 61ms (next.js: 1421µs, application-code: 59ms)
 GET /explore 200 in 68ms (next.js: 10ms, application-code: 58ms)
 GET / 200 in 47ms (next.js: 1590µs, application-code: 45ms)
 GET /login 200 in 71ms (next.js: 1115µs, application-code: 70ms)
 GET /login 200 in 67ms (next.js: 1677µs, application-code: 66ms)
 GET / 200 in 55ms (next.js: 9ms, application-code: 46ms)
 GET /explore 200 in 56ms (next.js: 1348µs, application-code: 54ms)
 GET / 200 in 52ms (next.js: 11ms, application-code: 42ms)
 GET /login 200 in 66ms (next.js: 1842µs, application-code: 64ms)
 GET /explore 200 in 54ms (next.js: 1417µs, application-code: 52ms)
 GET /explore 200 in 70ms (next.js: 11ms, application-code: 59ms)
 GET / 200 in 71ms (next.js: 19ms, application-code: 52ms)
 GET /login 200 in 74ms (next.js: 1239µs, application-code: 73ms)
 GET / 200 in 75ms (next.js: 19ms, application-code: 56ms)
 GET /explore 200 in 76ms (next.js: 11ms, application-code: 65ms)
 GET /login 200 in 288ms (next.js: 1850µs, application-code: 286ms)
 GET /explore 200 in 264ms (next.js: 14ms, application-code: 250ms)
 GET / 200 in 242ms (next.js: 1038µs, application-code: 241ms)
 GET /login 200 in 267ms (next.js: 1927µs, application-code: 265ms)
 GET /explore 200 in 262ms (next.js: 10ms, application-code: 252ms)
 GET /login 200 in 265ms (next.js: 1216µs, application-code: 264ms)
 GET / 200 in 63ms (next.js: 3ms, application-code: 60ms)
 GET / 200 in 75ms (next.js: 10ms, application-code: 65ms)
 GET /explore 200 in 76ms (next.js: 1677µs, application-code: 74ms)
 GET /login 200 in 90ms (next.js: 3ms, application-code: 88ms)
 GET /login 200 in 80ms (next.js: 2ms, application-code: 77ms)
 GET /explore 200 in 67ms (next.js: 1454µs, application-code: 66ms)
 GET / 200 in 53ms (next.js: 1645µs, application-code: 52ms)
 GET /explore 200 in 50ms (next.js: 9ms, application-code: 41ms)
 GET / 200 in 43ms (next.js: 7ms, application-code: 36ms)
 GET /login 200 in 53ms (next.js: 1327µs, application-code: 52ms)
 GET / 200 in 53ms (next.js: 14ms, application-code: 39ms)
 GET /explore 200 in 54ms (next.js: 8ms, application-code: 46ms)
 GET /login 200 in 56ms (next.js: 1627µs, application-code: 55ms)
 GET /explore 200 in 65ms (next.js: 9ms, application-code: 56ms)
 GET / 200 in 50ms (next.js: 1284µs, application-code: 49ms)
 GET /login 200 in 69ms (next.js: 1884µs, application-code: 67ms)
 GET /explore 200 in 67ms (next.js: 11ms, application-code: 56ms)
 GET / 200 in 50ms (next.js: 870µs, application-code: 49ms)
 GET /login 200 in 71ms (next.js: 1835µs, application-code: 69ms)
 GET /explore 200 in 64ms (next.js: 11ms, application-code: 53ms)
 GET / 200 in 46ms (next.js: 1184µs, application-code: 45ms)
 GET /login 200 in 69ms (next.js: 1649µs, application-code: 67ms)
 GET /explore 200 in 57ms (next.js: 1330µs, application-code: 56ms)
 GET / 200 in 57ms (next.js: 10ms, application-code: 47ms)
 GET /login 200 in 70ms (next.js: 1528µs, application-code: 68ms)
 GET /explore 200 in 24ms (next.js: 1415µs, application-code: 23ms)
 GET / 200 in 24ms (next.js: 10ms, application-code: 15ms)
 GET /login 200 in 39ms (next.js: 2ms, application-code: 37ms)
 GET /icon-192x192.png 404 in 166ms (next.js: 32ms, application-code: 134ms)
 GET /icon-192x192.png 404 in 34ms (next.js: 1445µs, application-code: 32ms)
 GET /icon-192x192.png 404 in 18ms (next.js: 1187µs, application-code: 17ms)
 GET /icon-192x192.png 404 in 38ms (next.js: 4ms, application-code: 34ms)
 GET / 200 in 730ms (next.js: 528ms, application-code: 202ms)
 GET /explore 200 in 734ms (next.js: 561ms, application-code: 173ms)
 GET /login 200 in 758ms (next.js: 391ms, application-code: 367ms)
 GET /login 200 in 730ms (next.js: 472ms, application-code: 259ms)
 GET / 200 in 162ms (next.js: 4ms, application-code: 158ms)
 GET / 200 in 162ms (next.js: 20ms, application-code: 142ms)
 GET / 200 in 161ms (next.js: 27ms, application-code: 134ms)
 GET / 200 in 147ms (next.js: 10ms, application-code: 137ms)
✓ Compiled in 0ms
 GET / 200 in 167ms (next.js: 16ms, application-code: 150ms)
 GET / 200 in 163ms (next.js: 10ms, application-code: 153ms)
 GET / 200 in 185ms (next.js: 12ms, application-code: 173ms)
 GET /explore 200 in 190ms (next.js: 10ms, application-code: 180ms)
 GET /login 200 in 240ms (next.js: 9ms, application-code: 231ms)
 GET /login 200 in 233ms (next.js: 23ms, application-code: 210ms)
 GET /login 200 in 228ms (next.js: 913µs, application-code: 227ms)
 GET /login 200 in 235ms (next.js: 1060µs, application-code: 234ms)
 GET / 200 in 215ms (next.js: 13ms, application-code: 202ms)
 GET / 200 in 176ms (next.js: 13ms, application-code: 163ms)
 GET / 200 in 176ms (next.js: 21ms, application-code: 155ms)
 GET /login 200 in 220ms (next.js: 2ms, application-code: 218ms)
 GET / 200 in 166ms (next.js: 21ms, application-code: 145ms)
 GET /login 200 in 248ms (next.js: 22ms, application-code: 226ms)
 GET / 200 in 176ms (next.js: 20ms, application-code: 155ms)
 GET / 200 in 174ms (next.js: 23ms, application-code: 151ms)
 GET / 200 in 154ms (next.js: 17ms, application-code: 137ms)
 GET /login 200 in 254ms (next.js: 30ms, application-code: 224ms)
 GET /login 200 in 207ms (next.js: 2ms, application-code: 205ms)
 GET /explore 200 in 194ms (next.js: 1477µs, application-code: 192ms)
 GET /login 200 in 206ms (next.js: 10ms, application-code: 196ms)
 GET /login 200 in 207ms (next.js: 19ms, application-code: 187ms)
 GET /login 200 in 216ms (next.js: 3ms, application-code: 213ms)
 GET /explore 200 in 196ms (next.js: 12ms, application-code: 184ms)
 GET / 200 in 198ms (next.js: 5ms, application-code: 193ms)
 GET / 200 in 152ms (next.js: 3ms, application-code: 149ms)
 GET / 200 in 152ms (next.js: 10ms, application-code: 142ms)
 GET / 200 in 153ms (next.js: 17ms, application-code: 136ms)
 GET / 200 in 153ms (next.js: 25ms, application-code: 128ms)
 GET /login 200 in 203ms (next.js: 20ms, application-code: 183ms)
 GET /login 200 in 236ms (next.js: 29ms, application-code: 207ms)
 GET / 200 in 173ms (next.js: 27ms, application-code: 146ms)
 GET / 200 in 159ms (next.js: 29ms, application-code: 130ms)
 GET / 200 in 141ms (next.js: 10ms, application-code: 131ms)
 GET /login 200 in 239ms (next.js: 17ms, application-code: 222ms)
 GET /explore 200 in 197ms (next.js: 3ms, application-code: 194ms)
 GET /login 200 in 212ms (next.js: 955µs, application-code: 211ms)
 GET /login 200 in 198ms (next.js: 12ms, application-code: 185ms)
 GET /login 200 in 173ms (next.js: 2ms, application-code: 170ms)
 GET /login 200 in 171ms (next.js: 13ms, application-code: 158ms)
 GET /explore 200 in 141ms (next.js: 26ms, application-code: 115ms)
 GET / 200 in 141ms (next.js: 16ms, application-code: 125ms)
 GET / 200 in 101ms (next.js: 19ms, application-code: 82ms)
 GET / 200 in 102ms (next.js: 12ms, application-code: 90ms)
 GET / 200 in 91ms (next.js: 26ms, application-code: 66ms)
 GET /login 200 in 142ms (next.js: 4ms, application-code: 139ms)
 GET / 200 in 67ms (next.js: 30ms, application-code: 37ms)
 GET / 200 in 67ms (next.js: 37ms, application-code: 29ms)
 GET / 200 in 38ms (next.js: 16ms, application-code: 22ms)
 GET /login 200 in 105ms (next.js: 45ms, application-code: 60ms)
 GET /login 200 in 106ms (next.js: 36ms, application-code: 70ms)
 GET /login 200 in 112ms (next.js: 746µs, application-code: 112ms)
 GET /explore 200 in 149ms (next.js: 961µs, application-code: 148ms)
 GET / 200 in 150ms (next.js: 42ms, application-code: 108ms)
 GET / 200 in 151ms (next.js: 18ms, application-code: 133ms)
 GET / 200 in 151ms (next.js: 35ms, application-code: 116ms)
 GET / 200 in 161ms (next.js: 59ms, application-code: 101ms)
 GET /explore 200 in 161ms (next.js: 53ms, application-code: 109ms)
 GET / 200 in 162ms (next.js: 47ms, application-code: 115ms)
 GET / 200 in 163ms (next.js: 23ms, application-code: 140ms)
 GET / 200 in 163ms (next.js: 29ms, application-code: 134ms)
 GET /login 200 in 179ms (next.js: 2ms, application-code: 177ms)
 GET /login 200 in 179ms (next.js: 11ms, application-code: 168ms)
 GET / 200 in 194ms (next.js: 19ms, application-code: 175ms)
 GET /login 200 in 247ms (next.js: 1129µs, application-code: 245ms)
 GET /login 200 in 247ms (next.js: 10ms, application-code: 237ms)
 GET /login 200 in 248ms (next.js: 866µs, application-code: 247ms)
 GET /login 200 in 262ms (next.js: 844µs, application-code: 262ms)
 GET /explore 200 in 236ms (next.js: 3ms, application-code: 233ms)
 GET /login 200 in 254ms (next.js: 3ms, application-code: 252ms)
 GET / 200 in 234ms (next.js: 42ms, application-code: 193ms)
 GET / 200 in 235ms (next.js: 88ms, application-code: 147ms)
 GET / 200 in 235ms (next.js: 53ms, application-code: 182ms)
 GET / 200 in 237ms (next.js: 4ms, application-code: 233ms)
 GET / 200 in 245ms (next.js: 100ms, application-code: 144ms)
 GET / 200 in 159ms (next.js: 14ms, application-code: 145ms)
 GET /login 200 in 274ms (next.js: 3ms, application-code: 271ms)
 GET / 200 in 158ms (next.js: 21ms, application-code: 137ms)
 GET /explore 200 in 130ms (next.js: 1774µs, application-code: 128ms)
 GET /login 200 in 262ms (next.js: 14ms, application-code: 247ms)
 GET /login 200 in 238ms (next.js: 11ms, application-code: 226ms)
 GET /login 200 in 238ms (next.js: 22ms, application-code: 216ms)
 GET / 200 in 203ms (next.js: 13ms, application-code: 189ms)
 GET /login 200 in 206ms (next.js: 2ms, application-code: 204ms)
 GET /login 200 in 223ms (next.js: 1955µs, application-code: 221ms)
 GET /explore 200 in 181ms (next.js: 4ms, application-code: 178ms)
 GET /login 200 in 207ms (next.js: 3ms, application-code: 204ms)
 GET / 200 in 154ms (next.js: 23ms, application-code: 131ms)
 GET / 200 in 154ms (next.js: 33ms, application-code: 120ms)
 GET / 200 in 154ms (next.js: 13ms, application-code: 142ms)
 GET / 200 in 143ms (next.js: 32ms, application-code: 111ms)
 GET /login 200 in 180ms (next.js: 12ms, application-code: 168ms)
 GET / 200 in 113ms (next.js: 10ms, application-code: 102ms)
 GET / 200 in 104ms (next.js: 31ms, application-code: 73ms)
 GET / 200 in 104ms (next.js: 20ms, application-code: 84ms)
 GET /login 200 in 157ms (next.js: 3ms, application-code: 155ms)
 GET /explore 200 in 104ms (next.js: 38ms, application-code: 65ms)
 GET /login 200 in 128ms (next.js: 18ms, application-code: 110ms)
 GET / 200 in 164ms (next.js: 20ms, application-code: 144ms)
 GET /login 200 in 167ms (next.js: 13ms, application-code: 155ms)
 GET /login 200 in 168ms (next.js: 3ms, application-code: 165ms)
 GET /login 200 in 176ms (next.js: 818µs, application-code: 175ms)
 GET /explore 200 in 184ms (next.js: 2ms, application-code: 182ms)
 GET /login 200 in 201ms (next.js: 998µs, application-code: 200ms)
 GET / 200 in 185ms (next.js: 31ms, application-code: 155ms)
 GET / 200 in 185ms (next.js: 53ms, application-code: 133ms)
 GET / 200 in 186ms (next.js: 23ms, application-code: 164ms)
 GET / 200 in 186ms (next.js: 45ms, application-code: 141ms)
 GET / 200 in 187ms (next.js: 38ms, application-code: 149ms)
 GET / 200 in 186ms (next.js: 70ms, application-code: 116ms)
 GET / 200 in 187ms (next.js: 60ms, application-code: 127ms)
 GET /login 200 in 192ms (next.js: 11ms, application-code: 181ms)
 GET /login 200 in 217ms (next.js: 94ms, application-code: 123ms)
 GET /explore 200 in 148ms (next.js: 1167µs, application-code: 147ms)
 GET /login 200 in 162ms (next.js: 1252µs, application-code: 160ms)
 GET /login 200 in 157ms (next.js: 9ms, application-code: 148ms)
 GET /login 200 in 157ms (next.js: 18ms, application-code: 139ms)
 GET /login 200 in 144ms (next.js: 1055µs, application-code: 143ms)
 GET / 200 in 148ms (next.js: 898µs, application-code: 147ms)
 GET /login 200 in 149ms (next.js: 10ms, application-code: 139ms)
 GET /explore 200 in 132ms (next.js: 4ms, application-code: 129ms)
 GET / 200 in 132ms (next.js: 27ms, application-code: 105ms)
 GET / 200 in 132ms (next.js: 38ms, application-code: 94ms)
 GET / 200 in 132ms (next.js: 44ms, application-code: 88ms)
 GET / 200 in 107ms (next.js: 30ms, application-code: 78ms)
 GET / 200 in 108ms (next.js: 25ms, application-code: 83ms)
 GET / 200 in 101ms (next.js: 13ms, application-code: 88ms)
 GET / 200 in 91ms (next.js: 7ms, application-code: 84ms)
 GET /login 200 in 156ms (next.js: 12ms, application-code: 144ms)
 GET /login 200 in 154ms (next.js: 32ms, application-code: 122ms)
 GET /explore 200 in 157ms (next.js: 1330µs, application-code: 156ms)
 GET /login 200 in 178ms (next.js: 8ms, application-code: 170ms)
 GET /login 200 in 819ms (next.js: 8ms, application-code: 811ms)
 GET /login 200 in 819ms (next.js: 2ms, application-code: 817ms)
 GET /login 200 in 819ms (next.js: 9ms, application-code: 810ms)
 GET / 200 in 812ms (next.js: 2ms, application-code: 810ms)
 GET /login 200 in 822ms (next.js: 952µs, application-code: 821ms)
 GET /explore 200 in 813ms (next.js: 4ms, application-code: 809ms)
 GET / 200 in 812ms (next.js: 9ms, application-code: 803ms)
 GET / 200 in 812ms (next.js: 14ms, application-code: 798ms)
 GET /login 200 in 845ms (next.js: 4ms, application-code: 841ms)
 GET / 200 in 822ms (next.js: 25ms, application-code: 796ms)
 GET / 200 in 822ms (next.js: 31ms, application-code: 790ms)
 GET / 200 in 822ms (next.js: 20ms, application-code: 802ms)
 GET / 200 in 804ms (next.js: 21ms, application-code: 783ms)
 GET / 200 in 804ms (next.js: 64ms, application-code: 740ms)
 GET /explore 200 in 136ms (next.js: 3ms, application-code: 132ms)
 GET /login 200 in 827ms (next.js: 15ms, application-code: 812ms)
 GET /login 200 in 827ms (next.js: 8ms, application-code: 820ms)
 GET /login 200 in 213ms (next.js: 20ms, application-code: 193ms)
 GET /login 200 in 182ms (next.js: 1380µs, application-code: 181ms)
 GET / 200 in 143ms (next.js: 1637µs, application-code: 141ms)
 GET /login 200 in 165ms (next.js: 2ms, application-code: 163ms)
 GET /login 200 in 165ms (next.js: 12ms, application-code: 153ms)
 GET / 200 in 122ms (next.js: 10ms, application-code: 112ms)
 GET /login 200 in 143ms (next.js: 9ms, application-code: 134ms)
 GET / 200 in 122ms (next.js: 18ms, application-code: 104ms)
 GET /explore 200 in 123ms (next.js: 1241µs, application-code: 122ms)
 GET / 200 in 82ms (next.js: 3ms, application-code: 80ms)
 GET / 200 in 82ms (next.js: 26ms, application-code: 56ms)
 GET / 200 in 82ms (next.js: 18ms, application-code: 64ms)
 GET / 200 in 83ms (next.js: 11ms, application-code: 72ms)
 GET /login 200 in 123ms (next.js: 28ms, application-code: 95ms)
 GET / 200 in 30ms (next.js: 11ms, application-code: 19ms)
 GET /explore 200 in 30ms (next.js: 18ms, application-code: 12ms)
 GET /login 200 in 81ms (next.js: 38ms, application-code: 43ms)
 GET /login 200 in 30ms (next.js: 1306µs, application-code: 29ms)
 GET /login 200 in 207ms (next.js: 1136µs, application-code: 206ms)
 GET /explore 200 in 195ms (next.js: 19ms, application-code: 176ms)
 GET / 200 in 195ms (next.js: 11ms, application-code: 184ms)
 GET / 200 in 196ms (next.js: 42ms, application-code: 154ms)
 GET / 200 in 170ms (next.js: 36ms, application-code: 133ms)
 GET /login 200 in 198ms (next.js: 1333µs, application-code: 197ms)
 GET / 200 in 126ms (next.js: 43ms, application-code: 83ms)
 GET / 200 in 127ms (next.js: 26ms, application-code: 101ms)
 GET / 200 in 127ms (next.js: 11ms, application-code: 116ms)
 GET /explore 200 in 127ms (next.js: 50ms, application-code: 77ms)
 GET / 200 in 128ms (next.js: 3ms, application-code: 125ms)
 GET / 200 in 128ms (next.js: 18ms, application-code: 110ms)
 GET /login 200 in 228ms (next.js: 29ms, application-code: 199ms)
 GET /login 200 in 252ms (next.js: 57ms, application-code: 194ms)
 GET /login 200 in 254ms (next.js: 34ms, application-code: 220ms)
 GET /login 200 in 183ms (next.js: 2ms, application-code: 181ms)
 GET /login 200 in 167ms (next.js: 1689µs, application-code: 165ms)
 GET /login 200 in 155ms (next.js: 3ms, application-code: 152ms)
 GET / 200 in 130ms (next.js: 21ms, application-code: 109ms)
 GET / 200 in 128ms (next.js: 29ms, application-code: 100ms)
 GET / 200 in 101ms (next.js: 10ms, application-code: 91ms)
 GET /explore 200 in 92ms (next.js: 10ms, application-code: 82ms)
 GET / 200 in 83ms (next.js: 11ms, application-code: 73ms)
 GET / 200 in 83ms (next.js: 18ms, application-code: 65ms)
 GET / 200 in 83ms (next.js: 25ms, application-code: 58ms)
 GET / 200 in 83ms (next.js: 50ms, application-code: 33ms)
 GET /login 200 in 132ms (next.js: 12ms, application-code: 119ms)
 GET /login 200 in 132ms (next.js: 3ms, application-code: 129ms)
 GET / 200 in 84ms (next.js: 33ms, application-code: 51ms)
 GET /login 200 in 84ms (next.js: 40ms, application-code: 44ms)
 GET /login 200 in 75ms (next.js: 60ms, application-code: 15ms)
 GET / 200 in 163ms (next.js: 3ms, application-code: 160ms)
 GET / 200 in 164ms (next.js: 37ms, application-code: 127ms)
 GET /explore 200 in 164ms (next.js: 13ms, application-code: 152ms)
 GET / 200 in 164ms (next.js: 46ms, application-code: 119ms)
 GET / 200 in 163ms (next.js: 69ms, application-code: 94ms)
 GET / 200 in 163ms (next.js: 62ms, application-code: 101ms)
 GET / 200 in 163ms (next.js: 77ms, application-code: 86ms)
 GET / 200 in 102ms (next.js: 25ms, application-code: 77ms)
 GET /login 200 in 165ms (next.js: 24ms, application-code: 141ms)
 GET /login 200 in 165ms (next.js: 53ms, application-code: 112ms)
 GET / 200 in 64ms (next.js: 20ms, application-code: 44ms)
 GET /explore 200 in 64ms (next.js: 1601µs, application-code: 63ms)
 GET /login 200 in 64ms (next.js: 28ms, application-code: 36ms)
 GET /login 200 in 65ms (next.js: 10ms, application-code: 55ms)
 GET /login 200 in 26ms (next.js: 847µs, application-code: 25ms)
 GET /login 200 in 15ms (next.js: 899µs, application-code: 15ms)
 GET /explore 200 in 151ms (next.js: 13ms, application-code: 139ms)
 GET / 200 in 152ms (next.js: 41ms, application-code: 111ms)
 GET / 200 in 153ms (next.js: 23ms, application-code: 130ms)
 GET / 200 in 155ms (next.js: 57ms, application-code: 98ms)
 GET / 200 in 100ms (next.js: 16ms, application-code: 84ms)
 GET / 200 in 88ms (next.js: 11ms, application-code: 77ms)
 GET / 200 in 88ms (next.js: 20ms, application-code: 68ms)
 GET /login 200 in 159ms (next.js: 31ms, application-code: 128ms)
 GET / 200 in 91ms (next.js: 19ms, application-code: 73ms)
 GET /explore 200 in 92ms (next.js: 36ms, application-code: 56ms)
 GET / 200 in 92ms (next.js: 54ms, application-code: 38ms)
 GET /login 200 in 202ms (next.js: 1427µs, application-code: 201ms)
 GET /login 200 in 169ms (next.js: 45ms, application-code: 124ms)
 GET /login 200 in 230ms (next.js: 27ms, application-code: 203ms)
 GET /explore 200 in 175ms (next.js: 4ms, application-code: 172ms)
 GET / 200 in 173ms (next.js: 25ms, application-code: 148ms)
 GET / 200 in 130ms (next.js: 3ms, application-code: 127ms)
 GET / 200 in 130ms (next.js: 15ms, application-code: 116ms)
 GET / 200 in 130ms (next.js: 22ms, application-code: 108ms)
 GET / 200 in 131ms (next.js: 30ms, application-code: 101ms)
 GET / 200 in 111ms (next.js: 26ms, application-code: 85ms)
 GET /explore 200 in 111ms (next.js: 38ms, application-code: 73ms)
 GET /login 200 in 179ms (next.js: 17ms, application-code: 162ms)
 GET / 200 in 132ms (next.js: 38ms, application-code: 95ms)
 GET /login 200 in 113ms (next.js: 67ms, application-code: 46ms)
 GET / 200 in 52ms (next.js: 4ms, application-code: 49ms)
 GET /explore 200 in 108ms (next.js: 3ms, application-code: 104ms)
 GET / 200 in 79ms (next.js: 35ms, application-code: 44ms)
 GET / 200 in 80ms (next.js: 2ms, application-code: 78ms)
 GET / 200 in 79ms (next.js: 20ms, application-code: 60ms)
 GET / 200 in 79ms (next.js: 42ms, application-code: 37ms)
 GET / 200 in 79ms (next.js: 54ms, application-code: 25ms)
 GET / 200 in 79ms (next.js: 49ms, application-code: 30ms)
 GET /explore 200 in 79ms (next.js: 59ms, application-code: 20ms)
 GET /login 200 in 109ms (next.js: 14ms, application-code: 95ms)
 GET / 200 in 80ms (next.js: 27ms, application-code: 52ms)
 GET / 200 in 10ms (next.js: 1448µs, application-code: 8ms)
 GET /login 200 in 79ms (next.js: 63ms, application-code: 16ms)
 GET / 200 in 93ms (next.js: 9ms, application-code: 85ms)
 GET / 200 in 94ms (next.js: 22ms, application-code: 72ms)
 GET /explore 200 in 96ms (next.js: 3ms, application-code: 93ms)
 GET / 200 in 68ms (next.js: 10ms, application-code: 58ms)
 GET / 200 in 97ms (next.js: 29ms, application-code: 68ms)
 GET / 200 in 61ms (next.js: 14ms, application-code: 47ms)
 GET / 200 in 76ms (next.js: 20ms, application-code: 57ms)
 GET /login 200 in 115ms (next.js: 14ms, application-code: 101ms)
 GET / 200 in 65ms (next.js: 13ms, application-code: 52ms)
 GET /explore 200 in 65ms (next.js: 19ms, application-code: 47ms)
 GET / 200 in 73ms (next.js: 31ms, application-code: 43ms)
 GET /login 200 in 136ms (next.js: 24ms, application-code: 111ms)
 GET / 200 in 102ms (next.js: 3ms, application-code: 100ms)
 GET /explore 200 in 103ms (next.js: 9ms, application-code: 95ms)
 GET / 200 in 79ms (next.js: 2ms, application-code: 77ms)
 GET / 200 in 79ms (next.js: 8ms, application-code: 71ms)
 GET / 200 in 80ms (next.js: 14ms, application-code: 66ms)
 GET /explore 200 in 80ms (next.js: 20ms, application-code: 60ms)
 GET /login 200 in 120ms (next.js: 17ms, application-code: 103ms)
 GET / 200 in 81ms (next.js: 14ms, application-code: 66ms)
 GET / 200 in 81ms (next.js: 9ms, application-code: 72ms)
 GET / 200 in 81ms (next.js: 25ms, application-code: 56ms)
 GET / 200 in 92ms (next.js: 1825µs, application-code: 91ms)
 GET /login 200 in 142ms (next.js: 31ms, application-code: 111ms)
 GET / 200 in 116ms (next.js: 2ms, application-code: 113ms)
 GET /explore 200 in 116ms (next.js: 7ms, application-code: 108ms)
 GET / 200 in 100ms (next.js: 1927µs, application-code: 98ms)
 GET / 200 in 100ms (next.js: 7ms, application-code: 93ms)
 GET / 200 in 99ms (next.js: 15ms, application-code: 85ms)
 GET / 200 in 86ms (next.js: 19ms, application-code: 66ms)
 GET / 200 in 85ms (next.js: 35ms, application-code: 50ms)
 GET /explore 200 in 86ms (next.js: 27ms, application-code: 59ms)
 GET / 200 in 40ms (next.js: 3ms, application-code: 38ms)
 GET /login 200 in 87ms (next.js: 9ms, application-code: 77ms)
 GET / 200 in 30ms (next.js: 11ms, application-code: 19ms)
 GET /login 200 in 30ms (next.js: 1354µs, application-code: 29ms)
 GET / 200 in 126ms (next.js: 3ms, application-code: 123ms)
 GET / 200 in 112ms (next.js: 56ms, application-code: 55ms)
 GET / 200 in 113ms (next.js: 1368µs, application-code: 111ms)
 GET / 200 in 113ms (next.js: 29ms, application-code: 83ms)
 GET / 200 in 113ms (next.js: 37ms, application-code: 76ms)
 GET / 200 in 113ms (next.js: 65ms, application-code: 48ms)
 GET / 200 in 113ms (next.js: 44ms, application-code: 69ms)
 GET /explore 200 in 114ms (next.js: 9ms, application-code: 104ms)
 GET /login 200 in 114ms (next.js: 20ms, application-code: 94ms)
 GET / 200 in 40ms (next.js: 20ms, application-code: 20ms)
 GET /explore 200 in 41ms (next.js: 1771µs, application-code: 39ms)
 GET /login 200 in 41ms (next.js: 10ms, application-code: 31ms)
 GET / 200 in 78ms (next.js: 845µs, application-code: 77ms)
 GET / 200 in 71ms (next.js: 23ms, application-code: 48ms)
 GET /explore 200 in 72ms (next.js: 982µs, application-code: 71ms)
 GET /explore 200 in 64ms (next.js: 1840µs, application-code: 62ms)
 GET /login 200 in 99ms (next.js: 11ms, application-code: 88ms)
 GET / 200 in 65ms (next.js: 20ms, application-code: 45ms)
 GET /login 200 in 91ms (next.js: 11ms, application-code: 80ms)
 GET /explore 200 in 86ms (next.js: 1375µs, application-code: 84ms)
 GET /login 200 in 89ms (next.js: 11ms, application-code: 78ms)
 GET /explore 200 in 62ms (next.js: 9ms, application-code: 53ms)
 GET / 200 in 76ms (next.js: 1277µs, application-code: 75ms)
 GET / 200 in 69ms (next.js: 1679µs, application-code: 67ms)
 GET /login 200 in 113ms (next.js: 25ms, application-code: 88ms)
 GET /explore 200 in 78ms (next.js: 4ms, application-code: 74ms)
 GET / 200 in 63ms (next.js: 16ms, application-code: 47ms)
 GET /explore 200 in 58ms (next.js: 11ms, application-code: 47ms)
 GET /login 200 in 75ms (next.js: 2ms, application-code: 73ms)
 GET / 200 in 65ms (next.js: 12ms, application-code: 53ms)
 GET /login 200 in 78ms (next.js: 1158µs, application-code: 77ms)
 GET /explore 200 in 79ms (next.js: 1923µs, application-code: 77ms)
 GET / 200 in 78ms (next.js: 10ms, application-code: 67ms)
 GET /explore 200 in 52ms (next.js: 1587µs, application-code: 50ms)
 GET /login 200 in 82ms (next.js: 1454µs, application-code: 80ms)
 GET / 200 in 49ms (next.js: 1119µs, application-code: 48ms)
 GET /login 200 in 72ms (next.js: 2ms, application-code: 70ms)
 GET /explore 200 in 66ms (next.js: 1180µs, application-code: 65ms)
 GET / 200 in 55ms (next.js: 1323µs, application-code: 53ms)
 GET /explore 200 in 55ms (next.js: 10ms, application-code: 45ms)
 GET /login 200 in 68ms (next.js: 1709µs, application-code: 66ms)
 GET / 200 in 71ms (next.js: 11ms, application-code: 59ms)
 GET /login 200 in 74ms (next.js: 1514µs, application-code: 72ms)
 GET /explore 200 in 78ms (next.js: 1419µs, application-code: 76ms)
 GET / 200 in 76ms (next.js: 11ms, application-code: 65ms)
 GET /explore 200 in 76ms (next.js: 19ms, application-code: 58ms)
 GET /login 200 in 79ms (next.js: 1393µs, application-code: 78ms)
 GET / 200 in 62ms (next.js: 1511µs, application-code: 60ms)
 GET /login 200 in 79ms (next.js: 3ms, application-code: 76ms)
 GET /explore 200 in 64ms (next.js: 1257µs, application-code: 63ms)
 GET / 200 in 61ms (next.js: 12ms, application-code: 50ms)
 GET /login 200 in 64ms (next.js: 2ms, application-code: 62ms)
 GET /explore 200 in 47ms (next.js: 1484µs, application-code: 45ms)
 GET / 200 in 51ms (next.js: 7ms, application-code: 44ms)
 GET /login 200 in 53ms (next.js: 1156µs, application-code: 52ms)
 GET /explore 200 in 53ms (next.js: 1444µs, application-code: 52ms)
 GET /login 200 in 59ms (next.js: 1640µs, application-code: 57ms)
 GET /explore 200 in 49ms (next.js: 8ms, application-code: 41ms)
 GET / 200 in 50ms (next.js: 1345µs, application-code: 48ms)
 GET / 200 in 40ms (next.js: 1566µs, application-code: 39ms)
 GET /login 200 in 57ms (next.js: 2ms, application-code: 55ms)
 GET /explore 200 in 43ms (next.js: 1094µs, application-code: 42ms)
 GET /explore 200 in 48ms (next.js: 13ms, application-code: 34ms)
 GET / 200 in 48ms (next.js: 8ms, application-code: 40ms)
 GET /login 200 in 58ms (next.js: 1360µs, application-code: 57ms)
 GET / 200 in 49ms (next.js: 9ms, application-code: 40ms)
 GET /login 200 in 51ms (next.js: 1520µs, application-code: 50ms)
 GET /explore 200 in 37ms (next.js: 1425µs, application-code: 35ms)
 GET / 200 in 48ms (next.js: 9ms, application-code: 39ms)
 GET /login 200 in 51ms (next.js: 1133µs, application-code: 50ms)
 GET /explore 200 in 36ms (next.js: 1420µs, application-code: 35ms)
 GET / 200 in 52ms (next.js: 8ms, application-code: 44ms)
 GET /explore 200 in 46ms (next.js: 7ms, application-code: 38ms)
 GET /login 200 in 55ms (next.js: 1359µs, application-code: 54ms)
 GET /explore 200 in 47ms (next.js: 6ms, application-code: 41ms)
 GET / 200 in 49ms (next.js: 1197µs, application-code: 48ms)
 GET /login 200 in 60ms (next.js: 2ms, application-code: 58ms)
 GET / 200 in 64ms (next.js: 9ms, application-code: 54ms)
 GET /explore 200 in 50ms (next.js: 1487µs, application-code: 48ms)
 GET /login 200 in 67ms (next.js: 1253µs, application-code: 66ms)
 GET / 200 in 68ms (next.js: 13ms, application-code: 55ms)
 GET /explore 200 in 47ms (next.js: 1475µs, application-code: 45ms)
 GET /login 200 in 70ms (next.js: 1927µs, application-code: 68ms)
 GET / 200 in 24ms (next.js: 1525µs, application-code: 22ms)
 GET /explore 200 in 25ms (next.js: 9ms, application-code: 15ms)
 GET /login 200 in 38ms (next.js: 1983µs, application-code: 36ms)
 GET /icon-192x192.png 404 in 191ms (next.js: 46ms, application-code: 144ms)
 GET /icon-192x192.png 404 in 20ms (next.js: 1546µs, application-code: 18ms)
 GET /icon-192x192.png 404 in 43ms (next.js: 4ms, application-code: 38ms)
 GET /explore 200 in 311ms (next.js: 208ms, application-code: 102ms)
 GET / 200 in 311ms (next.js: 138ms, application-code: 173ms)
 GET /login 200 in 313ms (next.js: 235ms, application-code: 78ms)
 GET /login 200 in 314ms (next.js: 248ms, application-code: 65ms)
 GET / 200 in 50ms (next.js: 1438µs, application-code: 48ms)
 GET /explore 200 in 49ms (next.js: 10ms, application-code: 39ms)
 GET /login 200 in 30ms (next.js: 2ms, application-code: 28ms)
 GET /login 200 in 30ms (next.js: 13ms, application-code: 17ms)
 GET /login 200 in 164ms (next.js: 5ms, application-code: 159ms)
 GET / 200 in 147ms (next.js: 1221µs, application-code: 146ms)
 GET /explore 200 in 148ms (next.js: 11ms, application-code: 137ms)
 GET /login 200 in 151ms (next.js: 23ms, application-code: 128ms)
 GET / 200 in 118ms (next.js: 1330µs, application-code: 117ms)
 GET /explore 200 in 119ms (next.js: 10ms, application-code: 109ms)
 GET /login 200 in 166ms (next.js: 33ms, application-code: 133ms)
 GET /login 200 in 158ms (next.js: 30ms, application-code: 129ms)
 GET /login 200 in 159ms (next.js: 18ms, application-code: 141ms)
 GET /login 200 in 181ms (next.js: 1167µs, application-code: 180ms)
 GET /login 200 in 167ms (next.js: 2ms, application-code: 164ms)
 GET /login 200 in 139ms (next.js: 3ms, application-code: 137ms)
 GET /explore 200 in 122ms (next.js: 32ms, application-code: 89ms)
 GET / 200 in 123ms (next.js: 17ms, application-code: 106ms)
 GET /login 200 in 146ms (next.js: 3ms, application-code: 143ms)
 GET / 200 in 93ms (next.js: 40ms, application-code: 54ms)
 GET /explore 200 in 127ms (next.js: 32ms, application-code: 95ms)
 GET /login 200 in 130ms (next.js: 16ms, application-code: 114ms)
 GET /login 200 in 131ms (next.js: 2ms, application-code: 128ms)
 GET /login 200 in 132ms (next.js: 978µs, application-code: 131ms)
 GET /login 200 in 132ms (next.js: 10ms, application-code: 123ms)
 GET /login 200 in 167ms (next.js: 1218µs, application-code: 166ms)
 GET /explore 200 in 144ms (next.js: 2ms, application-code: 141ms)
 GET / 200 in 144ms (next.js: 13ms, application-code: 132ms)
 GET /login 200 in 173ms (next.js: 24ms, application-code: 149ms)
 GET /explore 200 in 135ms (next.js: 22ms, application-code: 114ms)
 GET /login 200 in 138ms (next.js: 1916µs, application-code: 136ms)
 GET / 200 in 100ms (next.js: 1825µs, application-code: 98ms)
 GET /login 200 in 139ms (next.js: 12ms, application-code: 128ms)
 GET /login 200 in 122ms (next.js: 11ms, application-code: 111ms)
 GET /login 200 in 134ms (next.js: 1734µs, application-code: 132ms)
 GET /login 200 in 135ms (next.js: 12ms, application-code: 123ms)
 GET /login 200 in 141ms (next.js: 823µs, application-code: 140ms)
 GET /explore 200 in 135ms (next.js: 11ms, application-code: 124ms)
 GET / 200 in 136ms (next.js: 19ms, application-code: 116ms)
 GET /login 200 in 154ms (next.js: 1400µs, application-code: 152ms)
 GET /explore 200 in 130ms (next.js: 2ms, application-code: 128ms)
 GET /login 200 in 154ms (next.js: 2ms, application-code: 151ms)
 GET / 200 in 130ms (next.js: 11ms, application-code: 119ms)
 GET /login 200 in 154ms (next.js: 12ms, application-code: 141ms)
 GET /login 200 in 130ms (next.js: 21ms, application-code: 110ms)
 GET /login 200 in 97ms (next.js: 3ms, application-code: 94ms)
 GET /login 200 in 83ms (next.js: 1598µs, application-code: 82ms)
 GET /login 200 in 83ms (next.js: 16ms, application-code: 67ms)
 GET / 200 in 42ms (next.js: 11ms, application-code: 32ms)
 GET /explore 200 in 44ms (next.js: 3ms, application-code: 41ms)
 GET /login 200 in 61ms (next.js: 3ms, application-code: 58ms)
 GET /login 200 in 84ms (next.js: 1398µs, application-code: 82ms)
 GET / 200 in 94ms (next.js: 15ms, application-code: 78ms)
 GET /explore 200 in 95ms (next.js: 9ms, application-code: 86ms)
 GET /login 200 in 108ms (next.js: 3ms, application-code: 105ms)
 GET /login 200 in 96ms (next.js: 20ms, application-code: 76ms)
 GET /login 200 in 97ms (next.js: 1941µs, application-code: 95ms)
 GET /explore 200 in 70ms (next.js: 7ms, application-code: 62ms)
 GET / 200 in 70ms (next.js: 13ms, application-code: 57ms)
 GET /login 200 in 97ms (next.js: 18ms, application-code: 80ms)
 GET /login 200 in 111ms (next.js: 1134µs, application-code: 110ms)
 GET /login 200 in 90ms (next.js: 881µs, application-code: 89ms)
 GET /login 200 in 94ms (next.js: 2ms, application-code: 92ms)
 GET /login 200 in 98ms (next.js: 1743µs, application-code: 96ms)
 GET /explore 200 in 103ms (next.js: 9ms, application-code: 94ms)
 GET / 200 in 96ms (next.js: 1229µs, application-code: 95ms)
 GET /login 200 in 119ms (next.js: 2ms, application-code: 117ms)
 GET /explore 200 in 97ms (next.js: 13ms, application-code: 84ms)
 GET /login 200 in 120ms (next.js: 15ms, application-code: 105ms)
 GET /login 200 in 129ms (next.js: 7ms, application-code: 121ms)
 GET / 200 in 110ms (next.js: 1400µs, application-code: 109ms)
 GET /login 200 in 134ms (next.js: 15ms, application-code: 119ms)
 GET /login 200 in 150ms (next.js: 8ms, application-code: 143ms)
 GET /login 200 in 136ms (next.js: 2ms, application-code: 134ms)
 GET /login 200 in 123ms (next.js: 2ms, application-code: 121ms)
 GET /login 200 in 116ms (next.js: 2ms, application-code: 114ms)
 GET /explore 200 in 96ms (next.js: 1921µs, application-code: 94ms)
 GET / 200 in 96ms (next.js: 10ms, application-code: 86ms)
 GET /login 200 in 122ms (next.js: 3ms, application-code: 118ms)
 GET /login 200 in 132ms (next.js: 19ms, application-code: 114ms)
 GET / 200 in 91ms (next.js: 10ms, application-code: 81ms)
 GET /login 200 in 116ms (next.js: 13ms, application-code: 103ms)
 GET /explore 200 in 93ms (next.js: 1376µs, application-code: 91ms)
 GET /login 200 in 176ms (next.js: 18ms, application-code: 159ms)
 GET /login 200 in 187ms (next.js: 773µs, application-code: 186ms)
 GET /explore 200 in 151ms (next.js: 12ms, application-code: 139ms)
 GET /login 200 in 182ms (next.js: 3ms, application-code: 180ms)
 GET / 200 in 147ms (next.js: 22ms, application-code: 125ms)
 GET /login 200 in 183ms (next.js: 1373µs, application-code: 182ms)
 GET /login 200 in 185ms (next.js: 25ms, application-code: 161ms)
 GET /explore 200 in 129ms (next.js: 14ms, application-code: 115ms)
 GET / 200 in 129ms (next.js: 37ms, application-code: 92ms)
 GET /login 200 in 155ms (next.js: 3ms, application-code: 152ms)
 GET /login 200 in 196ms (next.js: 24ms, application-code: 172ms)
 GET /login 200 in 156ms (next.js: 1608µs, application-code: 154ms)
 GET /login 200 in 163ms (next.js: 2ms, application-code: 161ms)
 GET /login 200 in 157ms (next.js: 4ms, application-code: 152ms)
 GET /explore 200 in 132ms (next.js: 13ms, application-code: 120ms)
 GET /login 200 in 150ms (next.js: 1871µs, application-code: 148ms)
 GET / 200 in 112ms (next.js: 3ms, application-code: 110ms)
 GET /explore 200 in 149ms (next.js: 32ms, application-code: 117ms)
 GET /login 200 in 178ms (next.js: 3ms, application-code: 175ms)
 GET / 200 in 240ms (next.js: 1397µs, application-code: 239ms)
 GET /login 200 in 286ms (next.js: 11ms, application-code: 275ms)
 GET /login 200 in 302ms (next.js: 22ms, application-code: 281ms)
 GET /login 200 in 335ms (next.js: 3ms, application-code: 332ms)
 GET /login 200 in 312ms (next.js: 1834µs, application-code: 310ms)
 GET /login 200 in 297ms (next.js: 3ms, application-code: 294ms)
 GET /explore 200 in 235ms (next.js: 77ms, application-code: 158ms)
 GET /login 200 in 281ms (next.js: 3ms, application-code: 278ms)
 GET / 200 in 108ms (next.js: 4ms, application-code: 104ms)
 GET /login 200 in 280ms (next.js: 49ms, application-code: 231ms)
 GET / 200 in 45ms (next.js: 11ms, application-code: 34ms)
 GET /explore 200 in 59ms (next.js: 1754µs, application-code: 58ms)
 GET /login 200 in 122ms (next.js: 48ms, application-code: 75ms)
 GET /login 200 in 124ms (next.js: 22ms, application-code: 102ms)
 GET /login 200 in 102ms (next.js: 19ms, application-code: 82ms)
 GET /explore 200 in 125ms (next.js: 13ms, application-code: 111ms)
 GET /login 200 in 143ms (next.js: 934µs, application-code: 142ms)
 GET / 200 in 125ms (next.js: 22ms, application-code: 103ms)
 GET /login 200 in 125ms (next.js: 30ms, application-code: 95ms)
 GET /login 200 in 126ms (next.js: 1178µs, application-code: 125ms)
 GET / 200 in 84ms (next.js: 21ms, application-code: 63ms)
 GET /explore 200 in 84ms (next.js: 12ms, application-code: 72ms)
 GET /login 200 in 85ms (next.js: 1815µs, application-code: 83ms)
 GET /login 200 in 84ms (next.js: 29ms, application-code: 56ms)
 GET /login 200 in 54ms (next.js: 1604µs, application-code: 52ms)
 GET /login 200 in 66ms (next.js: 1695µs, application-code: 65ms)
 GET /login 200 in 70ms (next.js: 1627µs, application-code: 68ms)
 GET /explore 200 in 86ms (next.js: 8ms, application-code: 78ms)
 GET /login 200 in 96ms (next.js: 3ms, application-code: 94ms)
 GET / 200 in 74ms (next.js: 1145µs, application-code: 73ms)
 GET /login 200 in 96ms (next.js: 9ms, application-code: 87ms)
 GET /explore 200 in 65ms (next.js: 7ms, application-code: 57ms)
 GET /login 200 in 100ms (next.js: 6ms, application-code: 95ms)
 GET / 200 in 77ms (next.js: 777µs, application-code: 77ms)
 GET /login 200 in 101ms (next.js: 12ms, application-code: 89ms)
 GET /login 200 in 113ms (next.js: 6ms, application-code: 107ms)
 GET /login 200 in 117ms (next.js: 753µs, application-code: 116ms)
 GET /login 200 in 108ms (next.js: 2ms, application-code: 106ms)
 GET /login 200 in 99ms (next.js: 1018µs, application-code: 98ms)
 GET /explore 200 in 43ms (next.js: 1531µs, application-code: 42ms)
 GET / 200 in 43ms (next.js: 9ms, application-code: 34ms)
 GET /login 200 in 79ms (next.js: 1673µs, application-code: 78ms)
 GET /login 200 in 55ms (next.js: 1846µs, application-code: 53ms)
 GET /login 200 in 43ms (next.js: 16ms, application-code: 27ms)
 GET /explore 200 in 19ms (next.js: 778µs, application-code: 18ms)
 GET / 200 in 18ms (next.js: 8ms, application-code: 10ms)
 GET /explore 200 in 162ms (next.js: 27ms, application-code: 134ms)
 GET / 200 in 167ms (next.js: 43ms, application-code: 124ms)
 GET /login 200 in 502ms (next.js: 1693µs, application-code: 500ms)
 GET / 200 in 442ms (next.js: 42ms, application-code: 401ms)
 GET /explore 200 in 443ms (next.js: 30ms, application-code: 413ms)
 GET /login 200 in 464ms (next.js: 15ms, application-code: 450ms)
 GET /explore 200 in 355ms (next.js: 310ms, application-code: 45ms)
 GET /login 200 in 362ms (next.js: 24ms, application-code: 338ms)
 GET / 200 in 34ms (next.js: 923µs, application-code: 33ms)
 GET /explore 200 in 26ms (next.js: 10ms, application-code: 16ms)
 GET / 200 in 9ms (next.js: 600µs, application-code: 8ms)
 GET /login 200 in 34ms (next.js: 8ms, application-code: 26ms)
 GET /explore 200 in 53ms (next.js: 11ms, application-code: 42ms)
 GET / 200 in 43ms (next.js: 10ms, application-code: 33ms)
 GET /login 200 in 53ms (next.js: 895µs, application-code: 53ms)
 GET /explore 200 in 26ms (next.js: 10ms, application-code: 16ms)
 GET / 200 in 9ms (next.js: 895µs, application-code: 8ms)
 GET /login 200 in 27ms (next.js: 1011µs, application-code: 26ms)
 GET /explore 200 in 65ms (next.js: 19ms, application-code: 46ms)
 GET / 200 in 34ms (next.js: 1061µs, application-code: 33ms)
 GET /login 200 in 66ms (next.js: 730µs, application-code: 65ms)
 GET /explore 200 in 34ms (next.js: 18ms, application-code: 16ms)
 GET / 200 in 9ms (next.js: 723µs, application-code: 8ms)
 GET /login 200 in 35ms (next.js: 9ms, application-code: 26ms)
 GET /explore 200 in 74ms (next.js: 12ms, application-code: 61ms)
 GET /login 200 in 76ms (next.js: 835µs, application-code: 75ms)
 GET / 200 in 55ms (next.js: 1151µs, application-code: 53ms)
 GET /explore 200 in 55ms (next.js: 21ms, application-code: 35ms)
 GET /login 200 in 67ms (next.js: 10ms, application-code: 57ms)
 GET / 200 in 54ms (next.js: 1090µs, application-code: 53ms)
 GET /explore 200 in 53ms (next.js: 1842µs, application-code: 51ms)
 GET / 200 in 54ms (next.js: 10ms, application-code: 44ms)
 GET /login 200 in 67ms (next.js: 2ms, application-code: 65ms)
 GET /explore 200 in 37ms (next.js: 1043µs, application-code: 36ms)
 GET / 200 in 46ms (next.js: 11ms, application-code: 35ms)
 GET /login 200 in 76ms (next.js: 18ms, application-code: 58ms)
 GET /explore 200 in 67ms (next.js: 11ms, application-code: 56ms)
 GET /login 200 in 72ms (next.js: 1260µs, application-code: 71ms)
 GET / 200 in 53ms (next.js: 2ms, application-code: 50ms)
 GET / 200 in 66ms (next.js: 25ms, application-code: 40ms)
 GET /explore 200 in 75ms (next.js: 11ms, application-code: 65ms)
 GET /login 200 in 77ms (next.js: 1280µs, application-code: 76ms)
 GET /explore 200 in 54ms (next.js: 2ms, application-code: 52ms)
 GET / 200 in 54ms (next.js: 12ms, application-code: 43ms)
 GET /login 200 in 69ms (next.js: 1967µs, application-code: 67ms)
 GET /explore 200 in 57ms (next.js: 11ms, application-code: 46ms)
 GET / 200 in 48ms (next.js: 1110µs, application-code: 47ms)
 GET /login 200 in 69ms (next.js: 1810µs, application-code: 67ms)
 GET /explore 200 in 73ms (next.js: 12ms, application-code: 61ms)
 GET / 200 in 63ms (next.js: 13ms, application-code: 50ms)
 GET /login 200 in 76ms (next.js: 1713µs, application-code: 74ms)
 GET / 200 in 52ms (next.js: 9ms, application-code: 43ms)
 GET /explore 200 in 53ms (next.js: 1051µs, application-code: 52ms)
 GET /login 200 in 73ms (next.js: 3ms, application-code: 70ms)
 GET /explore 200 in 67ms (next.js: 10ms, application-code: 57ms)
 GET / 200 in 51ms (next.js: 960µs, application-code: 50ms)
 GET /login 200 in 88ms (next.js: 963µs, application-code: 87ms)
 GET /explore 200 in 83ms (next.js: 11ms, application-code: 71ms)
 GET / 200 in 83ms (next.js: 20ms, application-code: 63ms)
 GET /login 200 in 86ms (next.js: 1413µs, application-code: 85ms)
 GET /explore 200 in 60ms (next.js: 1374µs, application-code: 58ms)
 GET /login 200 in 80ms (next.js: 3ms, application-code: 77ms)
 GET / 200 in 51ms (next.js: 1130µs, application-code: 50ms)
 GET /explore 200 in 47ms (next.js: 11ms, application-code: 35ms)
 GET /login 200 in 69ms (next.js: 1720µs, application-code: 67ms)
 GET / 200 in 59ms (next.js: 1290µs, application-code: 58ms)
 GET / 200 in 66ms (next.js: 21ms, application-code: 44ms)
 GET /explore 200 in 67ms (next.js: 13ms, application-code: 54ms)
 GET /login 200 in 69ms (next.js: 1686µs, application-code: 67ms)
 GET /explore 200 in 58ms (next.js: 1165µs, application-code: 57ms)
 GET /login 200 in 72ms (next.js: 2ms, application-code: 69ms)
 GET / 200 in 52ms (next.js: 1078µs, application-code: 51ms)
 GET /explore 200 in 67ms (next.js: 11ms, application-code: 56ms)
 GET / 200 in 44ms (next.js: 945µs, application-code: 43ms)
 GET /login 200 in 70ms (next.js: 1247µs, application-code: 69ms)
 GET /explore 200 in 45ms (next.js: 10ms, application-code: 35ms)
 GET /login 200 in 64ms (next.js: 1538µs, application-code: 62ms)
 GET / 200 in 55ms (next.js: 1415µs, application-code: 54ms)
 GET /explore 200 in 52ms (next.js: 1818µs, application-code: 50ms)
 GET / 200 in 52ms (next.js: 9ms, application-code: 43ms)
 GET /login 200 in 66ms (next.js: 1905µs, application-code: 64ms)
 GET /explore 200 in 64ms (next.js: 1397µs, application-code: 62ms)
 GET /login 200 in 77ms (next.js: 1541µs, application-code: 75ms)
 GET / 200 in 64ms (next.js: 9ms, application-code: 55ms)
 GET /explore 200 in 68ms (next.js: 17ms, application-code: 51ms)
 GET / 200 in 53ms (next.js: 15ms, application-code: 37ms)
 GET /login 200 in 69ms (next.js: 1252µs, application-code: 68ms)
 GET /explore 200 in 27ms (next.js: 10ms, application-code: 17ms)
 GET / 200 in 27ms (next.js: 19ms, application-code: 9ms)
 GET /login 200 in 28ms (next.js: 1052µs, application-code: 27ms)
 GET /explore 200 in 75ms (next.js: 16ms, application-code: 59ms)
 GET / 200 in 81ms (next.js: 29ms, application-code: 52ms)
 GET /explore 200 in 45ms (next.js: 12ms, application-code: 32ms)
 GET /login 200 in 84ms (next.js: 2ms, application-code: 82ms)
 GET / 200 in 60ms (next.js: 22ms, application-code: 38ms)
 GET /login 200 in 71ms (next.js: 1967µs, application-code: 69ms)
 GET /explore 200 in 67ms (next.js: 17ms, application-code: 50ms)
 GET / 200 in 44ms (next.js: 1597µs, application-code: 43ms)
 GET /login 200 in 79ms (next.js: 1854µs, application-code: 77ms)
 GET /explore 200 in 53ms (next.js: 19ms, application-code: 35ms)
 GET /login 200 in 55ms (next.js: 9ms, application-code: 46ms)
 GET / 200 in 35ms (next.js: 1056µs, application-code: 34ms)
 GET /login 200 in 51ms (next.js: 1946µs, application-code: 49ms)
 GET /explore 200 in 40ms (next.js: 1632µs, application-code: 38ms)
 GET / 200 in 40ms (next.js: 9ms, application-code: 31ms)
 GET /explore 200 in 39ms (next.js: 1438µs, application-code: 38ms)
 GET / 200 in 39ms (next.js: 7ms, application-code: 32ms)
 GET /login 200 in 60ms (next.js: 7ms, application-code: 53ms)
 GET /explore 200 in 38ms (next.js: 7ms, application-code: 30ms)
 GET / 200 in 39ms (next.js: 20ms, application-code: 19ms)
 GET /login 200 in 41ms (next.js: 1106µs, application-code: 39ms)
 GET /login 200 in 14ms (next.js: 1122µs, application-code: 13ms)
 GET /icon-192x192.png 404 in 157ms (next.js: 51ms, application-code: 106ms)
 GET /icon-192x192.png 404 in 30ms (next.js: 1307µs, application-code: 29ms)
 GET /icon-192x192.png 404 in 18ms (next.js: 1841µs, application-code: 16ms)
 GET / 200 in 480ms (next.js: 250ms, application-code: 230ms)
 GET /explore 200 in 475ms (next.js: 178ms, application-code: 296ms)
 GET /login 200 in 576ms (next.js: 355ms, application-code: 220ms)
 GET /login 200 in 576ms (next.js: 420ms, application-code: 156ms)
 GET / 200 in 140ms (next.js: 1292µs, application-code: 139ms)
 GET / 200 in 140ms (next.js: 13ms, application-code: 127ms)
 GET / 200 in 133ms (next.js: 10ms, application-code: 123ms)
 GET / 200 in 134ms (next.js: 13ms, application-code: 121ms)
 GET / 200 in 134ms (next.js: 10ms, application-code: 124ms)
 GET / 200 in 125ms (next.js: 9ms, application-code: 116ms)
 GET /explore 200 in 125ms (next.js: 10ms, application-code: 115ms)
 GET / 200 in 141ms (next.js: 12ms, application-code: 129ms)
✓ Compiled in 1ms
 GET /login 200 in 193ms (next.js: 23ms, application-code: 170ms)
 GET /login 200 in 175ms (next.js: 14ms, application-code: 161ms)
 GET /login 200 in 181ms (next.js: 810µs, application-code: 180ms)
 GET /explore 200 in 163ms (next.js: 2ms, application-code: 161ms)
 GET /login 200 in 180ms (next.js: 1019µs, application-code: 179ms)
 GET / 200 in 154ms (next.js: 1899µs, application-code: 152ms)
 GET / 200 in 154ms (next.js: 17ms, application-code: 137ms)
 GET / 200 in 154ms (next.js: 25ms, application-code: 129ms)
 GET / 200 in 199ms (next.js: 10ms, application-code: 190ms)
 GET / 200 in 191ms (next.js: 26ms, application-code: 165ms)
 GET /login 200 in 222ms (next.js: 11ms, application-code: 211ms)
 GET / 200 in 137ms (next.js: 13ms, application-code: 124ms)
 GET / 200 in 137ms (next.js: 1876µs, application-code: 135ms)
 GET /login 200 in 219ms (next.js: 36ms, application-code: 184ms)
 GET /login 200 in 198ms (next.js: 1202µs, application-code: 196ms)
 GET /explore 200 in 178ms (next.js: 12ms, application-code: 167ms)
 GET /login 200 in 200ms (next.js: 4ms, application-code: 196ms)
 GET /login 200 in 201ms (next.js: 17ms, application-code: 185ms)
 GET / 200 in 211ms (next.js: 1938µs, application-code: 209ms)
 GET /explore 200 in 212ms (next.js: 20ms, application-code: 191ms)
 GET /login 200 in 226ms (next.js: 1201µs, application-code: 225ms)
 GET / 200 in 168ms (next.js: 19ms, application-code: 149ms)
 GET / 200 in 169ms (next.js: 1900µs, application-code: 167ms)
 GET /login 200 in 217ms (next.js: 11ms, application-code: 206ms)
 GET / 200 in 170ms (next.js: 10ms, application-code: 159ms)
 GET /login 200 in 218ms (next.js: 28ms, application-code: 189ms)
 GET / 200 in 176ms (next.js: 44ms, application-code: 132ms)
 GET / 200 in 176ms (next.js: 11ms, application-code: 165ms)
 GET / 200 in 176ms (next.js: 25ms, application-code: 152ms)
 GET / 200 in 177ms (next.js: 34ms, application-code: 143ms)
 GET /login 200 in 224ms (next.js: 1201µs, application-code: 223ms)
 GET /login 200 in 252ms (next.js: 975µs, application-code: 251ms)
 GET /explore 200 in 221ms (next.js: 26ms, application-code: 195ms)
 GET /login 200 in 240ms (next.js: 3ms, application-code: 237ms)
 GET /login 200 in 251ms (next.js: 15ms, application-code: 235ms)
 GET /login 200 in 212ms (next.js: 1674µs, application-code: 210ms)
 GET / 200 in 206ms (next.js: 4ms, application-code: 202ms)
 GET /explore 200 in 186ms (next.js: 4ms, application-code: 182ms)
 GET / 200 in 186ms (next.js: 12ms, application-code: 174ms)
 GET / 200 in 186ms (next.js: 20ms, application-code: 166ms)
 GET /login 200 in 222ms (next.js: 12ms, application-code: 210ms)
 GET /login 200 in 221ms (next.js: 23ms, application-code: 199ms)
 GET / 200 in 186ms (next.js: 27ms, application-code: 159ms)
 GET /login 200 in 195ms (next.js: 35ms, application-code: 161ms)
 GET / 200 in 146ms (next.js: 20ms, application-code: 126ms)
 GET / 200 in 146ms (next.js: 29ms, application-code: 117ms)
 GET / 200 in 147ms (next.js: 12ms, application-code: 135ms)
 GET / 200 in 149ms (next.js: 5ms, application-code: 144ms)
 GET /login 200 in 175ms (next.js: 1470µs, application-code: 173ms)
 GET /login 200 in 135ms (next.js: 5ms, application-code: 130ms)
 GET /explore 200 in 110ms (next.js: 9ms, application-code: 101ms)
 GET /login 200 in 121ms (next.js: 3ms, application-code: 118ms)
 GET /login 200 in 119ms (next.js: 9ms, application-code: 110ms)
 GET / 200 in 95ms (next.js: 9ms, application-code: 86ms)
 GET /login 200 in 96ms (next.js: 1219µs, application-code: 95ms)
 GET / 200 in 78ms (next.js: 35ms, application-code: 43ms)
 GET / 200 in 79ms (next.js: 16ms, application-code: 63ms)
 GET / 200 in 79ms (next.js: 26ms, application-code: 53ms)
 GET /explore 200 in 79ms (next.js: 21ms, application-code: 58ms)
 GET / 200 in 37ms (next.js: 6ms, application-code: 32ms)
 GET /login 200 in 80ms (next.js: 3ms, application-code: 77ms)
 GET / 200 in 38ms (next.js: 10ms, application-code: 28ms)
 GET / 200 in 38ms (next.js: 1226µs, application-code: 37ms)
 GET / 200 in 38ms (next.js: 15ms, application-code: 23ms)
 GET /login 200 in 80ms (next.js: 9ms, application-code: 71ms)
 GET /login 200 in 83ms (next.js: 20ms, application-code: 63ms)
 GET / 200 in 175ms (next.js: 3ms, application-code: 171ms)
 GET / 200 in 174ms (next.js: 61ms, application-code: 112ms)
 GET / 200 in 174ms (next.js: 45ms, application-code: 129ms)
 GET / 200 in 175ms (next.js: 37ms, application-code: 138ms)
 GET /explore 200 in 174ms (next.js: 68ms, application-code: 106ms)
 GET / 200 in 141ms (next.js: 42ms, application-code: 99ms)
 GET / 200 in 151ms (next.js: 49ms, application-code: 102ms)
 GET / 200 in 112ms (next.js: 16ms, application-code: 97ms)
 GET /login 200 in 192ms (next.js: 25ms, application-code: 166ms)
 GET /login 200 in 202ms (next.js: 53ms, application-code: 149ms)
 GET /explore 200 in 103ms (next.js: 25ms, application-code: 78ms)
 GET / 200 in 135ms (next.js: 19ms, application-code: 117ms)
 GET /login 200 in 178ms (next.js: 16ms, application-code: 162ms)
 GET /login 200 in 186ms (next.js: 9ms, application-code: 177ms)
 GET /login 200 in 163ms (next.js: 687µs, application-code: 163ms)
 GET /login 200 in 171ms (next.js: 894µs, application-code: 170ms)
 GET /login 200 in 177ms (next.js: 891µs, application-code: 176ms)
 GET / 200 in 166ms (next.js: 3ms, application-code: 163ms)
 GET / 200 in 166ms (next.js: 46ms, application-code: 120ms)
 GET / 200 in 167ms (next.js: 13ms, application-code: 153ms)
 GET / 200 in 166ms (next.js: 38ms, application-code: 128ms)
 GET /login 200 in 184ms (next.js: 3ms, application-code: 181ms)
 GET /explore 200 in 167ms (next.js: 31ms, application-code: 137ms)
 GET / 200 in 163ms (next.js: 49ms, application-code: 115ms)
 GET / 200 in 127ms (next.js: 10ms, application-code: 117ms)
 GET / 200 in 120ms (next.js: 11ms, application-code: 110ms)
 GET /login 200 in 198ms (next.js: 21ms, application-code: 177ms)
 GET /explore 200 in 144ms (next.js: 17ms, application-code: 127ms)
 GET /login 200 in 188ms (next.js: 9ms, application-code: 179ms)
 GET /login 200 in 197ms (next.js: 18ms, application-code: 179ms)
 GET / 200 in 162ms (next.js: 10ms, application-code: 152ms)
 GET /login 200 in 182ms (next.js: 1332µs, application-code: 180ms)
 GET /login 200 in 191ms (next.js: 1176µs, application-code: 190ms)
 GET /login 200 in 187ms (next.js: 4ms, application-code: 183ms)
 GET / 200 in 156ms (next.js: 2ms, application-code: 154ms)
 GET / 200 in 156ms (next.js: 11ms, application-code: 145ms)
 GET / 200 in 155ms (next.js: 35ms, application-code: 120ms)
 GET / 200 in 156ms (next.js: 18ms, application-code: 137ms)
 GET /login 200 in 179ms (next.js: 12ms, application-code: 168ms)
 GET / 200 in 146ms (next.js: 34ms, application-code: 112ms)
 GET / 200 in 125ms (next.js: 18ms, application-code: 108ms)
 GET / 200 in 110ms (next.js: 17ms, application-code: 93ms)
 GET /explore 200 in 111ms (next.js: 10ms, application-code: 102ms)
 GET /login 200 in 172ms (next.js: 26ms, application-code: 146ms)
 GET /login 200 in 164ms (next.js: 41ms, application-code: 123ms)
 GET / 200 in 156ms (next.js: 19ms, application-code: 138ms)
 GET /explore 200 in 157ms (next.js: 11ms, application-code: 146ms)
 GET /login 200 in 176ms (next.js: 1338µs, application-code: 175ms)
 GET /login 200 in 159ms (next.js: 2ms, application-code: 157ms)
 GET /login 200 in 131ms (next.js: 1741µs, application-code: 130ms)
 GET /login 200 in 121ms (next.js: 1153µs, application-code: 119ms)
 GET / 200 in 92ms (next.js: 3ms, application-code: 89ms)
 GET / 200 in 92ms (next.js: 11ms, application-code: 81ms)
 GET / 200 in 92ms (next.js: 18ms, application-code: 74ms)
 GET / 200 in 92ms (next.js: 25ms, application-code: 67ms)
 GET / 200 in 92ms (next.js: 32ms, application-code: 60ms)
 GET /login 200 in 110ms (next.js: 3ms, application-code: 107ms)
 GET / 200 in 90ms (next.js: 55ms, application-code: 36ms)
 GET /explore 200 in 28ms (next.js: 9ms, application-code: 20ms)
 GET / 200 in 28ms (next.js: 14ms, application-code: 14ms)
 GET /login 200 in 94ms (next.js: 39ms, application-code: 54ms)
 GET /login 200 in 46ms (next.js: 10ms, application-code: 36ms)
 GET /login 200 in 43ms (next.js: 11ms, application-code: 32ms)
 GET /explore 200 in 109ms (next.js: 8ms, application-code: 100ms)
 GET / 200 in 103ms (next.js: 19ms, application-code: 84ms)
 GET / 200 in 104ms (next.js: 8ms, application-code: 96ms)
 GET /login 200 in 120ms (next.js: 1147µs, application-code: 119ms)
 GET / 200 in 98ms (next.js: 18ms, application-code: 80ms)
 GET /login 200 in 114ms (next.js: 2ms, application-code: 112ms)
 GET / 200 in 83ms (next.js: 15ms, application-code: 68ms)
 GET / 200 in 84ms (next.js: 6ms, application-code: 77ms)
 GET / 200 in 84ms (next.js: 10ms, application-code: 73ms)
 GET / 200 in 84ms (next.js: 19ms, application-code: 65ms)
 GET /explore 200 in 79ms (next.js: 30ms, application-code: 50ms)
 GET /login 200 in 110ms (next.js: 13ms, application-code: 97ms)
 GET / 200 in 61ms (next.js: 8ms, application-code: 53ms)
 GET /login 200 in 130ms (next.js: 23ms, application-code: 107ms)
 GET /login 200 in 152ms (next.js: 13ms, application-code: 139ms)
 GET /login 200 in 147ms (next.js: 801µs, application-code: 146ms)
 GET /login 200 in 155ms (next.js: 807µs, application-code: 155ms)
 GET /login 200 in 160ms (next.js: 801µs, application-code: 159ms)
 GET / 200 in 152ms (next.js: 18ms, application-code: 135ms)
 GET /explore 200 in 153ms (next.js: 12ms, application-code: 141ms)
 GET / 200 in 143ms (next.js: 25ms, application-code: 118ms)
 GET / 200 in 144ms (next.js: 20ms, application-code: 124ms)
 GET / 200 in 127ms (next.js: 17ms, application-code: 110ms)
 GET / 200 in 127ms (next.js: 22ms, application-code: 105ms)
 GET /login 200 in 161ms (next.js: 4ms, application-code: 157ms)
 GET / 200 in 113ms (next.js: 15ms, application-code: 98ms)
 GET / 200 in 113ms (next.js: 20ms, application-code: 93ms)
 GET /login 200 in 167ms (next.js: 23ms, application-code: 144ms)
 GET /explore 200 in 109ms (next.js: 26ms, application-code: 83ms)
 GET / 200 in 95ms (next.js: 3ms, application-code: 92ms)
 GET /login 200 in 164ms (next.js: 25ms, application-code: 138ms)
 GET /login 200 in 182ms (next.js: 33ms, application-code: 149ms)
 GET /login 200 in 161ms (next.js: 4ms, application-code: 157ms)
 GET /login 200 in 160ms (next.js: 3ms, application-code: 157ms)
 GET /login 200 in 151ms (next.js: 3ms, application-code: 148ms)
 GET / 200 in 156ms (next.js: 11ms, application-code: 146ms)
 GET /explore 200 in 147ms (next.js: 15ms, application-code: 132ms)
 GET / 200 in 147ms (next.js: 21ms, application-code: 126ms)
 GET / 200 in 134ms (next.js: 21ms, application-code: 114ms)
 GET / 200 in 135ms (next.js: 15ms, application-code: 120ms)
 GET / 200 in 122ms (next.js: 14ms, application-code: 108ms)
 GET /login 200 in 164ms (next.js: 4ms, application-code: 159ms)
 GET / 200 in 133ms (next.js: 19ms, application-code: 114ms)
 GET / 200 in 133ms (next.js: 24ms, application-code: 109ms)
 GET /login 200 in 173ms (next.js: 16ms, application-code: 157ms)
 GET /explore 200 in 157ms (next.js: 11ms, application-code: 145ms)
 GET /login 200 in 204ms (next.js: 30ms, application-code: 175ms)
 GET /login 200 in 186ms (next.js: 1859µs, application-code: 184ms)
 GET /login 200 in 198ms (next.js: 10ms, application-code: 187ms)
 GET /login 200 in 198ms (next.js: 1953µs, application-code: 196ms)
 GET / 200 in 184ms (next.js: 3ms, application-code: 182ms)
 GET /login 200 in 184ms (next.js: 11ms, application-code: 174ms)
 GET / 200 in 146ms (next.js: 3ms, application-code: 143ms)
 GET / 200 in 137ms (next.js: 27ms, application-code: 110ms)
 GET / 200 in 137ms (next.js: 34ms, application-code: 103ms)
 GET / 200 in 138ms (next.js: 12ms, application-code: 127ms)
 GET /login 200 in 164ms (next.js: 4ms, application-code: 160ms)
 GET /explore 200 in 139ms (next.js: 19ms, application-code: 120ms)
 GET / 200 in 140ms (next.js: 51ms, application-code: 90ms)
 GET / 200 in 141ms (next.js: 58ms, application-code: 82ms)
 GET / 200 in 93ms (next.js: 18ms, application-code: 74ms)
 GET /login 200 in 164ms (next.js: 11ms, application-code: 153ms)
 GET /login 200 in 206ms (next.js: 42ms, application-code: 164ms)
 GET /explore 200 in 170ms (next.js: 1313µs, application-code: 169ms)
 GET /login 200 in 205ms (next.js: 3ms, application-code: 203ms)
 GET /login 200 in 204ms (next.js: 11ms, application-code: 193ms)
 GET /login 200 in 210ms (next.js: 1372µs, application-code: 209ms)
 GET / 200 in 849ms (next.js: 39ms, application-code: 810ms)
 GET / 200 in 851ms (next.js: 3ms, application-code: 847ms)
 GET / 200 in 850ms (next.js: 10ms, application-code: 840ms)
 GET / 200 in 850ms (next.js: 17ms, application-code: 833ms)
 GET / 200 in 849ms (next.js: 53ms, application-code: 796ms)
 GET /login 200 in 867ms (next.js: 4ms, application-code: 863ms)
 GET / 200 in 797ms (next.js: 41ms, application-code: 756ms)
 GET / 200 in 757ms (next.js: 9ms, application-code: 748ms)
 GET /explore 200 in 757ms (next.js: 16ms, application-code: 741ms)
 GET / 200 in 749ms (next.js: 18ms, application-code: 732ms)
 GET /login 200 in 849ms (next.js: 83ms, application-code: 767ms)
 GET /login 200 in 849ms (next.js: 74ms, application-code: 776ms)
 GET /login 200 in 733ms (next.js: 11ms, application-code: 722ms)
 GET /explore 200 in 690ms (next.js: 1649µs, application-code: 688ms)
 GET /login 200 in 711ms (next.js: 1328µs, application-code: 709ms)
 GET /login 200 in 711ms (next.js: 11ms, application-code: 700ms)
 GET /login 200 in 658ms (next.js: 24ms, application-code: 634ms)
 GET /login 200 in 212ms (next.js: 19ms, application-code: 194ms)
 GET / 200 in 129ms (next.js: 20ms, application-code: 110ms)
 GET / 200 in 129ms (next.js: 40ms, application-code: 90ms)
 GET /explore 200 in 129ms (next.js: 46ms, application-code: 83ms)
 GET / 200 in 129ms (next.js: 53ms, application-code: 76ms)
 GET / 200 in 128ms (next.js: 67ms, application-code: 62ms)
 GET / 200 in 129ms (next.js: 60ms, application-code: 68ms)
 GET / 200 in 69ms (next.js: 15ms, application-code: 54ms)
 GET / 200 in 55ms (next.js: 8ms, application-code: 46ms)
 GET /login 200 in 130ms (next.js: 31ms, application-code: 100ms)
 GET /login 200 in 131ms (next.js: 3ms, application-code: 128ms)
 GET / 200 in 48ms (next.js: 16ms, application-code: 32ms)
 GET /explore 200 in 48ms (next.js: 30ms, application-code: 18ms)
 GET /login 200 in 48ms (next.js: 8ms, application-code: 40ms)
 GET /login 200 in 48ms (next.js: 22ms, application-code: 26ms)
 GET / 200 in 182ms (next.js: 1427µs, application-code: 180ms)
 GET /explore 200 in 182ms (next.js: 34ms, application-code: 148ms)
 GET / 200 in 182ms (next.js: 57ms, application-code: 125ms)
 GET / 200 in 112ms (next.js: 5ms, application-code: 107ms)
 GET / 200 in 109ms (next.js: 17ms, application-code: 92ms)
 GET /login 200 in 183ms (next.js: 11ms, application-code: 171ms)
 GET / 200 in 109ms (next.js: 55ms, application-code: 54ms)
 GET / 200 in 109ms (next.js: 44ms, application-code: 65ms)
 GET / 200 in 109ms (next.js: 33ms, application-code: 77ms)
 GET / 200 in 109ms (next.js: 64ms, application-code: 45ms)
 GET /explore 200 in 109ms (next.js: 82ms, application-code: 27ms)
 GET /login 200 in 109ms (next.js: 72ms, application-code: 37ms)
 GET / 200 in 121ms (next.js: 974µs, application-code: 120ms)
 GET / 200 in 108ms (next.js: 1614µs, application-code: 107ms)
 GET / 200 in 108ms (next.js: 10ms, application-code: 98ms)
 GET / 200 in 108ms (next.js: 19ms, application-code: 89ms)
 GET / 200 in 108ms (next.js: 27ms, application-code: 81ms)
 GET /explore 200 in 108ms (next.js: 45ms, application-code: 63ms)
 GET / 200 in 108ms (next.js: 55ms, application-code: 53ms)
 GET / 200 in 108ms (next.js: 63ms, application-code: 45ms)
 GET / 200 in 36ms (next.js: 1029µs, application-code: 35ms)
 GET /login 200 in 109ms (next.js: 35ms, application-code: 73ms)
 GET /explore 200 in 36ms (next.js: 17ms, application-code: 18ms)
 GET /login 200 in 36ms (next.js: 8ms, application-code: 27ms)
 GET / 200 in 117ms (next.js: 755µs, application-code: 116ms)
 GET / 200 in 107ms (next.js: 2ms, application-code: 105ms)
 GET / 200 in 107ms (next.js: 11ms, application-code: 96ms)
 GET / 200 in 107ms (next.js: 37ms, application-code: 70ms)
 GET /explore 200 in 107ms (next.js: 29ms, application-code: 78ms)
 GET / 200 in 106ms (next.js: 60ms, application-code: 46ms)
 GET / 200 in 106ms (next.js: 53ms, application-code: 53ms)
 GET / 200 in 107ms (next.js: 46ms, application-code: 61ms)
 GET / 200 in 38ms (next.js: 1787µs, application-code: 36ms)
 GET /login 200 in 108ms (next.js: 20ms, application-code: 88ms)
 GET /explore 200 in 38ms (next.js: 19ms, application-code: 19ms)
 GET /login 200 in 51ms (next.js: 10ms, application-code: 41ms)
 GET / 200 in 131ms (next.js: 1018µs, application-code: 130ms)
 GET / 200 in 122ms (next.js: 11ms, application-code: 111ms)
 GET /explore 200 in 123ms (next.js: 29ms, application-code: 93ms)
 GET / 200 in 123ms (next.js: 44ms, application-code: 79ms)
 GET / 200 in 124ms (next.js: 2ms, application-code: 122ms)
 GET / 200 in 124ms (next.js: 53ms, application-code: 71ms)
 GET / 200 in 133ms (next.js: 60ms, application-code: 73ms)
 GET / 200 in 134ms (next.js: 67ms, application-code: 67ms)
 GET /login 200 in 153ms (next.js: 20ms, application-code: 134ms)
 GET / 200 in 92ms (next.js: 1547µs, application-code: 91ms)
 GET /explore 200 in 97ms (next.js: 18ms, application-code: 79ms)
 GET /login 200 in 103ms (next.js: 9ms, application-code: 94ms)
 GET / 200 in 86ms (next.js: 4ms, application-code: 82ms)
 GET / 200 in 74ms (next.js: 1937µs, application-code: 72ms)
 GET / 200 in 74ms (next.js: 24ms, application-code: 50ms)
 GET / 200 in 74ms (next.js: 19ms, application-code: 55ms)
 GET / 200 in 74ms (next.js: 28ms, application-code: 46ms)
 GET / 200 in 58ms (next.js: 16ms, application-code: 42ms)
 GET / 200 in 49ms (next.js: 6ms, application-code: 44ms)
 GET /login 200 in 84ms (next.js: 11ms, application-code: 73ms)
 GET /explore 200 in 48ms (next.js: 1319µs, application-code: 46ms)
 GET / 200 in 54ms (next.js: 6ms, application-code: 47ms)
 GET /explore 200 in 76ms (next.js: 794µs, application-code: 75ms)
 GET /login 200 in 95ms (next.js: 6ms, application-code: 88ms)
 GET / 200 in 92ms (next.js: 3ms, application-code: 89ms)
 GET / 200 in 85ms (next.js: 2ms, application-code: 83ms)
 GET / 200 in 85ms (next.js: 8ms, application-code: 77ms)
 GET / 200 in 79ms (next.js: 8ms, application-code: 71ms)
 GET / 200 in 86ms (next.js: 18ms, application-code: 67ms)
 GET / 200 in 86ms (next.js: 13ms, application-code: 73ms)
 GET / 200 in 79ms (next.js: 23ms, application-code: 56ms)
 GET /explore 200 in 58ms (next.js: 12ms, application-code: 47ms)
 GET / 200 in 62ms (next.js: 1328µs, application-code: 61ms)
 GET /login 200 in 96ms (next.js: 7ms, application-code: 90ms)
 GET /explore 200 in 90ms (next.js: 1696µs, application-code: 88ms)
 GET /login 200 in 102ms (next.js: 2ms, application-code: 100ms)
 GET / 200 in 109ms (next.js: 3ms, application-code: 106ms)
 GET / 200 in 101ms (next.js: 8ms, application-code: 93ms)
 GET / 200 in 101ms (next.js: 2ms, application-code: 99ms)
 GET / 200 in 101ms (next.js: 15ms, application-code: 87ms)
 GET / 200 in 94ms (next.js: 8ms, application-code: 86ms)
 GET / 200 in 88ms (next.js: 12ms, application-code: 77ms)
 GET / 200 in 89ms (next.js: 7ms, application-code: 82ms)
 GET /explore 200 in 80ms (next.js: 1085µs, application-code: 79ms)
 GET / 200 in 75ms (next.js: 1295µs, application-code: 74ms)
 GET /login 200 in 101ms (next.js: 12ms, application-code: 89ms)
 GET /explore 200 in 67ms (next.js: 1454µs, application-code: 66ms)
 GET /login 200 in 92ms (next.js: 1379µs, application-code: 91ms)
 GET / 200 in 61ms (next.js: 1710µs, application-code: 59ms)
 GET / 200 in 75ms (next.js: 8ms, application-code: 67ms)
 GET / 200 in 76ms (next.js: 2ms, application-code: 74ms)
 GET /explore 200 in 67ms (next.js: 12ms, application-code: 56ms)
 GET / 200 in 58ms (next.js: 9ms, application-code: 48ms)
 GET /login 200 in 71ms (next.js: 1410µs, application-code: 70ms)
 GET /explore 200 in 79ms (next.js: 13ms, application-code: 66ms)
 GET /login 200 in 82ms (next.js: 1649µs, application-code: 80ms)
 GET / 200 in 67ms (next.js: 1494µs, application-code: 65ms)
 GET /explore 200 in 75ms (next.js: 13ms, application-code: 61ms)
 GET /login 200 in 77ms (next.js: 1804µs, application-code: 76ms)
 GET / 200 in 50ms (next.js: 1361µs, application-code: 48ms)
 GET /explore 200 in 61ms (next.js: 1294µs, application-code: 60ms)
 GET /login 200 in 74ms (next.js: 1926µs, application-code: 72ms)
 GET / 200 in 53ms (next.js: 1122µs, application-code: 52ms)
 GET /explore 200 in 58ms (next.js: 3ms, application-code: 56ms)
 GET / 200 in 59ms (next.js: 15ms, application-code: 43ms)
 GET /login 200 in 74ms (next.js: 2ms, application-code: 72ms)
 GET /explore 200 in 72ms (next.js: 11ms, application-code: 62ms)
 GET / 200 in 64ms (next.js: 10ms, application-code: 54ms)
 GET /login 200 in 76ms (next.js: 1133µs, application-code: 74ms)
 GET /explore 200 in 73ms (next.js: 11ms, application-code: 62ms)
 GET / 200 in 74ms (next.js: 28ms, application-code: 45ms)
 GET /login 200 in 76ms (next.js: 1155µs, application-code: 75ms)
 GET /explore 200 in 63ms (next.js: 11ms, application-code: 52ms)
 GET / 200 in 46ms (next.js: 1149µs, application-code: 44ms)
 GET /login 200 in 67ms (next.js: 2ms, application-code: 65ms)
 GET /explore 200 in 64ms (next.js: 12ms, application-code: 52ms)
 GET / 200 in 45ms (next.js: 1334µs, application-code: 44ms)
 GET /login 200 in 66ms (next.js: 1667µs, application-code: 65ms)
 GET / 200 in 58ms (next.js: 9ms, application-code: 49ms)
 GET /login 200 in 72ms (next.js: 1752µs, application-code: 70ms)
 GET /explore 200 in 61ms (next.js: 1266µs, application-code: 59ms)
 GET /explore 200 in 54ms (next.js: 1493µs, application-code: 52ms)
 GET / 200 in 54ms (next.js: 10ms, application-code: 44ms)
 GET /login 200 in 73ms (next.js: 1335µs, application-code: 72ms)
 GET /explore 200 in 67ms (next.js: 11ms, application-code: 56ms)
 GET / 200 in 68ms (next.js: 20ms, application-code: 48ms)
 GET /login 200 in 70ms (next.js: 1202µs, application-code: 69ms)
 GET /explore 200 in 66ms (next.js: 14ms, application-code: 52ms)
 GET / 200 in 51ms (next.js: 1264µs, application-code: 50ms)
 GET /login 200 in 75ms (next.js: 2ms, application-code: 73ms)
 GET /explore 200 in 69ms (next.js: 11ms, application-code: 58ms)
 GET / 200 in 51ms (next.js: 1231µs, application-code: 50ms)
 GET /login 200 in 73ms (next.js: 2ms, application-code: 70ms)
 GET /explore 200 in 55ms (next.js: 1171µs, application-code: 54ms)
 GET / 200 in 56ms (next.js: 9ms, application-code: 46ms)
 GET /login 200 in 69ms (next.js: 1798µs, application-code: 67ms)
 GET /explore 200 in 55ms (next.js: 1568µs, application-code: 54ms)
 GET / 200 in 56ms (next.js: 10ms, application-code: 45ms)
 GET /login 200 in 68ms (next.js: 1740µs, application-code: 67ms)
 GET /explore 200 in 72ms (next.js: 11ms, application-code: 60ms)
 GET / 200 in 73ms (next.js: 19ms, application-code: 53ms)
 GET /login 200 in 76ms (next.js: 1364µs, application-code: 74ms)
 GET /explore 200 in 79ms (next.js: 12ms, application-code: 68ms)
 GET / 200 in 80ms (next.js: 28ms, application-code: 52ms)
 GET /login 200 in 83ms (next.js: 1649µs, application-code: 81ms)
 GET /explore 200 in 66ms (next.js: 14ms, application-code: 52ms)
 GET / 200 in 45ms (next.js: 1883µs, application-code: 43ms)
 GET /login 200 in 71ms (next.js: 4ms, application-code: 66ms)
 GET /explore 200 in 42ms (next.js: 1424µs, application-code: 41ms)
 GET /login 200 in 55ms (next.js: 1717µs, application-code: 53ms)
 GET / 200 in 35ms (next.js: 1227µs, application-code: 34ms)
 GET / 200 in 39ms (next.js: 7ms, application-code: 32ms)
 GET /explore 200 in 40ms (next.js: 1315µs, application-code: 39ms)
 GET /login 200 in 49ms (next.js: 1146µs, application-code: 48ms)
 GET /explore 200 in 46ms (next.js: 1365µs, application-code: 44ms)
 GET / 200 in 46ms (next.js: 7ms, application-code: 40ms)
 GET /login 200 in 56ms (next.js: 1367µs, application-code: 55ms)
 GET /explore 200 in 52ms (next.js: 7ms, application-code: 45ms)
 GET / 200 in 35ms (next.js: 1211µs, application-code: 34ms)
 GET /login 200 in 56ms (next.js: 1324µs, application-code: 54ms)
 GET /explore 200 in 47ms (next.js: 8ms, application-code: 40ms)
 GET / 200 in 36ms (next.js: 1286µs, application-code: 35ms)
 GET /login 200 in 59ms (next.js: 1360µs, application-code: 57ms)
 GET /explore 200 in 44ms (next.js: 1067µs, application-code: 43ms)
 GET /login 200 in 54ms (next.js: 2ms, application-code: 52ms)
 GET / 200 in 45ms (next.js: 7ms, application-code: 37ms)
 GET /explore 200 in 29ms (next.js: 3ms, application-code: 27ms)
 GET /login 200 in 40ms (next.js: 1554µs, application-code: 38ms)
 GET / 200 in 23ms (next.js: 1403µs, application-code: 21ms)
 GET /login 200 in 13ms (next.js: 1272µs, application-code: 12ms)
 GET /icon-192x192.png 404 in 194ms (next.js: 28ms, application-code: 166ms)
 GET /icon-192x192.png 404 in 51ms (next.js: 2ms, application-code: 49ms)
 GET /icon-192x192.png 404 in 25ms (next.js: 1494µs, application-code: 24ms)
✓ Compiled in 0ms
 GET /explore 200 in 382ms (next.js: 177ms, application-code: 206ms)
 GET / 200 in 195ms (next.js: 105ms, application-code: 91ms)
 GET /login 200 in 416ms (next.js: 137ms, application-code: 280ms)
 GET /login 200 in 211ms (next.js: 1650µs, application-code: 210ms)
 GET /explore 200 in 86ms (next.js: 12ms, application-code: 74ms)
 GET /login 200 in 117ms (next.js: 1515µs, application-code: 116ms)
 GET /login 200 in 126ms (next.js: 11ms, application-code: 115ms)
 GET /login 200 in 127ms (next.js: 1034µs, application-code: 126ms)
 GET /login 200 in 158ms (next.js: 878µs, application-code: 157ms)
 GET /login 200 in 162ms (next.js: 1426µs, application-code: 161ms)
 GET / 200 in 137ms (next.js: 3ms, application-code: 134ms)
 GET /login 200 in 152ms (next.js: 1474µs, application-code: 150ms)
 GET /explore 200 in 135ms (next.js: 12ms, application-code: 123ms)
 GET /login 200 in 231ms (next.js: 2ms, application-code: 228ms)
 GET /login 200 in 240ms (next.js: 10ms, application-code: 229ms)
 GET / 200 in 209ms (next.js: 1517µs, application-code: 207ms)
 GET /login 200 in 230ms (next.js: 1697µs, application-code: 228ms)
 GET /explore 200 in 217ms (next.js: 9ms, application-code: 208ms)
 GET /login 200 in 252ms (next.js: 17ms, application-code: 235ms)
 GET /login 200 in 265ms (next.js: 23ms, application-code: 241ms)
 GET /login 200 in 253ms (next.js: 2ms, application-code: 251ms)
 GET / 200 in 211ms (next.js: 3ms, application-code: 208ms)
 GET /login 200 in 264ms (next.js: 2ms, application-code: 261ms)
 GET /explore 200 in 142ms (next.js: 11ms, application-code: 131ms)
 GET /login 200 in 175ms (next.js: 1502µs, application-code: 173ms)
 GET / 200 in 153ms (next.js: 14ms, application-code: 138ms)
 GET /login 200 in 175ms (next.js: 10ms, application-code: 165ms)
 GET /explore 200 in 141ms (next.js: 11ms, application-code: 130ms)
 GET /login 200 in 166ms (next.js: 2ms, application-code: 164ms)
 GET /login 200 in 163ms (next.js: 19ms, application-code: 144ms)
 GET /login 200 in 160ms (next.js: 13ms, application-code: 148ms)
 GET /login 200 in 161ms (next.js: 3ms, application-code: 158ms)
 GET / 200 in 152ms (next.js: 1675µs, application-code: 151ms)
 GET /login 200 in 178ms (next.js: 1654µs, application-code: 177ms)
 GET /explore 200 in 122ms (next.js: 13ms, application-code: 109ms)
 GET /login 200 in 145ms (next.js: 3ms, application-code: 142ms)
 GET /login 200 in 131ms (next.js: 1546µs, application-code: 130ms)
 GET / 200 in 119ms (next.js: 12ms, application-code: 107ms)
 GET /explore 200 in 102ms (next.js: 1403µs, application-code: 101ms)
 GET /login 200 in 132ms (next.js: 1415µs, application-code: 131ms)
 GET /login 200 in 133ms (next.js: 20ms, application-code: 113ms)
 GET /login 200 in 143ms (next.js: 1880µs, application-code: 141ms)
 GET /login 200 in 136ms (next.js: 11ms, application-code: 125ms)
 GET /login 200 in 136ms (next.js: 1310µs, application-code: 135ms)
 GET / 200 in 119ms (next.js: 1630µs, application-code: 117ms)
 GET /login 200 in 140ms (next.js: 10ms, application-code: 130ms)
 GET /explore 200 in 120ms (next.js: 1635µs, application-code: 118ms)
 GET /login 200 in 153ms (next.js: 3ms, application-code: 151ms)
 GET / 200 in 120ms (next.js: 1668µs, application-code: 119ms)
 GET /login 200 in 143ms (next.js: 11ms, application-code: 132ms)
 GET /login 200 in 143ms (next.js: 1768µs, application-code: 142ms)
 GET /explore 200 in 115ms (next.js: 1216µs, application-code: 114ms)
 GET /login 200 in 147ms (next.js: 9ms, application-code: 138ms)
 GET /login 200 in 162ms (next.js: 2ms, application-code: 160ms)
 GET / 200 in 148ms (next.js: 21ms, application-code: 126ms)
 GET /login 200 in 150ms (next.js: 12ms, application-code: 138ms)
 GET /login 200 in 151ms (next.js: 1587µs, application-code: 150ms)
 GET /explore 200 in 121ms (next.js: 10ms, application-code: 111ms)
 GET /login 200 in 155ms (next.js: 1756µs, application-code: 154ms)
 GET / 200 in 120ms (next.js: 1624µs, application-code: 119ms)
 GET /explore 200 in 131ms (next.js: 10ms, application-code: 121ms)
 GET /login 200 in 157ms (next.js: 3ms, application-code: 154ms)
 GET /login 200 in 158ms (next.js: 13ms, application-code: 145ms)
 GET /login 200 in 168ms (next.js: 18ms, application-code: 150ms)
 GET /login 200 in 165ms (next.js: 2ms, application-code: 163ms)
 GET /login 200 in 140ms (next.js: 6ms, application-code: 134ms)
 GET / 200 in 108ms (next.js: 1615µs, application-code: 107ms)
 GET /explore 200 in 108ms (next.js: 20ms, application-code: 88ms)
 GET /login 200 in 138ms (next.js: 17ms, application-code: 122ms)
 GET /login 200 in 109ms (next.js: 9ms, application-code: 99ms)
 GET /login 200 in 91ms (next.js: 3ms, application-code: 89ms)
 GET / 200 in 76ms (next.js: 14ms, application-code: 62ms)
 GET /explore 200 in 78ms (next.js: 1395µs, application-code: 76ms)
 GET /login 200 in 113ms (next.js: 1741µs, application-code: 112ms)
 GET /login 200 in 113ms (next.js: 23ms, application-code: 91ms)
 GET /login 200 in 180ms (next.js: 890µs, application-code: 179ms)
 GET /login 200 in 209ms (next.js: 767µs, application-code: 208ms)
 GET / 200 in 195ms (next.js: 11ms, application-code: 184ms)
 GET /explore 200 in 195ms (next.js: 18ms, application-code: 177ms)
 GET /login 200 in 209ms (next.js: 26ms, application-code: 183ms)
 GET /login 200 in 228ms (next.js: 1319µs, application-code: 227ms)
 GET / 200 in 116ms (next.js: 3ms, application-code: 113ms)
 GET /login 200 in 195ms (next.js: 33ms, application-code: 162ms)
 GET /login 200 in 196ms (next.js: 1126µs, application-code: 195ms)
 GET /explore 200 in 117ms (next.js: 12ms, application-code: 106ms)
 GET /login 200 in 155ms (next.js: 21ms, application-code: 134ms)
 GET /login 200 in 149ms (next.js: 4ms, application-code: 145ms)
 GET /login 200 in 134ms (next.js: 1645µs, application-code: 132ms)
 GET / 200 in 132ms (next.js: 22ms, application-code: 111ms)
 GET /login 200 in 154ms (next.js: 1683µs, application-code: 152ms)
 GET /login 200 in 155ms (next.js: 12ms, application-code: 142ms)
 GET /explore 200 in 122ms (next.js: 17ms, application-code: 106ms)
 GET / 200 in 116ms (next.js: 13ms, application-code: 103ms)
 GET /login 200 in 146ms (next.js: 5ms, application-code: 141ms)
 GET /login 200 in 136ms (next.js: 1452µs, application-code: 134ms)
 GET /login 200 in 136ms (next.js: 20ms, application-code: 116ms)
 GET /login 200 in 144ms (next.js: 2ms, application-code: 142ms)
 GET /explore 200 in 115ms (next.js: 1849µs, application-code: 113ms)
 GET /login 200 in 141ms (next.js: 4ms, application-code: 137ms)
 GET /login 200 in 127ms (next.js: 10ms, application-code: 117ms)
 GET /login 200 in 128ms (next.js: 3ms, application-code: 125ms)
 GET / 200 in 114ms (next.js: 12ms, application-code: 102ms)
 GET /explore 200 in 114ms (next.js: 19ms, application-code: 95ms)
 GET /login 200 in 128ms (next.js: 1117µs, application-code: 127ms)
 GET /login 200 in 128ms (next.js: 11ms, application-code: 117ms)
 GET / 200 in 102ms (next.js: 1487µs, application-code: 100ms)
 GET /login 200 in 131ms (next.js: 3ms, application-code: 128ms)
 GET /login 200 in 127ms (next.js: 10ms, application-code: 117ms)
 GET /login 200 in 123ms (next.js: 2ms, application-code: 121ms)
 GET /explore 200 in 111ms (next.js: 2ms, application-code: 109ms)
 GET /login 200 in 127ms (next.js: 10ms, application-code: 116ms)
 GET /explore 200 in 94ms (next.js: 16ms, application-code: 78ms)
 GET / 200 in 95ms (next.js: 10ms, application-code: 86ms)
 GET /login 200 in 112ms (next.js: 806µs, application-code: 111ms)
 GET /login 200 in 110ms (next.js: 1695µs, application-code: 108ms)
 GET /login 200 in 132ms (next.js: 22ms, application-code: 110ms)
 GET / 200 in 102ms (next.js: 23ms, application-code: 79ms)
 GET /login 200 in 112ms (next.js: 2ms, application-code: 110ms)
 GET /login 200 in 112ms (next.js: 9ms, application-code: 104ms)
 GET /login 200 in 111ms (next.js: 1569µs, application-code: 110ms)
 GET /explore 200 in 101ms (next.js: 8ms, application-code: 94ms)
 GET /login 200 in 112ms (next.js: 1273µs, application-code: 111ms)
 GET / 200 in 104ms (next.js: 11ms, application-code: 92ms)
 GET /login 200 in 121ms (next.js: 5ms, application-code: 116ms)
 GET /explore 200 in 81ms (next.js: 3ms, application-code: 79ms)
 GET /login 200 in 109ms (next.js: 4ms, application-code: 105ms)
 GET /login 200 in 110ms (next.js: 17ms, application-code: 93ms)
 GET /login 200 in 115ms (next.js: 3ms, application-code: 112ms)
 GET /login 200 in 113ms (next.js: 8ms, application-code: 105ms)
 GET / 200 in 98ms (next.js: 1792µs, application-code: 96ms)
 GET /login 200 in 98ms (next.js: 7ms, application-code: 91ms)
 GET /explore 200 in 79ms (next.js: 10ms, application-code: 70ms)
 GET /login 200 in 81ms (next.js: 2ms, application-code: 79ms)
 GET /login 200 in 73ms (next.js: 1269µs, application-code: 71ms)
 GET / 200 in 79ms (next.js: 1478µs, application-code: 78ms)
 GET /explore 200 in 80ms (next.js: 7ms, application-code: 73ms)
 GET /login 200 in 103ms (next.js: 5ms, application-code: 99ms)
 GET /login 200 in 102ms (next.js: 11ms, application-code: 91ms)
 GET /login 200 in 121ms (next.js: 12ms, application-code: 109ms)
 GET /explore 200 in 105ms (next.js: 21ms, application-code: 84ms)
 GET / 200 in 105ms (next.js: 13ms, application-code: 92ms)
 GET /login 200 in 120ms (next.js: 4ms, application-code: 117ms)
 GET /login 200 in 106ms (next.js: 3ms, application-code: 103ms)
 GET /login 200 in 76ms (next.js: 1449µs, application-code: 75ms)
 GET / 200 in 60ms (next.js: 30ms, application-code: 30ms)
 GET /explore 200 in 42ms (next.js: 21ms, application-code: 20ms)
 GET /login 200 in 62ms (next.js: 2ms, application-code: 60ms)
 GET /login 200 in 61ms (next.js: 20ms, application-code: 41ms)
 GET /login 200 in 13ms (next.js: 835µs, application-code: 12ms)
 GET / 200 in 107ms (next.js: 12ms, application-code: 95ms)
 GET /explore 200 in 108ms (next.js: 27ms, application-code: 80ms)
 GET /login 200 in 136ms (next.js: 981µs, application-code: 135ms)
 GET /explore 200 in 87ms (next.js: 40ms, application-code: 47ms)
 GET / 200 in 88ms (next.js: 26ms, application-code: 62ms)
 GET /login 200 in 136ms (next.js: 5ms, application-code: 131ms)
 GET / 200 in 98ms (next.js: 12ms, application-code: 86ms)
 GET /explore 200 in 72ms (next.js: 1257µs, application-code: 71ms)
 GET /login 200 in 102ms (next.js: 2ms, application-code: 100ms)
 GET / 200 in 85ms (next.js: 47ms, application-code: 37ms)
 GET /login 200 in 103ms (next.js: 34ms, application-code: 68ms)
 GET /explore 200 in 57ms (next.js: 1891µs, application-code: 55ms)
 GET /explore 200 in 47ms (next.js: 9ms, application-code: 38ms)
 GET / 200 in 48ms (next.js: 1191µs, application-code: 47ms)
 GET /login 200 in 64ms (next.js: 3ms, application-code: 61ms)
 GET / 200 in 69ms (next.js: 833µs, application-code: 68ms)
 GET /login 200 in 80ms (next.js: 980µs, application-code: 79ms)
 GET /explore 200 in 63ms (next.js: 765µs, application-code: 62ms)
 GET / 200 in 83ms (next.js: 12ms, application-code: 71ms)
 GET /explore 200 in 83ms (next.js: 30ms, application-code: 53ms)
 GET /login 200 in 87ms (next.js: 1310µs, application-code: 85ms)
 GET / 200 in 62ms (next.js: 11ms, application-code: 50ms)
 GET /explore 200 in 53ms (next.js: 1386µs, application-code: 52ms)
 GET /login 200 in 74ms (next.js: 1940µs, application-code: 72ms)
 GET / 200 in 69ms (next.js: 14ms, application-code: 55ms)
 GET /explore 200 in 47ms (next.js: 2ms, application-code: 45ms)
 GET /login 200 in 73ms (next.js: 2ms, application-code: 71ms)
 GET /explore 200 in 62ms (next.js: 9ms, application-code: 53ms)
 GET / 200 in 63ms (next.js: 1291µs, application-code: 62ms)
 GET /login 200 in 76ms (next.js: 2ms, application-code: 73ms)
 GET /explore 200 in 55ms (next.js: 11ms, application-code: 44ms)
 GET / 200 in 57ms (next.js: 1135µs, application-code: 55ms)
 GET /login 200 in 75ms (next.js: 3ms, application-code: 73ms)
 GET /explore 200 in 64ms (next.js: 18ms, application-code: 46ms)
 GET / 200 in 65ms (next.js: 11ms, application-code: 54ms)
 GET /login 200 in 67ms (next.js: 1097µs, application-code: 66ms)
 GET / 200 in 70ms (next.js: 12ms, application-code: 58ms)
 GET /explore 200 in 70ms (next.js: 20ms, application-code: 51ms)
 GET /login 200 in 73ms (next.js: 1563µs, application-code: 71ms)
 GET / 200 in 63ms (next.js: 11ms, application-code: 52ms)
 GET /login 200 in 75ms (next.js: 1826µs, application-code: 73ms)
 GET /explore 200 in 68ms (next.js: 1333µs, application-code: 67ms)
 GET / 200 in 70ms (next.js: 13ms, application-code: 57ms)
 GET /login 200 in 75ms (next.js: 1549µs, application-code: 73ms)
 GET /explore 200 in 62ms (next.js: 1338µs, application-code: 60ms)
 GET / 200 in 54ms (next.js: 1020µs, application-code: 53ms)
 GET /login 200 in 70ms (next.js: 2ms, application-code: 68ms)
 GET /explore 200 in 55ms (next.js: 10ms, application-code: 45ms)
 GET / 200 in 42ms (next.js: 1286µs, application-code: 40ms)
 GET /login 200 in 56ms (next.js: 3ms, application-code: 54ms)
 GET /explore 200 in 43ms (next.js: 9ms, application-code: 35ms)
 GET /explore 200 in 53ms (next.js: 13ms, application-code: 39ms)
 GET / 200 in 53ms (next.js: 8ms, application-code: 45ms)
 GET /login 200 in 70ms (next.js: 1355µs, application-code: 68ms)
 GET / 200 in 55ms (next.js: 8ms, application-code: 47ms)
 GET /explore 200 in 55ms (next.js: 13ms, application-code: 42ms)
 GET /login 200 in 65ms (next.js: 1121µs, application-code: 64ms)
 GET / 200 in 43ms (next.js: 8ms, application-code: 35ms)
 GET /login 200 in 60ms (next.js: 1232µs, application-code: 58ms)
 GET /explore 200 in 45ms (next.js: 1105µs, application-code: 44ms)
 GET / 200 in 50ms (next.js: 9ms, application-code: 41ms)
 GET /login 200 in 52ms (next.js: 1074µs, application-code: 51ms)
 GET /explore 200 in 37ms (next.js: 1268µs, application-code: 35ms)
 GET /login 200 in 68ms (next.js: 7ms, application-code: 61ms)
 GET / 200 in 53ms (next.js: 1530µs, application-code: 52ms)
 GET /explore 200 in 47ms (next.js: 1338µs, application-code: 46ms)
 GET / 200 in 63ms (next.js: 1713µs, application-code: 62ms)
 GET /login 200 in 73ms (next.js: 2ms, application-code: 71ms)
 GET /explore 200 in 64ms (next.js: 17ms, application-code: 47ms)
 GET / 200 in 67ms (next.js: 8ms, application-code: 59ms)
 GET /login 200 in 71ms (next.js: 1972µs, application-code: 69ms)
 GET /explore 200 in 54ms (next.js: 1316µs, application-code: 53ms)
 GET /explore 200 in 63ms (next.js: 18ms, application-code: 44ms)
 GET / 200 in 64ms (next.js: 11ms, application-code: 53ms)
 GET /login 200 in 67ms (next.js: 1282µs, application-code: 66ms)
 GET / 200 in 49ms (next.js: 938µs, application-code: 48ms)
 GET /explore 200 in 49ms (next.js: 8ms, application-code: 41ms)
 GET /login 200 in 71ms (next.js: 2ms, application-code: 69ms)
 GET / 200 in 72ms (next.js: 13ms, application-code: 60ms)
 GET /login 200 in 75ms (next.js: 2ms, application-code: 73ms)
 GET /explore 200 in 62ms (next.js: 2ms, application-code: 60ms)
 GET / 200 in 68ms (next.js: 11ms, application-code: 57ms)
 GET /explore 200 in 60ms (next.js: 14ms, application-code: 45ms)
 GET /login 200 in 71ms (next.js: 1212µs, application-code: 70ms)
 GET / 200 in 53ms (next.js: 1089µs, application-code: 51ms)
 GET /explore 200 in 53ms (next.js: 9ms, application-code: 44ms)
 GET /login 200 in 67ms (next.js: 1830µs, application-code: 65ms)
 GET / 200 in 62ms (next.js: 12ms, application-code: 51ms)
 GET /explore 200 in 45ms (next.js: 1412µs, application-code: 43ms)
 GET /login 200 in 66ms (next.js: 2ms, application-code: 64ms)
 GET /explore 200 in 70ms (next.js: 18ms, application-code: 52ms)
 GET / 200 in 71ms (next.js: 10ms, application-code: 61ms)
 GET /login 200 in 92ms (next.js: 1136µs, application-code: 91ms)
 GET / 200 in 73ms (next.js: 19ms, application-code: 54ms)
 GET /explore 200 in 48ms (next.js: 1190µs, application-code: 47ms)
 GET /login 200 in 77ms (next.js: 1907µs, application-code: 75ms)
 GET / 200 in 67ms (next.js: 11ms, application-code: 56ms)
 GET /login 200 in 69ms (next.js: 1262µs, application-code: 68ms)
 GET /explore 200 in 60ms (next.js: 1335µs, application-code: 58ms)
 GET /explore 200 in 54ms (next.js: 10ms, application-code: 44ms)
 GET / 200 in 56ms (next.js: 1597µs, application-code: 54ms)
 GET /login 200 in 74ms (next.js: 1730µs, application-code: 72ms)
 GET / 200 in 59ms (next.js: 1216µs, application-code: 58ms)
 GET /login 200 in 73ms (next.js: 2ms, application-code: 71ms)
 GET /explore 200 in 53ms (next.js: 1335µs, application-code: 52ms)
 GET / 200 in 65ms (next.js: 12ms, application-code: 53ms)
 GET /explore 200 in 66ms (next.js: 20ms, application-code: 46ms)
 GET /login 200 in 68ms (next.js: 1375µs, application-code: 67ms)
 GET /explore 200 in 53ms (next.js: 9ms, application-code: 44ms)
 GET / 200 in 64ms (next.js: 11ms, application-code: 52ms)
 GET /login 200 in 66ms (next.js: 1562µs, application-code: 65ms)
 GET / 200 in 73ms (next.js: 12ms, application-code: 61ms)
 GET /login 200 in 75ms (next.js: 1971µs, application-code: 73ms)
 GET /explore 200 in 56ms (next.js: 1236µs, application-code: 55ms)
 GET / 200 in 71ms (next.js: 12ms, application-code: 60ms)
 GET /explore 200 in 46ms (next.js: 1434µs, application-code: 45ms)
 GET /login 200 in 75ms (next.js: 1488µs, application-code: 73ms)
 GET / 200 in 52ms (next.js: 976µs, application-code: 51ms)
 GET /login 200 in 66ms (next.js: 2ms, application-code: 63ms)
 GET /explore 200 in 53ms (next.js: 9ms, application-code: 44ms)
 GET / 200 in 55ms (next.js: 1182µs, application-code: 53ms)
 GET /explore 200 in 55ms (next.js: 9ms, application-code: 47ms)
 GET /login 200 in 67ms (next.js: 1292µs, application-code: 66ms)
 GET / 200 in 74ms (next.js: 11ms, application-code: 62ms)
 GET /explore 200 in 74ms (next.js: 19ms, application-code: 55ms)
 GET /login 200 in 75ms (next.js: 1340µs, application-code: 73ms)
 GET / 200 in 39ms (next.js: 11ms, application-code: 28ms)
 GET /explore 200 in 38ms (next.js: 24ms, application-code: 15ms)
 GET /login 200 in 39ms (next.js: 1585µs, application-code: 38ms)
 GET / 200 in 29ms (next.js: 13ms, application-code: 15ms)
 GET /login 200 in 31ms (next.js: 1248µs, application-code: 29ms)
 GET /icon-192x192.png 404 in 167ms (next.js: 31ms, application-code: 136ms)
 GET /icon-192x192.png 404 in 30ms (next.js: 1307µs, application-code: 28ms)
 GET /icon-192x192.png 404 in 17ms (next.js: 1032µs, application-code: 16ms)
 GET /icon-192x192.png 404 in 38ms (next.js: 4ms, application-code: 34ms)
✓ Compiled in 214ms
 GET / 500 in 64ms (next.js: 40ms, application-code: 23ms)
 GET / 500 in 270ms (next.js: 39ms, application-code: 231ms)
 GET / 500 in 462ms (next.js: 374ms, application-code: 88ms)
 GET / 500 in 434ms
 GET / 500 in 308ms
 GET / 500 in 469ms (next.js: 192ms, application-code: 278ms)
 GET / 500 in 129ms (next.js: 47ms, application-code: 82ms)
 GET /superadmin/login 500 in 1351ms (next.js: 1338ms, application-code: 13ms)
✓ Compiled in 90ms
 GET /login 200 in 385ms (next.js: 30ms, application-code: 355ms)
 GET /explore 200 in 53ms (next.js: 32ms, application-code: 21ms)
 GET /superadmin/login 200 in 152ms (next.js: 22ms, application-code: 130ms)
 GET /login 200 in 101ms (next.js: 22ms, application-code: 79ms)
 GET /icon-192x192.png 404 in 294ms (next.js: 23ms, application-code: 271ms)
 GET /icon-192x192.png 404 in 119ms (next.js: 40ms, application-code: 79ms)
 GET /icon-192x192.png 404 in 160ms (next.js: 5ms, application-code: 154ms)
 GET /icon-192x192.png 404 in 66ms (next.js: 39ms, application-code: 27ms)
 GET /superadmin 200 in 675ms (next.js: 630ms, application-code: 45ms)
 GET /icon-192x192.png 404 in 84ms (next.js: 44ms, application-code: 40ms)
 GET /superadmin/vendors 200 in 250ms (next.js: 237ms, application-code: 13ms)
 GET /icon-192x192.png 404 in 24ms (next.js: 3ms, application-code: 21ms)
 GET /explore 200 in 33ms (next.js: 8ms, application-code: 26ms)
 GET /icon-192x192.png 404 in 30ms (next.js: 3ms, application-code: 26ms)
 GET / 200 in 38ms (next.js: 7ms, application-code: 31ms)
 GET /icon-192x192.png 404 in 39ms (next.js: 5ms, application-code: 33ms)
 GET /icon-192x192.png 404 in 45ms (next.js: 4ms, application-code: 41ms)
 GET /icon-192x192.png 404 in 50ms (next.js: 6ms, application-code: 44ms)
 GET /superadmin 200 in 30ms (next.js: 4ms, application-code: 26ms)
 GET /icon-192x192.png 404 in 28ms (next.js: 3ms, application-code: 25ms)
 GET /superadmin/support 200 in 354ms (next.js: 338ms, application-code: 16ms)
 GET /icon-192x192.png 404 in 30ms (next.js: 2ms, application-code: 28ms)
 GET /superadmin/leads 200 in 289ms (next.js: 272ms, application-code: 17ms)
 GET /icon-192x192.png 404 in 59ms (next.js: 1698µs, application-code: 58ms)
 GET /superadmin/support 200 in 39ms (next.js: 13ms, application-code: 27ms)
 GET /icon-192x192.png 404 in 35ms (next.js: 5ms, application-code: 30ms)
 GET /superadmin/users 200 in 283ms (next.js: 271ms, application-code: 12ms)
 GET /icon-192x192.png 404 in 41ms (next.js: 3ms, application-code: 39ms)
 GET /superadmin/vendors 200 in 30ms (next.js: 5ms, application-code: 25ms)
 GET /icon-192x192.png 404 in 28ms (next.js: 5ms, application-code: 23ms)
 GET /superadmin 200 in 30ms (next.js: 7ms, application-code: 23ms)
 GET /icon-192x192.png 404 in 33ms (next.js: 4ms, application-code: 29ms)
 GET /superadmin/leads 200 in 16ms (next.js: 3ms, application-code: 13ms)
 GET /icon-192x192.png 404 in 23ms (next.js: 1391µs, application-code: 21ms)
 GET /login 200 in 40ms (next.js: 12ms, application-code: 27ms)
 GET /icon-192x192.png 404 in 51ms (next.js: 7ms, application-code: 44ms)
 GET /login 200 in 203ms (next.js: 31ms, application-code: 173ms)
 GET /icon-192x192.png 404 in 27ms (next.js: 4ms, application-code: 23ms)
 GET / 200 in 40ms (next.js: 10ms, application-code: 30ms)
 GET /icon-192x192.png 404 in 81ms (next.js: 2ms, application-code: 79ms)
 GET / 200 in 30ms (next.js: 6ms, application-code: 24ms)
 GET /icon-192x192.png 404 in 70ms (next.js: 1879µs, application-code: 68ms)
 GET /icon-192x192.png 404 in 29ms (next.js: 1852µs, application-code: 27ms)
 GET /login 200 in 40ms (next.js: 7ms, application-code: 33ms)
 GET /icon-192x192.png 404 in 28ms (next.js: 5ms, application-code: 23ms)
 GET /vendor-dashboard 200 in 90ms (next.js: 56ms, application-code: 33ms)
 GET / 200 in 40ms (next.js: 11ms, application-code: 29ms)
 GET /icon-192x192.png 404 in 56ms (next.js: 3ms, application-code: 52ms)
 GET /icon-192x192.png 404 in 56ms (next.js: 6ms, application-code: 50ms)
 GET /vendor-dashboard 200 in 32ms (next.js: 4ms, application-code: 28ms)
 GET / 200 in 29ms (next.js: 4ms, application-code: 25ms)
 GET /icon-192x192.png 404 in 77ms (next.js: 3ms, application-code: 75ms)
 GET /icon-192x192.png 404 in 18ms (next.js: 1798µs, application-code: 16ms)
 GET /vendor-dashboard 200 in 31ms (next.js: 4ms, application-code: 28ms)
 GET / 200 in 48ms (next.js: 3ms, application-code: 45ms)
 GET /icon-192x192.png 404 in 33ms (next.js: 3ms, application-code: 31ms)
 GET /icon-192x192.png 404 in 45ms (next.js: 5ms, application-code: 40ms)
 GET /vendor-dashboard 200 in 34ms (next.js: 4ms, application-code: 30ms)
 GET / 200 in 44ms (next.js: 4ms, application-code: 40ms)
 GET /icon-192x192.png 404 in 64ms (next.js: 3ms, application-code: 61ms)
 GET /icon-192x192.png 404 in 21ms (next.js: 1471µs, application-code: 19ms)
 GET /explore 200 in 28ms (next.js: 6ms, application-code: 22ms)
 GET /icon-192x192.png 404 in 36ms (next.js: 5ms, application-code: 30ms)
 GET / 200 in 120ms (next.js: 3ms, application-code: 117ms)
 GET /vendor/register 200 in 72ms (next.js: 43ms, application-code: 29ms)
 GET /icon-192x192.png 404 in 38ms (next.js: 6ms, application-code: 32ms)
 GET /icon-192x192.png 404 in 60ms (next.js: 13ms, application-code: 47ms)
 GET /vendor-dashboard 200 in 65ms (next.js: 23ms, application-code: 41ms)
 GET / 200 in 47ms (next.js: 31ms, application-code: 16ms)
 GET /icon-192x192.png 404 in 79ms (next.js: 5ms, application-code: 74ms)
 GET /icon-192x192.png 404 in 26ms (next.js: 2ms, application-code: 24ms)
 GET /login 200 in 36ms (next.js: 7ms, application-code: 29ms)
 GET /icon-192x192.png 404 in 67ms (next.js: 3ms, application-code: 64ms)
 GET / 200 in 64ms (next.js: 2ms, application-code: 62ms)
 GET /icon-192x192.png 404 in 45ms (next.js: 5ms, application-code: 40ms)
✓ Compiled in 142ms
✓ Compiled in 1377ms
 GET /login 200 in 631ms (next.js: 31ms, application-code: 599ms)
 GET /explore 200 in 1097ms (next.js: 359ms, application-code: 737ms)
 GET / 200 in 1617ms (next.js: 363ms, application-code: 1254ms)
 GET /login 200 in 644ms (next.js: 113ms, application-code: 531ms)
 GET /login 200 in 1663ms (next.js: 306ms, application-code: 1357ms)
 GET / 200 in 1165ms (next.js: 40ms, application-code: 1124ms)
 GET /explore 200 in 1293ms (next.js: 129ms, application-code: 1164ms)
 GET /login 200 in 1295ms (next.js: 1723µs, application-code: 1293ms)
 GET /login 200 in 1127ms (next.js: 41ms, application-code: 1087ms)
 GET /icon-192x192.png 404 in 101ms (next.js: 38ms, application-code: 63ms)
 GET /icon-192x192.png 404 in 29ms (next.js: 1824µs, application-code: 28ms)
 GET /icon-192x192.png 404 in 20ms (next.js: 1755µs, application-code: 18ms)
✓ Compiled in 126ms
✓ Compiled in 54ms
 GET /login 200 in 56ms (next.js: 21ms, application-code: 35ms)
 GET /icon-192x192.png 404 in 122ms (next.js: 3ms, application-code: 118ms)
 GET /vendor/login 200 in 67ms (next.js: 39ms, application-code: 28ms)
 GET /icon-192x192.png 404 in 26ms (next.js: 4ms, application-code: 22ms)
 GET /login 200 in 23ms (next.js: 2ms, application-code: 21ms)
 GET /icon-192x192.png 404 in 42ms (next.js: 14ms, application-code: 28ms)
 GET /vendor/login 200 in 43ms (next.js: 18ms, application-code: 25ms)
 GET /icon-192x192.png 404 in 31ms (next.js: 4ms, application-code: 27ms)
 GET /login 200 in 31ms (next.js: 7ms, application-code: 23ms)
 GET /icon-192x192.png 404 in 89ms (next.js: 4ms, application-code: 85ms)
 GET /vendor/login 200 in 33ms (next.js: 7ms, application-code: 27ms)
 GET /icon-192x192.png 404 in 29ms (next.js: 4ms, application-code: 26ms)
 GET /login 200 in 48ms (next.js: 16ms, application-code: 32ms)
 GET /icon-192x192.png 404 in 33ms (next.js: 4ms, application-code: 30ms)
 GET /vendor/login 200 in 33ms (next.js: 10ms, application-code: 23ms)
 GET /icon-192x192.png 404 in 30ms (next.js: 4ms, application-code: 26ms)
 GET /login 200 in 38ms (next.js: 13ms, application-code: 26ms)
 GET /icon-192x192.png 404 in 28ms (next.js: 4ms, application-code: 23ms)
 GET / 200 in 63ms (next.js: 27ms, application-code: 36ms)
 GET /icon-192x192.png 404 in 58ms (next.js: 3ms, application-code: 55ms)
 GET /vendor/register 200 in 98ms (next.js: 77ms, application-code: 21ms)
 GET /icon-192x192.png 404 in 33ms (next.js: 2ms, application-code: 30ms)
 GET / 200 in 108ms (next.js: 7ms, application-code: 102ms)
 GET / 200 in 72ms (next.js: 3ms, application-code: 69ms)
 GET / 200 in 71ms (next.js: 21ms, application-code: 50ms)
 GET / 200 in 52ms (next.js: 15ms, application-code: 37ms)
 GET / 200 in 38ms (next.js: 10ms, application-code: 28ms)
 GET / 200 in 29ms (next.js: 19ms, application-code: 10ms)
 GET / 200 in 56ms (next.js: 806µs, application-code: 55ms)
 GET / 200 in 47ms (next.js: 16ms, application-code: 32ms)
 GET / 200 in 48ms (next.js: 1233µs, application-code: 47ms)
 GET / 200 in 48ms (next.js: 9ms, application-code: 39ms)
 GET / 200 in 48ms (next.js: 22ms, application-code: 25ms)
 GET / 200 in 48ms (next.js: 29ms, application-code: 18ms)
 GET / 200 in 44ms (next.js: 929µs, application-code: 43ms)
 GET / 200 in 36ms (next.js: 1106µs, application-code: 35ms)
 GET / 200 in 29ms (next.js: 14ms, application-code: 15ms)
 GET / 200 in 30ms (next.js: 7ms, application-code: 22ms)
 GET / 200 in 29ms (next.js: 20ms, application-code: 9ms)
 GET / 200 in 30ms (next.js: 893µs, application-code: 29ms)
 GET / 200 in 25ms (next.js: 17ms, application-code: 8ms)
 GET / 200 in 26ms (next.js: 1462µs, application-code: 24ms)
 GET / 200 in 15ms (next.js: 685µs, application-code: 14ms)
 GET / 200 in 37ms (next.js: 3ms, application-code: 34ms)
 GET /profile 200 in 123ms (next.js: 107ms, application-code: 16ms)
 GET /icon-192x192.png 404 in 37ms (next.js: 1817µs, application-code: 35ms)
✓ Compiled in 270ms
 GET /profile 200 in 417ms (next.js: 136ms, application-code: 281ms)
 GET /explore 200 in 198ms (next.js: 69ms, application-code: 128ms)
 GET /profile 200 in 50ms (next.js: 1346µs, application-code: 49ms)
 GET /explore 200 in 40ms (next.js: 12ms, application-code: 29ms)
 GET /login 200 in 41ms (next.js: 1182µs, application-code: 40ms)
 GET /login 200 in 30ms (next.js: 10ms, application-code: 20ms)
 GET /login 200 in 199ms (next.js: 20ms, application-code: 179ms)
 GET /login 200 in 198ms (next.js: 136ms, application-code: 62ms)
 GET /icon-192x192.png 404 in 233ms (next.js: 31ms, application-code: 202ms)
 GET /icon-192x192.png 404 in 47ms (next.js: 1476µs, application-code: 45ms)
 GET /icon-192x192.png 404 in 24ms (next.js: 1320µs, application-code: 23ms)
 GET /login 200 in 32ms (next.js: 9ms, application-code: 23ms)
 GET /icon-192x192.png 404 in 25ms (next.js: 4ms, application-code: 21ms)
 GET /vendor/login 200 in 93ms (next.js: 35ms, application-code: 57ms)
 GET /icon-192x192.png 404 in 69ms (next.js: 4ms, application-code: 65ms)
 GET /vendor/login 200 in 85ms (next.js: 16ms, application-code: 69ms)
 GET /icon-192x192.png 404 in 33ms (next.js: 3ms, application-code: 30ms)
 GET /vendor/login 200 in 54ms (next.js: 4ms, application-code: 50ms)
 GET /icon-192x192.png 404 in 55ms (next.js: 5ms, application-code: 50ms)
 GET /vendor/login 200 in 24ms (next.js: 1289µs, application-code: 22ms)
 GET /icon-192x192.png 404 in 38ms (next.js: 2ms, application-code: 35ms)
 GET /vendor/login 200 in 32ms (next.js: 1559µs, application-code: 30ms)
 GET /icon-192x192.png 404 in 19ms (next.js: 1168µs, application-code: 18ms)
 GET /login 200 in 37ms (next.js: 8ms, application-code: 28ms)
 GET /icon-192x192.png 404 in 29ms (next.js: 3ms, application-code: 26ms)
 GET /vendor/login 200 in 31ms (next.js: 5ms, application-code: 26ms)
 GET /icon-192x192.png 404 in 36ms (next.js: 5ms, application-code: 31ms)
 GET /login 200 in 49ms (next.js: 17ms, application-code: 32ms)
 GET /icon-192x192.png 404 in 92ms (next.js: 5ms, application-code: 86ms)
 GET /register 200 in 89ms (next.js: 39ms, application-code: 50ms)
 GET /icon-192x192.png 404 in 25ms (next.js: 3ms, application-code: 22ms)
✓ Compiled in 247ms
 GET /explore 200 in 387ms (next.js: 253ms, application-code: 134ms)
 GET /register 200 in 390ms (next.js: 155ms, application-code: 234ms)
 GET /login 200 in 349ms (next.js: 291ms, application-code: 58ms)
 GET /login 200 in 350ms (next.js: 276ms, application-code: 73ms)
 GET /explore 200 in 48ms (next.js: 13ms, application-code: 36ms)
 GET /register 200 in 49ms (next.js: 1224µs, application-code: 48ms)
 GET /login 200 in 37ms (next.js: 14ms, application-code: 23ms)
 GET /login 200 in 24ms (next.js: 11ms, application-code: 13ms)
 GET /icon-192x192.png 404 in 221ms (next.js: 55ms, application-code: 166ms)
 GET /icon-192x192.png 404 in 226ms (next.js: 3ms, application-code: 224ms)
 GET /icon-192x192.png 404 in 233ms (next.js: 920µs, application-code: 232ms)
 GET /register 200 in 212ms (next.js: 18ms, application-code: 194ms)
 GET /icon-192x192.png 404 in 57ms (next.js: 3ms, application-code: 53ms)
 GET /login 200 in 33ms (next.js: 8ms, application-code: 25ms)
 GET /icon-192x192.png 404 in 28ms (next.js: 3ms, application-code: 25ms)
 GET /vendor/login 200 in 60ms (next.js: 32ms, application-code: 28ms)
 GET /icon-192x192.png 404 in 37ms (next.js: 3ms, application-code: 34ms)
 GET /vendor/register 200 in 65ms (next.js: 41ms, application-code: 24ms)
 GET /icon-192x192.png 404 in 96ms (next.js: 2ms, application-code: 94ms)
 GET /explore 200 in 40ms (next.js: 12ms, application-code: 29ms)
 GET /icon-192x192.png 404 in 45ms (next.js: 7ms, application-code: 38ms)
✓ Compiled in 216ms
✓ Compiled in 155ms
 GET /explore 200 in 452ms (next.js: 171ms, application-code: 281ms)
 GET /explore 200 in 116ms (next.js: 13ms, application-code: 103ms)
 GET /login 200 in 542ms (next.js: 104ms, application-code: 438ms)
 GET /login 200 in 533ms (next.js: 239ms, application-code: 295ms)
 GET /explore 200 in 285ms (next.js: 1463µs, application-code: 283ms)
 GET /login 200 in 299ms (next.js: 150ms, application-code: 149ms)
 GET /login 200 in 142ms (next.js: 11ms, application-code: 131ms)
 GET /login 200 in 168ms (next.js: 1791µs, application-code: 166ms)
 GET /login 200 in 173ms (next.js: 2ms, application-code: 170ms)
 GET /explore 200 in 173ms (next.js: 13ms, application-code: 161ms)
 GET /login 200 in 168ms (next.js: 1192µs, application-code: 167ms)
 GET /login 200 in 197ms (next.js: 1619µs, application-code: 196ms)
 GET /login 200 in 203ms (next.js: 4ms, application-code: 200ms)
 GET /login 200 in 265ms (next.js: 3ms, application-code: 262ms)
 GET /login 200 in 267ms (next.js: 40ms, application-code: 227ms)
 GET /login 200 in 248ms (next.js: 3ms, application-code: 245ms)
 GET /login 200 in 233ms (next.js: 6ms, application-code: 227ms)
 GET /login 200 in 239ms (next.js: 1645µs, application-code: 238ms)
 GET /login 200 in 244ms (next.js: 4ms, application-code: 240ms)
 GET /login 200 in 244ms (next.js: 13ms, application-code: 230ms)
 GET /login 200 in 233ms (next.js: 3ms, application-code: 230ms)
 GET / 200 in 187ms (next.js: 26ms, application-code: 161ms)
 GET /login 200 in 234ms (next.js: 29ms, application-code: 205ms)
 GET / 200 in 149ms (next.js: 15ms, application-code: 134ms)
 GET / 200 in 148ms (next.js: 22ms, application-code: 126ms)
 GET /login 200 in 253ms (next.js: 41ms, application-code: 213ms)
 GET /login 200 in 187ms (next.js: 5ms, application-code: 182ms)
 GET / 200 in 210ms (next.js: 7ms, application-code: 202ms)
 GET /login 200 in 233ms (next.js: 16ms, application-code: 217ms)
 GET / 200 in 201ms (next.js: 6ms, application-code: 195ms)
 GET /login 200 in 201ms (next.js: 3ms, application-code: 198ms)
 GET / 200 in 147ms (next.js: 3ms, application-code: 144ms)
 GET /login 200 in 202ms (next.js: 2ms, application-code: 200ms)
 GET / 200 in 133ms (next.js: 11ms, application-code: 122ms)
 GET / 200 in 130ms (next.js: 34ms, application-code: 96ms)
 GET / 200 in 115ms (next.js: 30ms, application-code: 85ms)
 GET /login 200 in 160ms (next.js: 44ms, application-code: 116ms)
 GET / 200 in 104ms (next.js: 1257µs, application-code: 103ms)
 GET / 200 in 101ms (next.js: 4ms, application-code: 97ms)
 GET / 200 in 99ms (next.js: 4ms, application-code: 94ms)
 GET / 200 in 80ms (next.js: 4ms, application-code: 76ms)
 GET / 200 in 79ms (next.js: 15ms, application-code: 64ms)
 GET / 200 in 66ms (next.js: 17ms, application-code: 49ms)
 GET / 200 in 40ms (next.js: 1956µs, application-code: 38ms)
 GET /icon-192x192.png 404 in 98ms (next.js: 35ms, application-code: 63ms)
 GET /icon-192x192.png 404 in 20ms (next.js: 1395µs, application-code: 18ms)
 GET /icon-192x192.png 404 in 39ms (next.js: 4ms, application-code: 35ms)
 GET /explore 200 in 83ms (next.js: 13ms, application-code: 70ms)
✓ Compiled in 146ms
 GET /explore 200 in 45ms (next.js: 4ms, application-code: 42ms)
 GET /icon-192x192.png 404 in 79ms (next.js: 4ms, application-code: 76ms)
 GET /icon-192x192.png 404 in 20ms (next.js: 1483µs, application-code: 18ms)
 GET /register 200 in 66ms (next.js: 29ms, application-code: 37ms)
 GET /icon-192x192.png 404 in 24ms (next.js: 2ms, application-code: 22ms)
 GET /icon-192x192.png 404 in 44ms (next.js: 5ms, application-code: 40ms)
 GET /icon-192x192.png 404 in 46ms (next.js: 6ms, application-code: 41ms)
 GET /login 200 in 31ms (next.js: 7ms, application-code: 24ms)
 GET /icon-192x192.png 404 in 63ms (next.js: 4ms, application-code: 59ms)
 GET /vendor/login 200 in 55ms (next.js: 25ms, application-code: 29ms)
 GET /icon-192x192.png 404 in 25ms (next.js: 4ms, application-code: 21ms)
 GET /vendor/register 200 in 67ms (next.js: 31ms, application-code: 36ms)
 GET /icon-192x192.png 404 in 26ms (next.js: 2ms, application-code: 24ms)
 GET /icon-192x192.png 404 in 47ms (next.js: 8ms, application-code: 38ms)
 GET /icon-192x192.png 404 in 44ms (next.js: 5ms, application-code: 39ms)
 GET / 200 in 37ms (next.js: 14ms, application-code: 23ms)
 GET /icon-192x192.png 404 in 72ms (next.js: 3ms, application-code: 69ms)
 GET / 200 in 447ms (next.js: 121ms, application-code: 326ms)
 GET /explore 200 in 448ms (next.js: 288ms, application-code: 160ms)
 GET /login 200 in 502ms (next.js: 272ms, application-code: 230ms)
 GET /login 200 in 471ms (next.js: 265ms, application-code: 206ms)
 GET / 200 in 87ms (next.js: 1619µs, application-code: 85ms)
 GET /explore 200 in 96ms (next.js: 11ms, application-code: 86ms)
 GET /login 200 in 128ms (next.js: 13ms, application-code: 115ms)
 GET /login 200 in 207ms (next.js: 18ms, application-code: 189ms)
 GET /login 200 in 210ms (next.js: 782µs, application-code: 210ms)
 GET /login 200 in 253ms (next.js: 910µs, application-code: 253ms)
 GET / 200 in 231ms (next.js: 1081µs, application-code: 230ms)
 GET /login 200 in 244ms (next.js: 1142µs, application-code: 243ms)
 GET /explore 200 in 192ms (next.js: 3ms, application-code: 190ms)
 GET / 200 in 208ms (next.js: 73ms, application-code: 136ms)
 GET /login 200 in 250ms (next.js: 23ms, application-code: 227ms)
 GET /login 200 in 252ms (next.js: 11ms, application-code: 241ms)
 GET /login 200 in 249ms (next.js: 80ms, application-code: 169ms)
 GET /login 200 in 171ms (next.js: 12ms, application-code: 159ms)
 GET /explore 200 in 121ms (next.js: 4ms, application-code: 118ms)
 GET /login 200 in 170ms (next.js: 1305µs, application-code: 169ms)
 GET /login 200 in 210ms (next.js: 3ms, application-code: 208ms)
 GET / 200 in 167ms (next.js: 1638µs, application-code: 166ms)
 GET /login 200 in 190ms (next.js: 1451µs, application-code: 189ms)
 GET /explore 200 in 185ms (next.js: 28ms, application-code: 157ms)
 GET /login 200 in 188ms (next.js: 9ms, application-code: 179ms)
 GET / 200 in 161ms (next.js: 1290µs, application-code: 160ms)
 GET /login 200 in 199ms (next.js: 19ms, application-code: 181ms)
 GET /login 200 in 217ms (next.js: 9ms, application-code: 208ms)
 GET /explore 200 in 189ms (next.js: 67ms, application-code: 122ms)
 GET /login 200 in 209ms (next.js: 1895µs, application-code: 208ms)
 GET /login 200 in 209ms (next.js: 76ms, application-code: 134ms)
 GET /login 200 in 248ms (next.js: 1179µs, application-code: 247ms)
 GET / 200 in 246ms (next.js: 3ms, application-code: 244ms)
 GET /login 200 in 1075ms (next.js: 4ms, application-code: 1071ms)
 GET /explore 200 in 1005ms (next.js: 2ms, application-code: 1003ms)
 GET /login 200 in 1060ms (next.js: 27ms, application-code: 1033ms)
 GET /login 200 in 1060ms (next.js: 12ms, application-code: 1049ms)
 GET / 200 in 1045ms (next.js: 12ms, application-code: 1033ms)
 GET /login 200 in 1059ms (next.js: 20ms, application-code: 1039ms)
 GET /explore 200 in 1043ms (next.js: 1071µs, application-code: 1042ms)
 GET /login 200 in 1066ms (next.js: 12ms, application-code: 1054ms)
 GET /login 200 in 1067ms (next.js: 1854µs, application-code: 1065ms)
 GET /login 200 in 1055ms (next.js: 10ms, application-code: 1044ms)
 GET /login 200 in 956ms (next.js: 27ms, application-code: 929ms)
 GET / 200 in 135ms (next.js: 28ms, application-code: 108ms)
 GET /explore 200 in 93ms (next.js: 15ms, application-code: 78ms)
 GET /login 200 in 137ms (next.js: 4ms, application-code: 133ms)
 GET / 200 in 55ms (next.js: 1702µs, application-code: 53ms)
 GET /login 200 in 95ms (next.js: 1246µs, application-code: 93ms)
 GET /login 200 in 94ms (next.js: 25ms, application-code: 69ms)
 GET /explore 200 in 33ms (next.js: 10ms, application-code: 23ms)
 GET /login 200 in 46ms (next.js: 1809µs, application-code: 44ms)
 GET /login 200 in 34ms (next.js: 1270µs, application-code: 33ms)
 GET /login 200 in 34ms (next.js: 18ms, application-code: 16ms)
 GET /explore 200 in 145ms (next.js: 23ms, application-code: 122ms)
 GET / 200 in 147ms (next.js: 2ms, application-code: 145ms)
 GET /login 200 in 168ms (next.js: 6ms, application-code: 163ms)
 GET /login 200 in 176ms (next.js: 13ms, application-code: 163ms)
 GET /explore 200 in 123ms (next.js: 19ms, application-code: 104ms)
 GET / 200 in 124ms (next.js: 1861µs, application-code: 122ms)
 GET /login 200 in 203ms (next.js: 38ms, application-code: 165ms)
 GET /login 200 in 183ms (next.js: 10ms, application-code: 173ms)
 GET /login 200 in 206ms (next.js: 27ms, application-code: 179ms)
 GET /login 200 in 206ms (next.js: 903µs, application-code: 205ms)
 GET /login 200 in 194ms (next.js: 1555µs, application-code: 192ms)
 GET / 200 in 178ms (next.js: 16ms, application-code: 162ms)
 GET /login 200 in 181ms (next.js: 4ms, application-code: 176ms)
 GET / 200 in 149ms (next.js: 3ms, application-code: 146ms)
 GET / 200 in 148ms (next.js: 28ms, application-code: 120ms)
 GET / 200 in 148ms (next.js: 45ms, application-code: 103ms)
 GET / 200 in 121ms (next.js: 37ms, application-code: 85ms)
 GET / 200 in 96ms (next.js: 19ms, application-code: 77ms)
 GET / 200 in 78ms (next.js: 9ms, application-code: 70ms)
 GET / 200 in 85ms (next.js: 15ms, application-code: 70ms)
 GET /login 200 in 165ms (next.js: 36ms, application-code: 129ms)
 GET /explore 200 in 86ms (next.js: 8ms, application-code: 78ms)
 GET /login 200 in 142ms (next.js: 28ms, application-code: 113ms)
 GET /login 200 in 168ms (next.js: 22ms, application-code: 146ms)
 GET /explore 200 in 127ms (next.js: 894µs, application-code: 126ms)
 GET /login 200 in 171ms (next.js: 25ms, application-code: 146ms)
 GET /login 200 in 170ms (next.js: 16ms, application-code: 154ms)
 GET / 200 in 156ms (next.js: 2ms, application-code: 154ms)
 GET /login 200 in 177ms (next.js: 980µs, application-code: 176ms)
 GET / 200 in 156ms (next.js: 45ms, application-code: 111ms)
 GET / 200 in 157ms (next.js: 17ms, application-code: 140ms)
 GET / 200 in 157ms (next.js: 32ms, application-code: 125ms)
 GET / 200 in 157ms (next.js: 39ms, application-code: 118ms)
 GET / 200 in 157ms (next.js: 10ms, application-code: 148ms)
 GET / 200 in 158ms (next.js: 25ms, application-code: 133ms)
 GET /explore 200 in 157ms (next.js: 77ms, application-code: 80ms)
 GET /login 200 in 162ms (next.js: 52ms, application-code: 109ms)
 GET / 200 in 119ms (next.js: 1219µs, application-code: 118ms)
 GET /login 200 in 207ms (next.js: 61ms, application-code: 146ms)
 GET /explore 200 in 153ms (next.js: 25ms, application-code: 128ms)
 GET /login 200 in 188ms (next.js: 8ms, application-code: 180ms)
 GET /login 200 in 196ms (next.js: 17ms, application-code: 179ms)
 GET /login 200 in 201ms (next.js: 1037µs, application-code: 200ms)
 GET /login 200 in 189ms (next.js: 915µs, application-code: 188ms)
 GET /login 200 in 180ms (next.js: 1517µs, application-code: 178ms)
 GET / 200 in 162ms (next.js: 25ms, application-code: 137ms)
 GET / 200 in 162ms (next.js: 14ms, application-code: 148ms)
 GET / 200 in 161ms (next.js: 47ms, application-code: 115ms)
 GET / 200 in 161ms (next.js: 64ms, application-code: 98ms)
 GET / 200 in 161ms (next.js: 71ms, application-code: 91ms)
 GET / 200 in 116ms (next.js: 35ms, application-code: 82ms)
 GET / 200 in 83ms (next.js: 9ms, application-code: 74ms)
 GET /login 200 in 163ms (next.js: 2ms, application-code: 161ms)
 GET /explore 200 in 75ms (next.js: 18ms, application-code: 57ms)
 GET /login 200 in 162ms (next.js: 54ms, application-code: 108ms)
 GET / 200 in 67ms (next.js: 19ms, application-code: 48ms)
 GET /login 200 in 76ms (next.js: 10ms, application-code: 66ms)
 GET /login 200 in 50ms (next.js: 8ms, application-code: 41ms)
 GET /explore 200 in 44ms (next.js: 19ms, application-code: 25ms)
 GET /login 200 in 47ms (next.js: 1013µs, application-code: 46ms)
 GET / 200 in 138ms (next.js: 1773µs, application-code: 136ms)
 GET / 200 in 138ms (next.js: 9ms, application-code: 129ms)
 GET / 200 in 138ms (next.js: 38ms, application-code: 100ms)
 GET / 200 in 139ms (next.js: 31ms, application-code: 107ms)
 GET / 200 in 139ms (next.js: 45ms, application-code: 94ms)
 GET / 200 in 139ms (next.js: 57ms, application-code: 82ms)
 GET / 200 in 139ms (next.js: 51ms, application-code: 88ms)
 GET /explore 200 in 140ms (next.js: 24ms, application-code: 116ms)
 GET /login 200 in 156ms (next.js: 763µs, application-code: 155ms)
 GET /explore 200 in 75ms (next.js: 13ms, application-code: 62ms)
 GET / 200 in 76ms (next.js: 1279µs, application-code: 74ms)
 GET /login 200 in 158ms (next.js: 62ms, application-code: 96ms)
 GET /login 200 in 183ms (next.js: 16ms, application-code: 167ms)
 GET /login 200 in 128ms (next.js: 6ms, application-code: 122ms)
 GET /login 200 in 141ms (next.js: 18ms, application-code: 123ms)
 GET /login 200 in 137ms (next.js: 3ms, application-code: 134ms)
 GET /login 200 in 135ms (next.js: 1422µs, application-code: 133ms)
 GET /login 200 in 137ms (next.js: 1267µs, application-code: 136ms)
 GET / 200 in 131ms (next.js: 7ms, application-code: 123ms)
 GET / 200 in 132ms (next.js: 2ms, application-code: 130ms)
 GET / 200 in 132ms (next.js: 16ms, application-code: 116ms)
 GET / 200 in 132ms (next.js: 28ms, application-code: 104ms)
 GET / 200 in 118ms (next.js: 26ms, application-code: 92ms)
 GET / 200 in 119ms (next.js: 31ms, application-code: 88ms)
 GET / 200 in 95ms (next.js: 18ms, application-code: 77ms)
 GET /login 200 in 149ms (next.js: 33ms, application-code: 116ms)
 GET / 200 in 84ms (next.js: 8ms, application-code: 75ms)
 GET /explore 200 in 84ms (next.js: 3ms, application-code: 82ms)
 GET /login 200 in 150ms (next.js: 21ms, application-code: 129ms)
 GET /explore 200 in 135ms (next.js: 1366µs, application-code: 134ms)
 GET /login 200 in 163ms (next.js: 20ms, application-code: 143ms)
 GET /login 200 in 164ms (next.js: 14ms, application-code: 150ms)
 GET /login 200 in 160ms (next.js: 8ms, application-code: 152ms)
 GET /login 200 in 148ms (next.js: 1208µs, application-code: 147ms)
 GET /login 200 in 147ms (next.js: 3ms, application-code: 145ms)
 GET / 200 in 135ms (next.js: 9ms, application-code: 126ms)
 GET / 200 in 135ms (next.js: 9ms, application-code: 126ms)
 GET / 200 in 130ms (next.js: 9ms, application-code: 121ms)
 GET / 200 in 129ms (next.js: 13ms, application-code: 116ms)
 GET / 200 in 129ms (next.js: 21ms, application-code: 108ms)
 GET / 200 in 129ms (next.js: 26ms, application-code: 104ms)
 GET /login 200 in 147ms (next.js: 2ms, application-code: 145ms)
 GET / 200 in 127ms (next.js: 33ms, application-code: 93ms)
 GET / 200 in 99ms (next.js: 19ms, application-code: 80ms)
 GET /explore 200 in 99ms (next.js: 13ms, application-code: 86ms)
 GET /login 200 in 163ms (next.js: 7ms, application-code: 155ms)
 GET /login 200 in 163ms (next.js: 1627µs, application-code: 162ms)
 GET /explore 200 in 149ms (next.js: 8ms, application-code: 141ms)
 GET /login 200 in 167ms (next.js: 14ms, application-code: 153ms)
 GET /login 200 in 167ms (next.js: 1841µs, application-code: 165ms)
 GET /login 200 in 156ms (next.js: 1801µs, application-code: 154ms)
 GET / 200 in 157ms (next.js: 3ms, application-code: 154ms)
 GET /login 200 in 172ms (next.js: 3ms, application-code: 168ms)
 GET / 200 in 155ms (next.js: 20ms, application-code: 135ms)
 GET / 200 in 146ms (next.js: 9ms, application-code: 137ms)
 GET / 200 in 146ms (next.js: 16ms, application-code: 130ms)
 GET / 200 in 139ms (next.js: 23ms, application-code: 115ms)
 GET / 200 in 139ms (next.js: 31ms, application-code: 107ms)
 GET / 200 in 117ms (next.js: 17ms, application-code: 100ms)
 GET /login 200 in 169ms (next.js: 8ms, application-code: 161ms)
 GET /explore 200 in 102ms (next.js: 26ms, application-code: 76ms)
 GET /login 200 in 153ms (next.js: 24ms, application-code: 129ms)
 GET /login 200 in 138ms (next.js: 17ms, application-code: 120ms)
 GET / 200 in 104ms (next.js: 923µs, application-code: 103ms)
 GET /login 200 in 186ms (next.js: 8ms, application-code: 178ms)
 GET /login 200 in 173ms (next.js: 881µs, application-code: 172ms)
 GET /explore 200 in 163ms (next.js: 966µs, application-code: 162ms)
 GET /login 200 in 186ms (next.js: 9ms, application-code: 177ms)
 GET / 200 in 160ms (next.js: 1247µs, application-code: 159ms)
 GET / 200 in 160ms (next.js: 10ms, application-code: 151ms)
 GET /login 200 in 174ms (next.js: 1547µs, application-code: 172ms)
 GET / 200 in 171ms (next.js: 27ms, application-code: 144ms)
 GET / 200 in 139ms (next.js: 34ms, application-code: 104ms)
 GET / 200 in 140ms (next.js: 20ms, application-code: 119ms)
 GET / 200 in 140ms (next.js: 13ms, application-code: 127ms)
 GET /login 200 in 176ms (next.js: 17ms, application-code: 158ms)
 GET / 200 in 140ms (next.js: 27ms, application-code: 113ms)
 GET /login 200 in 186ms (next.js: 41ms, application-code: 145ms)
 GET /login 200 in 187ms (next.js: 1645µs, application-code: 185ms)
 GET / 200 in 129ms (next.js: 9ms, application-code: 119ms)
 GET /explore 200 in 129ms (next.js: 1238µs, application-code: 128ms)
 GET /login 200 in 194ms (next.js: 16ms, application-code: 178ms)
 GET /login 200 in 208ms (next.js: 3ms, application-code: 205ms)
 GET /explore 200 in 184ms (next.js: 2ms, application-code: 182ms)
 GET /login 200 in 196ms (next.js: 1237µs, application-code: 195ms)
 GET / 200 in 182ms (next.js: 5ms, application-code: 177ms)
 GET / 200 in 182ms (next.js: 13ms, application-code: 169ms)
 GET /login 200 in 197ms (next.js: 2ms, application-code: 195ms)
 GET / 200 in 189ms (next.js: 29ms, application-code: 160ms)
 GET /login 200 in 193ms (next.js: 20ms, application-code: 173ms)
 GET / 200 in 146ms (next.js: 21ms, application-code: 124ms)
 GET / 200 in 146ms (next.js: 4ms, application-code: 143ms)
 GET / 200 in 146ms (next.js: 33ms, application-code: 112ms)
 GET / 200 in 146ms (next.js: 12ms, application-code: 134ms)
 GET / 200 in 116ms (next.js: 21ms, application-code: 95ms)
 GET /login 200 in 172ms (next.js: 42ms, application-code: 130ms)
 GET /explore 200 in 117ms (next.js: 13ms, application-code: 104ms)
 GET /login 200 in 153ms (next.js: 2ms, application-code: 151ms)
 GET /login 200 in 153ms (next.js: 29ms, application-code: 124ms)
 GET /login 200 in 131ms (next.js: 1889µs, application-code: 129ms)
 GET /explore 200 in 106ms (next.js: 1756µs, application-code: 105ms)
 GET /login 200 in 128ms (next.js: 2ms, application-code: 125ms)
 GET / 200 in 96ms (next.js: 10ms, application-code: 87ms)
 GET / 200 in 97ms (next.js: 1695µs, application-code: 95ms)
 GET / 200 in 80ms (next.js: 1552µs, application-code: 78ms)
 GET / 200 in 71ms (next.js: 17ms, application-code: 54ms)
 GET / 200 in 71ms (next.js: 24ms, application-code: 48ms)
 GET / 200 in 72ms (next.js: 1694µs, application-code: 70ms)
 GET / 200 in 72ms (next.js: 9ms, application-code: 63ms)
 GET /explore 200 in 97ms (next.js: 11ms, application-code: 86ms)
 GET /login 200 in 159ms (next.js: 1133µs, application-code: 158ms)
 GET / 200 in 148ms (next.js: 1915µs, application-code: 147ms)
 GET /explore 200 in 146ms (next.js: 29ms, application-code: 117ms)
 GET / 200 in 82ms (next.js: 5ms, application-code: 77ms)
 GET / 200 in 80ms (next.js: 14ms, application-code: 66ms)
 GET / 200 in 80ms (next.js: 28ms, application-code: 51ms)
 GET / 200 in 80ms (next.js: 34ms, application-code: 46ms)
 GET / 200 in 80ms (next.js: 22ms, application-code: 58ms)
 GET / 200 in 80ms (next.js: 40ms, application-code: 40ms)
 GET / 200 in 80ms (next.js: 45ms, application-code: 35ms)
 GET /login 200 in 148ms (next.js: 1567µs, application-code: 146ms)
 GET /login 200 in 70ms (next.js: 46ms, application-code: 24ms)
 GET /explore 200 in 14ms (next.js: 1087µs, application-code: 13ms)
 GET / 200 in 14ms (next.js: 7ms, application-code: 7ms)
 GET / 200 in 91ms (next.js: 852µs, application-code: 90ms)
 GET / 200 in 84ms (next.js: 27ms, application-code: 57ms)
 GET / 200 in 85ms (next.js: 1516µs, application-code: 84ms)
 GET / 200 in 86ms (next.js: 16ms, application-code: 70ms)
 GET /explore 200 in 86ms (next.js: 21ms, application-code: 65ms)
 GET / 200 in 86ms (next.js: 34ms, application-code: 52ms)
 GET / 200 in 86ms (next.js: 39ms, application-code: 47ms)
 GET / 200 in 55ms (next.js: 20ms, application-code: 36ms)
 GET /login 200 in 90ms (next.js: 7ms, application-code: 83ms)
 GET / 200 in 30ms (next.js: 13ms, application-code: 17ms)
 GET /explore 200 in 48ms (next.js: 8ms, application-code: 39ms)
 GET /login 200 in 63ms (next.js: 1711µs, application-code: 61ms)
 GET /explore 200 in 53ms (next.js: 10ms, application-code: 42ms)
 GET /login 200 in 56ms (next.js: 4ms, application-code: 52ms)
 GET / 200 in 43ms (next.js: 1327µs, application-code: 41ms)
 GET /explore 200 in 43ms (next.js: 14ms, application-code: 29ms)
 GET /login 200 in 57ms (next.js: 7ms, application-code: 50ms)
 GET / 200 in 34ms (next.js: 1224µs, application-code: 33ms)
 GET /login 200 in 56ms (next.js: 1654µs, application-code: 54ms)
 GET / 200 in 47ms (next.js: 7ms, application-code: 40ms)
 GET /explore 200 in 48ms (next.js: 1154µs, application-code: 46ms)
 GET /explore 200 in 44ms (next.js: 1138µs, application-code: 43ms)
 GET / 200 in 52ms (next.js: 15ms, application-code: 37ms)
 GET /login 200 in 73ms (next.js: 14ms, application-code: 59ms)
 GET /explore 200 in 56ms (next.js: 8ms, application-code: 48ms)
 GET / 200 in 57ms (next.js: 17ms, application-code: 41ms)
 GET /login 200 in 71ms (next.js: 1183µs, application-code: 70ms)
 GET / 200 in 57ms (next.js: 18ms, application-code: 38ms)
 GET /explore 200 in 57ms (next.js: 10ms, application-code: 47ms)
 GET /login 200 in 59ms (next.js: 1194µs, application-code: 58ms)
 GET /explore 200 in 71ms (next.js: 12ms, application-code: 59ms)
 GET /login 200 in 74ms (next.js: 1527µs, application-code: 72ms)
 GET / 200 in 49ms (next.js: 1462µs, application-code: 48ms)
 GET /explore 200 in 60ms (next.js: 19ms, application-code: 41ms)
 GET / 200 in 37ms (next.js: 1176µs, application-code: 35ms)
 GET /login 200 in 71ms (next.js: 9ms, application-code: 62ms)
 GET /explore 200 in 50ms (next.js: 1311µs, application-code: 48ms)
 GET / 200 in 50ms (next.js: 11ms, application-code: 40ms)
 GET /login 200 in 65ms (next.js: 2ms, application-code: 62ms)
 GET / 200 in 45ms (next.js: 9ms, application-code: 37ms)
 GET /login 200 in 73ms (next.js: 9ms, application-code: 64ms)
 GET /explore 200 in 55ms (next.js: 1246µs, application-code: 54ms)
 GET /explore 200 in 72ms (next.js: 12ms, application-code: 60ms)
 GET / 200 in 73ms (next.js: 22ms, application-code: 50ms)
 GET /login 200 in 75ms (next.js: 1340µs, application-code: 73ms)
 GET /explore 200 in 62ms (next.js: 19ms, application-code: 43ms)
 GET / 200 in 46ms (next.js: 11ms, application-code: 35ms)
 GET /login 200 in 73ms (next.js: 1746µs, application-code: 71ms)
 GET /explore 200 in 63ms (next.js: 11ms, application-code: 52ms)
 GET / 200 in 44ms (next.js: 1526µs, application-code: 42ms)
 GET /login 200 in 66ms (next.js: 1743µs, application-code: 64ms)
 GET /explore 200 in 61ms (next.js: 11ms, application-code: 49ms)
 GET / 200 in 47ms (next.js: 1344µs, application-code: 45ms)
 GET /login 200 in 68ms (next.js: 1471µs, application-code: 66ms)
 GET /explore 200 in 77ms (next.js: 11ms, application-code: 66ms)
 GET / 200 in 78ms (next.js: 18ms, application-code: 60ms)
 GET /login 200 in 80ms (next.js: 1270µs, application-code: 79ms)
 GET /explore 200 in 53ms (next.js: 1012µs, application-code: 52ms)
 GET /login 200 in 79ms (next.js: 884µs, application-code: 78ms)
 GET / 200 in 55ms (next.js: 9ms, application-code: 46ms)
 GET /explore 200 in 62ms (next.js: 11ms, application-code: 50ms)
 GET / 200 in 43ms (next.js: 1221µs, application-code: 41ms)
 GET /login 200 in 64ms (next.js: 1402µs, application-code: 63ms)
 GET /explore 200 in 75ms (next.js: 10ms, application-code: 65ms)
 GET / 200 in 58ms (next.js: 1217µs, application-code: 57ms)
 GET /login 200 in 77ms (next.js: 1250µs, application-code: 76ms)
 GET /explore 200 in 78ms (next.js: 11ms, application-code: 67ms)
 GET / 200 in 69ms (next.js: 16ms, application-code: 53ms)
 GET /login 200 in 82ms (next.js: 1390µs, application-code: 80ms)
 GET /explore 200 in 68ms (next.js: 12ms, application-code: 56ms)
 GET / 200 in 58ms (next.js: 10ms, application-code: 48ms)
 GET /login 200 in 70ms (next.js: 1200µs, application-code: 69ms)
 GET /explore 200 in 65ms (next.js: 13ms, application-code: 52ms)
 GET /login 200 in 67ms (next.js: 1839µs, application-code: 65ms)
 GET / 200 in 43ms (next.js: 1055µs, application-code: 42ms)
 GET /explore 200 in 67ms (next.js: 11ms, application-code: 57ms)
 GET / 200 in 51ms (next.js: 1470µs, application-code: 49ms)
 GET /login 200 in 71ms (next.js: 1306µs, application-code: 69ms)
 GET / 200 in 67ms (next.js: 19ms, application-code: 49ms)
 GET /explore 200 in 68ms (next.js: 11ms, application-code: 57ms)
 GET /login 200 in 71ms (next.js: 1227µs, application-code: 70ms)
 GET /explore 200 in 51ms (next.js: 984µs, application-code: 50ms)
 GET /login 200 in 64ms (next.js: 2ms, application-code: 62ms)
 GET / 200 in 52ms (next.js: 9ms, application-code: 42ms)
 GET /explore 200 in 53ms (next.js: 11ms, application-code: 42ms)
 GET /login 200 in 55ms (next.js: 1692µs, application-code: 53ms)
 GET / 200 in 35ms (next.js: 1232µs, application-code: 34ms)
 GET / 200 in 44ms (next.js: 13ms, application-code: 31ms)
 GET /explore 200 in 45ms (next.js: 7ms, application-code: 37ms)
 GET /login 200 in 60ms (next.js: 1164µs, application-code: 59ms)
 GET /explore 200 in 42ms (next.js: 1013µs, application-code: 41ms)
 GET / 200 in 43ms (next.js: 7ms, application-code: 35ms)
 GET /login 200 in 52ms (next.js: 1974µs, application-code: 50ms)
 GET /explore 200 in 28ms (next.js: 15ms, application-code: 13ms)
 GET /login 200 in 28ms (next.js: 1066µs, application-code: 27ms)
 GET / 200 in 7ms (next.js: 780µs, application-code: 6ms)
 GET /explore 200 in 46ms (next.js: 8ms, application-code: 38ms)
 GET / 200 in 33ms (next.js: 955µs, application-code: 33ms)
 GET /explore 200 in 34ms (next.js: 13ms, application-code: 21ms)
 GET /login 200 in 57ms (next.js: 2ms, application-code: 54ms)
 GET /login 200 in 43ms (next.js: 7ms, application-code: 37ms)
 GET / 200 in 30ms (next.js: 1901µs, application-code: 28ms)
 GET /explore 200 in 38ms (next.js: 1822µs, application-code: 37ms)
 GET /login 200 in 49ms (next.js: 1471µs, application-code: 47ms)
 GET / 200 in 33ms (next.js: 1790µs, application-code: 31ms)
 GET / 200 in 27ms (next.js: 7ms, application-code: 20ms)
 GET /explore 200 in 28ms (next.js: 1328µs, application-code: 27ms)
 GET /login 200 in 60ms (next.js: 7ms, application-code: 53ms)
 GET /explore 200 in 44ms (next.js: 2ms, application-code: 42ms)
 GET / 200 in 45ms (next.js: 8ms, application-code: 36ms)
 GET /login 200 in 55ms (next.js: 1652µs, application-code: 53ms)
 GET /explore 200 in 26ms (next.js: 9ms, application-code: 17ms)
 GET / 200 in 45ms (next.js: 15ms, application-code: 31ms)
 GET /login 200 in 47ms (next.js: 1170µs, application-code: 46ms)
 GET /explore 200 in 45ms (next.js: 8ms, application-code: 36ms)
 GET / 200 in 44ms (next.js: 14ms, application-code: 31ms)
 GET /login 200 in 58ms (next.js: 1753µs, application-code: 56ms)
 GET /explore 200 in 47ms (next.js: 8ms, application-code: 39ms)
 GET /login 200 in 49ms (next.js: 1624µs, application-code: 48ms)
 GET / 200 in 36ms (next.js: 961µs, application-code: 35ms)
 GET /explore 200 in 27ms (next.js: 12ms, application-code: 15ms)
 GET /login 200 in 29ms (next.js: 1156µs, application-code: 28ms)
 GET /icon-192x192.png 404 in 169ms (next.js: 25ms, application-code: 144ms)
 GET /icon-192x192.png 404 in 52ms (next.js: 2ms, application-code: 50ms)
 GET /icon-192x192.png 404 in 22ms (next.js: 1374µs, application-code: 20ms)
 GET / 200 in 128ms (next.js: 32ms, application-code: 95ms)
 GET /icon-192x192.png 404 in 25ms (next.js: 2ms, application-code: 22ms)
 GET /login 200 in 276ms (next.js: 10ms, application-code: 267ms)
 GET /icon-192x192.png 404 in 617ms (next.js: 25ms, application-code: 592ms)
 GET / 200 in 42ms (next.js: 11ms, application-code: 31ms)
 GET /icon-192x192.png 404 in 23ms (next.js: 1700µs, application-code: 22ms)
