⚠ Warning: Next.js inferred your workspace root, but it may not be correct.
 We detected multiple lockfiles and selected the directory of /Users/goldy/package-lock.json as the root directory.
 To silence this warning, set `turbopack.root` in your Next.js config, or consider removing one of the lockfiles if it's not needed.
   See https://nextjs.org/docs/app/api-reference/config/next-config-js/turbopack#root-directory for more information.
 Detected additional lockfiles: 
   * /Users/goldy/Desktop/hyperlocal-frontend/package-lock.json

⚠ Warning: Next.js inferred your workspace root, but it may not be correct.
 We detected multiple lockfiles and selected the directory of /Users/goldy/package-lock.json as the root directory.
 To silence this warning, set `turbopack.root` in your Next.js config, or consider removing one of the lockfiles if it's not needed.
   See https://nextjs.org/docs/app/api-reference/config/next-config-js/turbopack#root-directory for more information.
 Detected additional lockfiles: 
   * /Users/goldy/Desktop/hyperlocal-frontend/package-lock.json

⚠ Warning: Next.js inferred your workspace root, but it may not be correct.
 We detected multiple lockfiles and selected the directory of /Users/goldy/package-lock.json as the root directory.
 To silence this warning, set `turbopack.root` in your Next.js config, or consider removing one of the lockfiles if it's not needed.
   See https://nextjs.org/docs/app/api-reference/config/next-config-js/turbopack#root-directory for more information.
 Detected additional lockfiles: 
   * /Users/goldy/Desktop/hyperlocal-frontend/package-lock.json

⚠ Warning: Next.js inferred your workspace root, but it may not be correct.
 We detected multiple lockfiles and selected the directory of /Users/goldy/package-lock.json as the root directory.
 To silence this warning, set `turbopack.root` in your Next.js config, or consider removing one of the lockfiles if it's not needed.
   See https://nextjs.org/docs/app/api-reference/config/next-config-js/turbopack#root-directory for more information.
 Detected additional lockfiles: 
   * /Users/goldy/Desktop/hyperlocal-frontend/package-lock.json

[browser] Failed to fetch items AxiosError: Network Error
    at XMLHttpRequest.handleError (file:///Users/goldy/Desktop/hyperlocal-frontend/.next/dev/static/chunks/0alg_03utpfw._.js:4328:25) (src/app/explore/page.tsx:53:15)
[browser] Failed to fetch items AxiosError: Network Error
    at XMLHttpRequest.handleError (file:///Users/goldy/Desktop/hyperlocal-frontend/.next/dev/static/chunks/0alg_03utpfw._.js:4328:25) (src/app/explore/page.tsx:53:15)
[browser] Failed to fetch items AxiosError: Network Error
    at XMLHttpRequest.handleError (file:///Users/goldy/Desktop/hyperlocal-frontend/.next/dev/static/chunks/0alg_03utpfw._.js:4328:25) (src/app/explore/page.tsx:53:15)
[browser] Failed to fetch items AxiosError: Network Error
    at XMLHttpRequest.handleError (file:///Users/goldy/Desktop/hyperlocal-frontend/.next/dev/static/chunks/0alg_03utpfw._.js:4328:25) (src/app/explore/page.tsx:53:15)
[browser] Failed to fetch items AxiosError: Network Error
    at XMLHttpRequest.handleError (file:///Users/goldy/Desktop/hyperlocal-frontend/.next/dev/static/chunks/0alg_03utpfw._.js:4328:25) (src/app/explore/page.tsx:53:15)
[browser] Failed to fetch items AxiosError: Network Error
    at XMLHttpRequest.handleError (file:///Users/goldy/Desktop/hyperlocal-frontend/.next/dev/static/chunks/0alg_03utpfw._.js:4328:25) (src/app/explore/page.tsx:53:15)
⨯ ./Desktop/hyperlocal-frontend/src/components/layout/Navbar.tsx:5:10
You're importing a module that depends on `useRouter` into a React Server Component module. This API is only available in Client Components. To fix, mark the file (or its parent) with the `"use client"` directive.
    Learn more: https://nextjs.org/docs/app/api-reference/directives/use-client
  [90m3 |[0m [36mimport[0m { [33mButton[0m } [36mfrom[0m [32m"@/components/ui/button"[0m;
  [90m4 |[0m [36mimport[0m { useAuthStore } [36mfrom[0m [32m"@/store/authStore"[0m;
[31m[1m>[0m [90m5 |[0m [36mimport[0m { useRouter } [36mfrom[0m [32m"next/navigation"[0m;
  [90m  |[0m          [31m[1m^^^^^^^^^[0m
  [90m6 |[0m
  [90m7 |[0m [36mexport[0m [36mfunction[0m [33mNavbar[0m() {
  [90m8 |[0m   [36mconst[0m { isAuthenticated, logout } = useAuthStore();

Ecmascript file had an error

Import trace:
  Server Component:
    ./Desktop/hyperlocal-frontend/src/components/layout/Navbar.tsx
    ./Desktop/hyperlocal-frontend/src/app/layout.tsx


⨯ ./Desktop/hyperlocal-frontend/src/components/layout/Navbar.tsx:5:10
You're importing a module that depends on `useRouter` into a React Server Component module. This API is only available in Client Components. To fix, mark the file (or its parent) with the `"use client"` directive.
    Learn more: https://nextjs.org/docs/app/api-reference/directives/use-client
  [90m3 |[0m [36mimport[0m { [33mButton[0m } [36mfrom[0m [32m"@/components/ui/button"[0m;
  [90m4 |[0m [36mimport[0m { useAuthStore } [36mfrom[0m [32m"@/store/authStore"[0m;
[31m[1m>[0m [90m5 |[0m [36mimport[0m { useRouter } [36mfrom[0m [32m"next/navigation"[0m;
  [90m  |[0m          [31m[1m^^^^^^^^^[0m
  [90m6 |[0m
  [90m7 |[0m [36mexport[0m [36mfunction[0m [33mNavbar[0m() {
  [90m8 |[0m   [36mconst[0m { isAuthenticated, logout } = useAuthStore();

Ecmascript file had an error

Import trace:
  Server Component:
    ./Desktop/hyperlocal-frontend/src/components/layout/Navbar.tsx
    ./Desktop/hyperlocal-frontend/src/app/layout.tsx


⨯ ./Desktop/hyperlocal-frontend/src/components/layout/Navbar.tsx:5:10
You're importing a module that depends on `useRouter` into a React Server Component module. This API is only available in Client Components. To fix, mark the file (or its parent) with the `"use client"` directive.
    Learn more: https://nextjs.org/docs/app/api-reference/directives/use-client
  [90m3 |[0m [36mimport[0m { [33mButton[0m } [36mfrom[0m [32m"@/components/ui/button"[0m;
  [90m4 |[0m [36mimport[0m { useAuthStore } [36mfrom[0m [32m"@/store/authStore"[0m;
[31m[1m>[0m [90m5 |[0m [36mimport[0m { useRouter } [36mfrom[0m [32m"next/navigation"[0m;
  [90m  |[0m          [31m[1m^^^^^^^^^[0m
  [90m6 |[0m
  [90m7 |[0m [36mexport[0m [36mfunction[0m [33mNavbar[0m() {
  [90m8 |[0m   [36mconst[0m { isAuthenticated, logout } = useAuthStore();

Ecmascript file had an error

Import trace:
  Server Component:
    ./Desktop/hyperlocal-frontend/src/components/layout/Navbar.tsx
    ./Desktop/hyperlocal-frontend/src/app/layout.tsx


⨯ ./Desktop/hyperlocal-frontend/src/components/layout/Navbar.tsx:5:10
You're importing a module that depends on `useRouter` into a React Server Component module. This API is only available in Client Components. To fix, mark the file (or its parent) with the `"use client"` directive.
    Learn more: https://nextjs.org/docs/app/api-reference/directives/use-client
  [90m3 |[0m [36mimport[0m { [33mButton[0m } [36mfrom[0m [32m"@/components/ui/button"[0m;
  [90m4 |[0m [36mimport[0m { useAuthStore } [36mfrom[0m [32m"@/store/authStore"[0m;
[31m[1m>[0m [90m5 |[0m [36mimport[0m { useRouter } [36mfrom[0m [32m"next/navigation"[0m;
  [90m  |[0m          [31m[1m^^^^^^^^^[0m
  [90m6 |[0m
  [90m7 |[0m [36mexport[0m [36mfunction[0m [33mNavbar[0m() {
  [90m8 |[0m   [36mconst[0m { isAuthenticated, logout } = useAuthStore();

Ecmascript file had an error

Import trace:
  Server Component:
    ./Desktop/hyperlocal-frontend/src/components/layout/Navbar.tsx
    ./Desktop/hyperlocal-frontend/src/app/layout.tsx


⨯ ./Desktop/hyperlocal-frontend/src/components/layout/Navbar.tsx:5:10
You're importing a module that depends on `useRouter` into a React Server Component module. This API is only available in Client Components. To fix, mark the file (or its parent) with the `"use client"` directive.
    Learn more: https://nextjs.org/docs/app/api-reference/directives/use-client
  [90m3 |[0m [36mimport[0m { [33mButton[0m } [36mfrom[0m [32m"@/components/ui/button"[0m;
  [90m4 |[0m [36mimport[0m { useAuthStore } [36mfrom[0m [32m"@/store/authStore"[0m;
[31m[1m>[0m [90m5 |[0m [36mimport[0m { useRouter } [36mfrom[0m [32m"next/navigation"[0m;
  [90m  |[0m          [31m[1m^^^^^^^^^[0m
  [90m6 |[0m
  [90m7 |[0m [36mexport[0m [36mfunction[0m [33mNavbar[0m() {
  [90m8 |[0m   [36mconst[0m { isAuthenticated, logout } = useAuthStore();

Ecmascript file had an error

Import trace:
  Server Component:
    ./Desktop/hyperlocal-frontend/src/components/layout/Navbar.tsx
    ./Desktop/hyperlocal-frontend/src/app/layout.tsx


[browser] Uncaught Error: ./Desktop/hyperlocal-frontend/src/components/layout/Navbar.tsx:5:10
You're importing a module that depends on `useRouter` into a React Server Component module. This API is only available in Client Components. To fix, mark the file (or its parent) with the `"use client"` directive.
    Learn more: https://nextjs.org/docs/app/api-reference/directives/use-client
  3 | import { Button } from "@/components/ui/button";
  4 | import { useAuthStore } from "@/store/authStore";
> 5 | import { useRouter } from "next/navigation";
    |          ^^^^^^^^^
  6 |
  7 | export function Navbar() {
  8 |   const { isAuthenticated, logout } = useAuthStore();

Ecmascript file had an error

Import trace:
  Server Component:
    ./Desktop/hyperlocal-frontend/src/components/layout/Navbar.tsx
    ./Desktop/hyperlocal-frontend/src/app/layout.tsx


    at <unknown> (Error: ./Desktop/hyperlocal-frontend/src/components/layout/Navbar.tsx:5:10)
    at <unknown> (Error: (./Desktop/hyperlocal-frontend/src/components/layout/Navbar.tsx:5:10)
⨯ ./Desktop/hyperlocal-frontend/src/components/layout/Navbar.tsx:5:10
You're importing a module that depends on `useRouter` into a React Server Component module. This API is only available in Client Components. To fix, mark the file (or its parent) with the `"use client"` directive.
    Learn more: https://nextjs.org/docs/app/api-reference/directives/use-client
  [90m3 |[0m [36mimport[0m { [33mButton[0m } [36mfrom[0m [32m"@/components/ui/button"[0m;
  [90m4 |[0m [36mimport[0m { useAuthStore } [36mfrom[0m [32m"@/store/authStore"[0m;
[31m[1m>[0m [90m5 |[0m [36mimport[0m { useRouter } [36mfrom[0m [32m"next/navigation"[0m;
  [90m  |[0m          [31m[1m^^^^^^^^^[0m
  [90m6 |[0m
  [90m7 |[0m [36mexport[0m [36mfunction[0m [33mNavbar[0m() {
  [90m8 |[0m   [36mconst[0m { isAuthenticated, logout } = useAuthStore();

Ecmascript file had an error

Import trace:
  Server Component:
    ./Desktop/hyperlocal-frontend/src/components/layout/Navbar.tsx
    ./Desktop/hyperlocal-frontend/src/app/layout.tsx


⨯ ./Desktop/hyperlocal-frontend/src/components/layout/Navbar.tsx:5:10
You're importing a module that depends on `useRouter` into a React Server Component module. This API is only available in Client Components. To fix, mark the file (or its parent) with the `"use client"` directive.
    Learn more: https://nextjs.org/docs/app/api-reference/directives/use-client
  [90m3 |[0m [36mimport[0m { [33mButton[0m } [36mfrom[0m [32m"@/components/ui/button"[0m;
  [90m4 |[0m [36mimport[0m { useAuthStore } [36mfrom[0m [32m"@/store/authStore"[0m;
[31m[1m>[0m [90m5 |[0m [36mimport[0m { useRouter } [36mfrom[0m [32m"next/navigation"[0m;
  [90m  |[0m          [31m[1m^^^^^^^^^[0m
  [90m6 |[0m
  [90m7 |[0m [36mexport[0m [36mfunction[0m [33mNavbar[0m() {
  [90m8 |[0m   [36mconst[0m { isAuthenticated, logout } = useAuthStore();

Ecmascript file had an error

Import trace:
  Server Component:
    ./Desktop/hyperlocal-frontend/src/components/layout/Navbar.tsx
    ./Desktop/hyperlocal-frontend/src/app/layout.tsx


[browser] Uncaught Error: ./Desktop/hyperlocal-frontend/src/components/layout/Navbar.tsx:5:10
You're importing a module that depends on `useRouter` into a React Server Component module. This API is only available in Client Components. To fix, mark the file (or its parent) with the `"use client"` directive.
    Learn more: https://nextjs.org/docs/app/api-reference/directives/use-client
  3 | import { Button } from "@/components/ui/button";
  4 | import { useAuthStore } from "@/store/authStore";
> 5 | import { useRouter } from "next/navigation";
    |          ^^^^^^^^^
  6 |
  7 | export function Navbar() {
  8 |   const { isAuthenticated, logout } = useAuthStore();

Ecmascript file had an error

Import trace:
  Server Component:
    ./Desktop/hyperlocal-frontend/src/components/layout/Navbar.tsx
    ./Desktop/hyperlocal-frontend/src/app/layout.tsx


    at <unknown> (Error: ./Desktop/hyperlocal-frontend/src/components/layout/Navbar.tsx:5:10)
    at <unknown> (Error: (./Desktop/hyperlocal-frontend/src/components/layout/Navbar.tsx:5:10)
[browser] ./Desktop/hyperlocal-frontend/src/components/layout/Navbar.tsx:5:10
You're importing a module that depends on `useRouter` into a React Server Component module. This API is only available in Client Components. To fix, mark the file (or its parent) with the `"use client"` directive.
    Learn more: https://nextjs.org/docs/app/api-reference/directives/use-client
  3 | import { Button } from "@/components/ui/button";
  4 | import { useAuthStore } from "@/store/authStore";
> 5 | import { useRouter } from "next/navigation";
    |          ^^^^^^^^^
  6 |
  7 | export function Navbar() {
  8 |   const { isAuthenticated, logout } = useAuthStore();

Ecmascript file had an error

Import trace:
  Server Component:
    ./Desktop/hyperlocal-frontend/src/components/layout/Navbar.tsx
    ./Desktop/hyperlocal-frontend/src/app/layout.tsx 
[browser] ./Desktop/hyperlocal-frontend/src/components/layout/Navbar.tsx:5:10
You're importing a module that depends on `useRouter` into a React Server Component module. This API is only available in Client Components. To fix, mark the file (or its parent) with the `"use client"` directive.
    Learn more: https://nextjs.org/docs/app/api-reference/directives/use-client
  3 | import { Button } from "@/components/ui/button";
  4 | import { useAuthStore } from "@/store/authStore";
> 5 | import { useRouter } from "next/navigation";
    |          ^^^^^^^^^
  6 |
  7 | export function Navbar() {
  8 |   const { isAuthenticated, logout } = useAuthStore();

Ecmascript file had an error

Import trace:
  Server Component:
    ./Desktop/hyperlocal-frontend/src/components/layout/Navbar.tsx
    ./Desktop/hyperlocal-frontend/src/app/layout.tsx 
[browser] ./Desktop/hyperlocal-frontend/src/components/layout/Navbar.tsx:5:10
You're importing a module that depends on `useRouter` into a React Server Component module. This API is only available in Client Components. To fix, mark the file (or its parent) with the `"use client"` directive.
    Learn more: https://nextjs.org/docs/app/api-reference/directives/use-client
  3 | import { Button } from "@/components/ui/button";
  4 | import { useAuthStore } from "@/store/authStore";
> 5 | import { useRouter } from "next/navigation";
    |          ^^^^^^^^^
  6 |
  7 | export function Navbar() {
  8 |   const { isAuthenticated, logout } = useAuthStore();

Ecmascript file had an error

Import trace:
  Server Component:
    ./Desktop/hyperlocal-frontend/src/components/layout/Navbar.tsx
    ./Desktop/hyperlocal-frontend/src/app/layout.tsx 
[browser] ./Desktop/hyperlocal-frontend/src/components/layout/Navbar.tsx:5:10
You're importing a module that depends on `useRouter` into a React Server Component module. This API is only available in Client Components. To fix, mark the file (or its parent) with the `"use client"` directive.
    Learn more: https://nextjs.org/docs/app/api-reference/directives/use-client
  3 | import { Button } from "@/components/ui/button";
  4 | import { useAuthStore } from "@/store/authStore";
> 5 | import { useRouter } from "next/navigation";
    |          ^^^^^^^^^
  6 |
  7 | export function Navbar() {
  8 |   const { isAuthenticated, logout } = useAuthStore();

Ecmascript file had an error

Import trace:
  Server Component:
    ./Desktop/hyperlocal-frontend/src/components/layout/Navbar.tsx
    ./Desktop/hyperlocal-frontend/src/app/layout.tsx 
[browser] ./Desktop/hyperlocal-frontend/src/components/layout/Navbar.tsx:5:10
You're importing a module that depends on `useRouter` into a React Server Component module. This API is only available in Client Components. To fix, mark the file (or its parent) with the `"use client"` directive.
    Learn more: https://nextjs.org/docs/app/api-reference/directives/use-client
  3 | import { Button } from "@/components/ui/button";
  4 | import { useAuthStore } from "@/store/authStore";
> 5 | import { useRouter } from "next/navigation";
    |          ^^^^^^^^^
  6 |
  7 | export function Navbar() {
  8 |   const { isAuthenticated, logout } = useAuthStore();

Ecmascript file had an error

Import trace:
  Server Component:
    ./Desktop/hyperlocal-frontend/src/components/layout/Navbar.tsx
    ./Desktop/hyperlocal-frontend/src/app/layout.tsx 
[browser] ./Desktop/hyperlocal-frontend/src/components/layout/Navbar.tsx:5:10
You're importing a module that depends on `useRouter` into a React Server Component module. This API is only available in Client Components. To fix, mark the file (or its parent) with the `"use client"` directive.
    Learn more: https://nextjs.org/docs/app/api-reference/directives/use-client
  3 | import { Button } from "@/components/ui/button";
  4 | import { useAuthStore } from "@/store/authStore";
> 5 | import { useRouter } from "next/navigation";
    |          ^^^^^^^^^
  6 |
  7 | export function Navbar() {
  8 |   const { isAuthenticated, logout } = useAuthStore();

Ecmascript file had an error

Import trace:
  Server Component:
    ./Desktop/hyperlocal-frontend/src/components/layout/Navbar.tsx
    ./Desktop/hyperlocal-frontend/src/app/layout.tsx 
[browser] ./Desktop/hyperlocal-frontend/src/components/layout/Navbar.tsx:5:10
You're importing a module that depends on `useRouter` into a React Server Component module. This API is only available in Client Components. To fix, mark the file (or its parent) with the `"use client"` directive.
    Learn more: https://nextjs.org/docs/app/api-reference/directives/use-client
  3 | import { Button } from "@/components/ui/button";
  4 | import { useAuthStore } from "@/store/authStore";
> 5 | import { useRouter } from "next/navigation";
    |          ^^^^^^^^^
  6 |
  7 | export function Navbar() {
  8 |   const { isAuthenticated, logout } = useAuthStore();

Ecmascript file had an error

Import trace:
  Server Component:
    ./Desktop/hyperlocal-frontend/src/components/layout/Navbar.tsx
    ./Desktop/hyperlocal-frontend/src/app/layout.tsx 
⨯ ./Desktop/hyperlocal-frontend/src/components/layout/Navbar.tsx:5:10
You're importing a module that depends on `useRouter` into a React Server Component module. This API is only available in Client Components. To fix, mark the file (or its parent) with the `"use client"` directive.
    Learn more: https://nextjs.org/docs/app/api-reference/directives/use-client
  [90m3 |[0m [36mimport[0m { [33mButton[0m } [36mfrom[0m [32m"@/components/ui/button"[0m;
  [90m4 |[0m [36mimport[0m { useAuthStore } [36mfrom[0m [32m"@/store/authStore"[0m;
[31m[1m>[0m [90m5 |[0m [36mimport[0m { useRouter } [36mfrom[0m [32m"next/navigation"[0m;
  [90m  |[0m          [31m[1m^^^^^^^^^[0m
  [90m6 |[0m
  [90m7 |[0m [36mexport[0m [36mfunction[0m [33mNavbar[0m() {
  [90m8 |[0m   [36mconst[0m { isAuthenticated, logout } = useAuthStore();

Ecmascript file had an error

Import trace:
  Server Component:
    ./Desktop/hyperlocal-frontend/src/components/layout/Navbar.tsx
    ./Desktop/hyperlocal-frontend/src/app/layout.tsx


[browser] Uncaught Error: ./Desktop/hyperlocal-frontend/src/components/layout/Navbar.tsx:5:10
You're importing a module that depends on `useRouter` into a React Server Component module. This API is only available in Client Components. To fix, mark the file (or its parent) with the `"use client"` directive.
    Learn more: https://nextjs.org/docs/app/api-reference/directives/use-client
  3 | import { Button } from "@/components/ui/button";
  4 | import { useAuthStore } from "@/store/authStore";
> 5 | import { useRouter } from "next/navigation";
    |          ^^^^^^^^^
  6 |
  7 | export function Navbar() {
  8 |   const { isAuthenticated, logout } = useAuthStore();

Ecmascript file had an error

Import trace:
  Server Component:
    ./Desktop/hyperlocal-frontend/src/components/layout/Navbar.tsx
    ./Desktop/hyperlocal-frontend/src/app/layout.tsx


    at <unknown> (Error: ./Desktop/hyperlocal-frontend/src/components/layout/Navbar.tsx:5:10)
    at <unknown> (Error: (./Desktop/hyperlocal-frontend/src/components/layout/Navbar.tsx:5:10)
[browser] ./Desktop/hyperlocal-frontend/src/components/layout/Navbar.tsx:5:10
You're importing a module that depends on `useRouter` into a React Server Component module. This API is only available in Client Components. To fix, mark the file (or its parent) with the `"use client"` directive.
    Learn more: https://nextjs.org/docs/app/api-reference/directives/use-client
  3 | import { Button } from "@/components/ui/button";
  4 | import { useAuthStore } from "@/store/authStore";
> 5 | import { useRouter } from "next/navigation";
    |          ^^^^^^^^^
  6 |
  7 | export function Navbar() {
  8 |   const { isAuthenticated, logout } = useAuthStore();

Ecmascript file had an error

Import trace:
  Server Component:
    ./Desktop/hyperlocal-frontend/src/components/layout/Navbar.tsx
    ./Desktop/hyperlocal-frontend/src/app/layout.tsx 
[browser] ./Desktop/hyperlocal-frontend/src/components/layout/Navbar.tsx:5:10
You're importing a module that depends on `useRouter` into a React Server Component module. This API is only available in Client Components. To fix, mark the file (or its parent) with the `"use client"` directive.
    Learn more: https://nextjs.org/docs/app/api-reference/directives/use-client
  3 | import { Button } from "@/components/ui/button";
  4 | import { useAuthStore } from "@/store/authStore";
> 5 | import { useRouter } from "next/navigation";
    |          ^^^^^^^^^
  6 |
  7 | export function Navbar() {
  8 |   const { isAuthenticated, logout } = useAuthStore();

Ecmascript file had an error

Import trace:
  Server Component:
    ./Desktop/hyperlocal-frontend/src/components/layout/Navbar.tsx
    ./Desktop/hyperlocal-frontend/src/app/layout.tsx 
[browser] ./Desktop/hyperlocal-frontend/src/components/layout/Navbar.tsx:5:10
You're importing a module that depends on `useRouter` into a React Server Component module. This API is only available in Client Components. To fix, mark the file (or its parent) with the `"use client"` directive.
    Learn more: https://nextjs.org/docs/app/api-reference/directives/use-client
  3 | import { Button } from "@/components/ui/button";
  4 | import { useAuthStore } from "@/store/authStore";
> 5 | import { useRouter } from "next/navigation";
    |          ^^^^^^^^^
  6 |
  7 | export function Navbar() {
  8 |   const { isAuthenticated, logout } = useAuthStore();

Ecmascript file had an error

Import trace:
  Server Component:
    ./Desktop/hyperlocal-frontend/src/components/layout/Navbar.tsx
    ./Desktop/hyperlocal-frontend/src/app/layout.tsx 
[browser] ./Desktop/hyperlocal-frontend/src/components/layout/Navbar.tsx:5:10
You're importing a module that depends on `useRouter` into a React Server Component module. This API is only available in Client Components. To fix, mark the file (or its parent) with the `"use client"` directive.
    Learn more: https://nextjs.org/docs/app/api-reference/directives/use-client
  3 | import { Button } from "@/components/ui/button";
  4 | import { useAuthStore } from "@/store/authStore";
> 5 | import { useRouter } from "next/navigation";
    |          ^^^^^^^^^
  6 |
  7 | export function Navbar() {
  8 |   const { isAuthenticated, logout } = useAuthStore();

Ecmascript file had an error

Import trace:
  Server Component:
    ./Desktop/hyperlocal-frontend/src/components/layout/Navbar.tsx
    ./Desktop/hyperlocal-frontend/src/app/layout.tsx 
[browser] ./Desktop/hyperlocal-frontend/src/components/layout/Navbar.tsx:5:10
You're importing a module that depends on `useRouter` into a React Server Component module. This API is only available in Client Components. To fix, mark the file (or its parent) with the `"use client"` directive.
    Learn more: https://nextjs.org/docs/app/api-reference/directives/use-client
  3 | import { Button } from "@/components/ui/button";
  4 | import { useAuthStore } from "@/store/authStore";
> 5 | import { useRouter } from "next/navigation";
    |          ^^^^^^^^^
  6 |
  7 | export function Navbar() {
  8 |   const { isAuthenticated, logout } = useAuthStore();

Ecmascript file had an error

Import trace:
  Server Component:
    ./Desktop/hyperlocal-frontend/src/components/layout/Navbar.tsx
    ./Desktop/hyperlocal-frontend/src/app/layout.tsx 
[browser] ./Desktop/hyperlocal-frontend/src/components/layout/Navbar.tsx:5:10
You're importing a module that depends on `useRouter` into a React Server Component module. This API is only available in Client Components. To fix, mark the file (or its parent) with the `"use client"` directive.
    Learn more: https://nextjs.org/docs/app/api-reference/directives/use-client
  3 | import { Button } from "@/components/ui/button";
  4 | import { useAuthStore } from "@/store/authStore";
> 5 | import { useRouter } from "next/navigation";
    |          ^^^^^^^^^
  6 |
  7 | export function Navbar() {
  8 |   const { isAuthenticated, logout } = useAuthStore();

Ecmascript file had an error

Import trace:
  Server Component:
    ./Desktop/hyperlocal-frontend/src/components/layout/Navbar.tsx
    ./Desktop/hyperlocal-frontend/src/app/layout.tsx 
⨯ ./Desktop/hyperlocal-frontend/src/components/layout/Navbar.tsx:5:10
You're importing a module that depends on `useRouter` into a React Server Component module. This API is only available in Client Components. To fix, mark the file (or its parent) with the `"use client"` directive.
    Learn more: https://nextjs.org/docs/app/api-reference/directives/use-client
  [90m3 |[0m [36mimport[0m { [33mButton[0m } [36mfrom[0m [32m"@/components/ui/button"[0m;
  [90m4 |[0m [36mimport[0m { useAuthStore } [36mfrom[0m [32m"@/store/authStore"[0m;
[31m[1m>[0m [90m5 |[0m [36mimport[0m { useRouter } [36mfrom[0m [32m"next/navigation"[0m;
  [90m  |[0m          [31m[1m^^^^^^^^^[0m
  [90m6 |[0m
  [90m7 |[0m [36mexport[0m [36mfunction[0m [33mNavbar[0m() {
  [90m8 |[0m   [36mconst[0m { isAuthenticated, logout } = useAuthStore();

Ecmascript file had an error

Import trace:
  Server Component:
    ./Desktop/hyperlocal-frontend/src/components/layout/Navbar.tsx
    ./Desktop/hyperlocal-frontend/src/app/layout.tsx


[browser] ./Desktop/hyperlocal-frontend/src/components/layout/Navbar.tsx:5:10
You're importing a module that depends on `useRouter` into a React Server Component module. This API is only available in Client Components. To fix, mark the file (or its parent) with the `"use client"` directive.
    Learn more: https://nextjs.org/docs/app/api-reference/directives/use-client
  3 | import { Button } from "@/components/ui/button";
  4 | import { useAuthStore } from "@/store/authStore";
> 5 | import { useRouter } from "next/navigation";
    |          ^^^^^^^^^
  6 |
  7 | export function Navbar() {
  8 |   const { isAuthenticated, logout } = useAuthStore();

Ecmascript file had an error

Import trace:
  Server Component:
    ./Desktop/hyperlocal-frontend/src/components/layout/Navbar.tsx
    ./Desktop/hyperlocal-frontend/src/app/layout.tsx 
⨯ ./Desktop/hyperlocal-frontend/src/components/layout/Navbar.tsx:5:10
You're importing a module that depends on `useRouter` into a React Server Component module. This API is only available in Client Components. To fix, mark the file (or its parent) with the `"use client"` directive.
    Learn more: https://nextjs.org/docs/app/api-reference/directives/use-client
  [90m3 |[0m [36mimport[0m { [33mButton[0m } [36mfrom[0m [32m"@/components/ui/button"[0m;
  [90m4 |[0m [36mimport[0m { useAuthStore } [36mfrom[0m [32m"@/store/authStore"[0m;
[31m[1m>[0m [90m5 |[0m [36mimport[0m { useRouter } [36mfrom[0m [32m"next/navigation"[0m;
  [90m  |[0m          [31m[1m^^^^^^^^^[0m
  [90m6 |[0m
  [90m7 |[0m [36mexport[0m [36mfunction[0m [33mNavbar[0m() {
  [90m8 |[0m   [36mconst[0m { isAuthenticated, logout } = useAuthStore();

Ecmascript file had an error

Import trace:
  Server Component:
    ./Desktop/hyperlocal-frontend/src/components/layout/Navbar.tsx
    ./Desktop/hyperlocal-frontend/src/app/layout.tsx


[browser] Uncaught Error: ./Desktop/hyperlocal-frontend/src/components/layout/Navbar.tsx:5:10
You're importing a module that depends on `useRouter` into a React Server Component module. This API is only available in Client Components. To fix, mark the file (or its parent) with the `"use client"` directive.
    Learn more: https://nextjs.org/docs/app/api-reference/directives/use-client
  3 | import { Button } from "@/components/ui/button";
  4 | import { useAuthStore } from "@/store/authStore";
> 5 | import { useRouter } from "next/navigation";
    |          ^^^^^^^^^
  6 |
  7 | export function Navbar() {
  8 |   const { isAuthenticated, logout } = useAuthStore();

Ecmascript file had an error

Import trace:
  Server Component:
    ./Desktop/hyperlocal-frontend/src/components/layout/Navbar.tsx
    ./Desktop/hyperlocal-frontend/src/app/layout.tsx


    at <unknown> (Error: ./Desktop/hyperlocal-frontend/src/components/layout/Navbar.tsx:5:10)
    at <unknown> (Error: (./Desktop/hyperlocal-frontend/src/components/layout/Navbar.tsx:5:10)
[browser] ./Desktop/hyperlocal-frontend/src/components/layout/Navbar.tsx:5:10
You're importing a module that depends on `useRouter` into a React Server Component module. This API is only available in Client Components. To fix, mark the file (or its parent) with the `"use client"` directive.
    Learn more: https://nextjs.org/docs/app/api-reference/directives/use-client
  3 | import { Button } from "@/components/ui/button";
  4 | import { useAuthStore } from "@/store/authStore";
> 5 | import { useRouter } from "next/navigation";
    |          ^^^^^^^^^
  6 |
  7 | export function Navbar() {
  8 |   const { isAuthenticated, logout } = useAuthStore();

Ecmascript file had an error

Import trace:
  Server Component:
    ./Desktop/hyperlocal-frontend/src/components/layout/Navbar.tsx
    ./Desktop/hyperlocal-frontend/src/app/layout.tsx 
[browser] ./Desktop/hyperlocal-frontend/src/components/layout/Navbar.tsx:5:10
You're importing a module that depends on `useRouter` into a React Server Component module. This API is only available in Client Components. To fix, mark the file (or its parent) with the `"use client"` directive.
    Learn more: https://nextjs.org/docs/app/api-reference/directives/use-client
  3 | import { Button } from "@/components/ui/button";
  4 | import { useAuthStore } from "@/store/authStore";
> 5 | import { useRouter } from "next/navigation";
    |          ^^^^^^^^^
  6 |
  7 | export function Navbar() {
  8 |   const { isAuthenticated, logout } = useAuthStore();

Ecmascript file had an error

Import trace:
  Server Component:
    ./Desktop/hyperlocal-frontend/src/components/layout/Navbar.tsx
    ./Desktop/hyperlocal-frontend/src/app/layout.tsx 
[browser] ./Desktop/hyperlocal-frontend/src/components/layout/Navbar.tsx:5:10
You're importing a module that depends on `useRouter` into a React Server Component module. This API is only available in Client Components. To fix, mark the file (or its parent) with the `"use client"` directive.
    Learn more: https://nextjs.org/docs/app/api-reference/directives/use-client
  3 | import { Button } from "@/components/ui/button";
  4 | import { useAuthStore } from "@/store/authStore";
> 5 | import { useRouter } from "next/navigation";
    |          ^^^^^^^^^
  6 |
  7 | export function Navbar() {
  8 |   const { isAuthenticated, logout } = useAuthStore();

Ecmascript file had an error

Import trace:
  Server Component:
    ./Desktop/hyperlocal-frontend/src/components/layout/Navbar.tsx
    ./Desktop/hyperlocal-frontend/src/app/layout.tsx 
[browser] ./Desktop/hyperlocal-frontend/src/components/layout/Navbar.tsx:5:10
You're importing a module that depends on `useRouter` into a React Server Component module. This API is only available in Client Components. To fix, mark the file (or its parent) with the `"use client"` directive.
    Learn more: https://nextjs.org/docs/app/api-reference/directives/use-client
  3 | import { Button } from "@/components/ui/button";
  4 | import { useAuthStore } from "@/store/authStore";
> 5 | import { useRouter } from "next/navigation";
    |          ^^^^^^^^^
  6 |
  7 | export function Navbar() {
  8 |   const { isAuthenticated, logout } = useAuthStore();

Ecmascript file had an error

Import trace:
  Server Component:
    ./Desktop/hyperlocal-frontend/src/components/layout/Navbar.tsx
    ./Desktop/hyperlocal-frontend/src/app/layout.tsx 
[browser] ./Desktop/hyperlocal-frontend/src/components/layout/Navbar.tsx:5:10
You're importing a module that depends on `useRouter` into a React Server Component module. This API is only available in Client Components. To fix, mark the file (or its parent) with the `"use client"` directive.
    Learn more: https://nextjs.org/docs/app/api-reference/directives/use-client
  3 | import { Button } from "@/components/ui/button";
  4 | import { useAuthStore } from "@/store/authStore";
> 5 | import { useRouter } from "next/navigation";
    |          ^^^^^^^^^
  6 |
  7 | export function Navbar() {
  8 |   const { isAuthenticated, logout } = useAuthStore();

Ecmascript file had an error

Import trace:
  Server Component:
    ./Desktop/hyperlocal-frontend/src/components/layout/Navbar.tsx
    ./Desktop/hyperlocal-frontend/src/app/layout.tsx 
[browser] ./Desktop/hyperlocal-frontend/src/components/layout/Navbar.tsx:5:10
You're importing a module that depends on `useRouter` into a React Server Component module. This API is only available in Client Components. To fix, mark the file (or its parent) with the `"use client"` directive.
    Learn more: https://nextjs.org/docs/app/api-reference/directives/use-client
  3 | import { Button } from "@/components/ui/button";
  4 | import { useAuthStore } from "@/store/authStore";
> 5 | import { useRouter } from "next/navigation";
    |          ^^^^^^^^^
  6 |
  7 | export function Navbar() {
  8 |   const { isAuthenticated, logout } = useAuthStore();

Ecmascript file had an error

Import trace:
  Server Component:
    ./Desktop/hyperlocal-frontend/src/components/layout/Navbar.tsx
    ./Desktop/hyperlocal-frontend/src/app/layout.tsx 
⨯ ./Desktop/hyperlocal-frontend/src/components/layout/Navbar.tsx:5:10
You're importing a module that depends on `useRouter` into a React Server Component module. This API is only available in Client Components. To fix, mark the file (or its parent) with the `"use client"` directive.
    Learn more: https://nextjs.org/docs/app/api-reference/directives/use-client
  [90m3 |[0m [36mimport[0m { [33mButton[0m } [36mfrom[0m [32m"@/components/ui/button"[0m;
  [90m4 |[0m [36mimport[0m { useAuthStore } [36mfrom[0m [32m"@/store/authStore"[0m;
[31m[1m>[0m [90m5 |[0m [36mimport[0m { useRouter } [36mfrom[0m [32m"next/navigation"[0m;
  [90m  |[0m          [31m[1m^^^^^^^^^[0m
  [90m6 |[0m
  [90m7 |[0m [36mexport[0m [36mfunction[0m [33mNavbar[0m() {
  [90m8 |[0m   [36mconst[0m { isAuthenticated, logout } = useAuthStore();

Ecmascript file had an error

Import trace:
  Server Component:
    ./Desktop/hyperlocal-frontend/src/components/layout/Navbar.tsx
    ./Desktop/hyperlocal-frontend/src/app/layout.tsx


[browser] Uncaught Error: ./Desktop/hyperlocal-frontend/src/components/layout/Navbar.tsx:5:10
You're importing a module that depends on `useRouter` into a React Server Component module. This API is only available in Client Components. To fix, mark the file (or its parent) with the `"use client"` directive.
    Learn more: https://nextjs.org/docs/app/api-reference/directives/use-client
  3 | import { Button } from "@/components/ui/button";
  4 | import { useAuthStore } from "@/store/authStore";
> 5 | import { useRouter } from "next/navigation";
    |          ^^^^^^^^^
  6 |
  7 | export function Navbar() {
  8 |   const { isAuthenticated, logout } = useAuthStore();

Ecmascript file had an error

Import trace:
  Server Component:
    ./Desktop/hyperlocal-frontend/src/components/layout/Navbar.tsx
    ./Desktop/hyperlocal-frontend/src/app/layout.tsx


    at <unknown> (Error: ./Desktop/hyperlocal-frontend/src/components/layout/Navbar.tsx:5:10)
    at <unknown> (Error: (./Desktop/hyperlocal-frontend/src/components/layout/Navbar.tsx:5:10)
[browser] ./Desktop/hyperlocal-frontend/src/components/layout/Navbar.tsx:5:10
You're importing a module that depends on `useRouter` into a React Server Component module. This API is only available in Client Components. To fix, mark the file (or its parent) with the `"use client"` directive.
    Learn more: https://nextjs.org/docs/app/api-reference/directives/use-client
  3 | import { Button } from "@/components/ui/button";
  4 | import { useAuthStore } from "@/store/authStore";
> 5 | import { useRouter } from "next/navigation";
    |          ^^^^^^^^^
  6 |
  7 | export function Navbar() {
  8 |   const { isAuthenticated, logout } = useAuthStore();

Ecmascript file had an error

Import trace:
  Server Component:
    ./Desktop/hyperlocal-frontend/src/components/layout/Navbar.tsx
    ./Desktop/hyperlocal-frontend/src/app/layout.tsx 
[browser] ./Desktop/hyperlocal-frontend/src/components/layout/Navbar.tsx:5:10
You're importing a module that depends on `useRouter` into a React Server Component module. This API is only available in Client Components. To fix, mark the file (or its parent) with the `"use client"` directive.
    Learn more: https://nextjs.org/docs/app/api-reference/directives/use-client
  3 | import { Button } from "@/components/ui/button";
  4 | import { useAuthStore } from "@/store/authStore";
> 5 | import { useRouter } from "next/navigation";
    |          ^^^^^^^^^
  6 |
  7 | export function Navbar() {
  8 |   const { isAuthenticated, logout } = useAuthStore();

Ecmascript file had an error

Import trace:
  Server Component:
    ./Desktop/hyperlocal-frontend/src/components/layout/Navbar.tsx
    ./Desktop/hyperlocal-frontend/src/app/layout.tsx 
[browser] ./Desktop/hyperlocal-frontend/src/components/layout/Navbar.tsx:5:10
You're importing a module that depends on `useRouter` into a React Server Component module. This API is only available in Client Components. To fix, mark the file (or its parent) with the `"use client"` directive.
    Learn more: https://nextjs.org/docs/app/api-reference/directives/use-client
  3 | import { Button } from "@/components/ui/button";
  4 | import { useAuthStore } from "@/store/authStore";
> 5 | import { useRouter } from "next/navigation";
    |          ^^^^^^^^^
  6 |
  7 | export function Navbar() {
  8 |   const { isAuthenticated, logout } = useAuthStore();

Ecmascript file had an error

Import trace:
  Server Component:
    ./Desktop/hyperlocal-frontend/src/components/layout/Navbar.tsx
    ./Desktop/hyperlocal-frontend/src/app/layout.tsx 
[browser] ./Desktop/hyperlocal-frontend/src/components/layout/Navbar.tsx:5:10
You're importing a module that depends on `useRouter` into a React Server Component module. This API is only available in Client Components. To fix, mark the file (or its parent) with the `"use client"` directive.
    Learn more: https://nextjs.org/docs/app/api-reference/directives/use-client
  3 | import { Button } from "@/components/ui/button";
  4 | import { useAuthStore } from "@/store/authStore";
> 5 | import { useRouter } from "next/navigation";
    |          ^^^^^^^^^
  6 |
  7 | export function Navbar() {
  8 |   const { isAuthenticated, logout } = useAuthStore();

Ecmascript file had an error

Import trace:
  Server Component:
    ./Desktop/hyperlocal-frontend/src/components/layout/Navbar.tsx
    ./Desktop/hyperlocal-frontend/src/app/layout.tsx 
[browser] ./Desktop/hyperlocal-frontend/src/components/layout/Navbar.tsx:5:10
You're importing a module that depends on `useRouter` into a React Server Component module. This API is only available in Client Components. To fix, mark the file (or its parent) with the `"use client"` directive.
    Learn more: https://nextjs.org/docs/app/api-reference/directives/use-client
  3 | import { Button } from "@/components/ui/button";
  4 | import { useAuthStore } from "@/store/authStore";
> 5 | import { useRouter } from "next/navigation";
    |          ^^^^^^^^^
  6 |
  7 | export function Navbar() {
  8 |   const { isAuthenticated, logout } = useAuthStore();

Ecmascript file had an error

Import trace:
  Server Component:
    ./Desktop/hyperlocal-frontend/src/components/layout/Navbar.tsx
    ./Desktop/hyperlocal-frontend/src/app/layout.tsx 
[browser] ./Desktop/hyperlocal-frontend/src/components/layout/Navbar.tsx:5:10
You're importing a module that depends on `useRouter` into a React Server Component module. This API is only available in Client Components. To fix, mark the file (or its parent) with the `"use client"` directive.
    Learn more: https://nextjs.org/docs/app/api-reference/directives/use-client
  3 | import { Button } from "@/components/ui/button";
  4 | import { useAuthStore } from "@/store/authStore";
> 5 | import { useRouter } from "next/navigation";
    |          ^^^^^^^^^
  6 |
  7 | export function Navbar() {
  8 |   const { isAuthenticated, logout } = useAuthStore();

Ecmascript file had an error

Import trace:
  Server Component:
    ./Desktop/hyperlocal-frontend/src/components/layout/Navbar.tsx
    ./Desktop/hyperlocal-frontend/src/app/layout.tsx 
⨯ ./Desktop/hyperlocal-frontend/src/components/layout/Navbar.tsx:5:10
You're importing a module that depends on `useRouter` into a React Server Component module. This API is only available in Client Components. To fix, mark the file (or its parent) with the `"use client"` directive.
    Learn more: https://nextjs.org/docs/app/api-reference/directives/use-client
  [90m3 |[0m [36mimport[0m { [33mButton[0m } [36mfrom[0m [32m"@/components/ui/button"[0m;
  [90m4 |[0m [36mimport[0m { useAuthStore } [36mfrom[0m [32m"@/store/authStore"[0m;
[31m[1m>[0m [90m5 |[0m [36mimport[0m { useRouter } [36mfrom[0m [32m"next/navigation"[0m;
  [90m  |[0m          [31m[1m^^^^^^^^^[0m
  [90m6 |[0m
  [90m7 |[0m [36mexport[0m [36mfunction[0m [33mNavbar[0m() {
  [90m8 |[0m   [36mconst[0m { isAuthenticated, logout } = useAuthStore();

Ecmascript file had an error

Import trace:
  Server Component:
    ./Desktop/hyperlocal-frontend/src/components/layout/Navbar.tsx
    ./Desktop/hyperlocal-frontend/src/app/layout.tsx


[browser] Uncaught Error: ./Desktop/hyperlocal-frontend/src/components/layout/Navbar.tsx:5:10
You're importing a module that depends on `useRouter` into a React Server Component module. This API is only available in Client Components. To fix, mark the file (or its parent) with the `"use client"` directive.
    Learn more: https://nextjs.org/docs/app/api-reference/directives/use-client
  3 | import { Button } from "@/components/ui/button";
  4 | import { useAuthStore } from "@/store/authStore";
> 5 | import { useRouter } from "next/navigation";
    |          ^^^^^^^^^
  6 |
  7 | export function Navbar() {
  8 |   const { isAuthenticated, logout } = useAuthStore();

Ecmascript file had an error

Import trace:
  Server Component:
    ./Desktop/hyperlocal-frontend/src/components/layout/Navbar.tsx
    ./Desktop/hyperlocal-frontend/src/app/layout.tsx


    at <unknown> (Error: ./Desktop/hyperlocal-frontend/src/components/layout/Navbar.tsx:5:10)
    at <unknown> (Error: (./Desktop/hyperlocal-frontend/src/components/layout/Navbar.tsx:5:10)
[browser] ./Desktop/hyperlocal-frontend/src/components/layout/Navbar.tsx:5:10
You're importing a module that depends on `useRouter` into a React Server Component module. This API is only available in Client Components. To fix, mark the file (or its parent) with the `"use client"` directive.
    Learn more: https://nextjs.org/docs/app/api-reference/directives/use-client
  3 | import { Button } from "@/components/ui/button";
  4 | import { useAuthStore } from "@/store/authStore";
> 5 | import { useRouter } from "next/navigation";
    |          ^^^^^^^^^
  6 |
  7 | export function Navbar() {
  8 |   const { isAuthenticated, logout } = useAuthStore();

Ecmascript file had an error

Import trace:
  Server Component:
    ./Desktop/hyperlocal-frontend/src/components/layout/Navbar.tsx
    ./Desktop/hyperlocal-frontend/src/app/layout.tsx 
[browser] ./Desktop/hyperlocal-frontend/src/components/layout/Navbar.tsx:5:10
You're importing a module that depends on `useRouter` into a React Server Component module. This API is only available in Client Components. To fix, mark the file (or its parent) with the `"use client"` directive.
    Learn more: https://nextjs.org/docs/app/api-reference/directives/use-client
  3 | import { Button } from "@/components/ui/button";
  4 | import { useAuthStore } from "@/store/authStore";
> 5 | import { useRouter } from "next/navigation";
    |          ^^^^^^^^^
  6 |
  7 | export function Navbar() {
  8 |   const { isAuthenticated, logout } = useAuthStore();

Ecmascript file had an error

Import trace:
  Server Component:
    ./Desktop/hyperlocal-frontend/src/components/layout/Navbar.tsx
    ./Desktop/hyperlocal-frontend/src/app/layout.tsx 
[browser] ./Desktop/hyperlocal-frontend/src/components/layout/Navbar.tsx:5:10
You're importing a module that depends on `useRouter` into a React Server Component module. This API is only available in Client Components. To fix, mark the file (or its parent) with the `"use client"` directive.
    Learn more: https://nextjs.org/docs/app/api-reference/directives/use-client
  3 | import { Button } from "@/components/ui/button";
  4 | import { useAuthStore } from "@/store/authStore";
> 5 | import { useRouter } from "next/navigation";
    |          ^^^^^^^^^
  6 |
  7 | export function Navbar() {
  8 |   const { isAuthenticated, logout } = useAuthStore();

Ecmascript file had an error

Import trace:
  Server Component:
    ./Desktop/hyperlocal-frontend/src/components/layout/Navbar.tsx
    ./Desktop/hyperlocal-frontend/src/app/layout.tsx 
[browser] ./Desktop/hyperlocal-frontend/src/components/layout/Navbar.tsx:5:10
You're importing a module that depends on `useRouter` into a React Server Component module. This API is only available in Client Components. To fix, mark the file (or its parent) with the `"use client"` directive.
    Learn more: https://nextjs.org/docs/app/api-reference/directives/use-client
  3 | import { Button } from "@/components/ui/button";
  4 | import { useAuthStore } from "@/store/authStore";
> 5 | import { useRouter } from "next/navigation";
    |          ^^^^^^^^^
  6 |
  7 | export function Navbar() {
  8 |   const { isAuthenticated, logout } = useAuthStore();

Ecmascript file had an error

Import trace:
  Server Component:
    ./Desktop/hyperlocal-frontend/src/components/layout/Navbar.tsx
    ./Desktop/hyperlocal-frontend/src/app/layout.tsx 
[browser] ./Desktop/hyperlocal-frontend/src/components/layout/Navbar.tsx:5:10
You're importing a module that depends on `useRouter` into a React Server Component module. This API is only available in Client Components. To fix, mark the file (or its parent) with the `"use client"` directive.
    Learn more: https://nextjs.org/docs/app/api-reference/directives/use-client
  3 | import { Button } from "@/components/ui/button";
  4 | import { useAuthStore } from "@/store/authStore";
> 5 | import { useRouter } from "next/navigation";
    |          ^^^^^^^^^
  6 |
  7 | export function Navbar() {
  8 |   const { isAuthenticated, logout } = useAuthStore();

Ecmascript file had an error

Import trace:
  Server Component:
    ./Desktop/hyperlocal-frontend/src/components/layout/Navbar.tsx
    ./Desktop/hyperlocal-frontend/src/app/layout.tsx 
[browser] ./Desktop/hyperlocal-frontend/src/components/layout/Navbar.tsx:5:10
You're importing a module that depends on `useRouter` into a React Server Component module. This API is only available in Client Components. To fix, mark the file (or its parent) with the `"use client"` directive.
    Learn more: https://nextjs.org/docs/app/api-reference/directives/use-client
  3 | import { Button } from "@/components/ui/button";
  4 | import { useAuthStore } from "@/store/authStore";
> 5 | import { useRouter } from "next/navigation";
    |          ^^^^^^^^^
  6 |
  7 | export function Navbar() {
  8 |   const { isAuthenticated, logout } = useAuthStore();

Ecmascript file had an error

Import trace:
  Server Component:
    ./Desktop/hyperlocal-frontend/src/components/layout/Navbar.tsx
    ./Desktop/hyperlocal-frontend/src/app/layout.tsx 
⨯ ./Desktop/hyperlocal-frontend/src/components/layout/Navbar.tsx:5:10
You're importing a module that depends on `useRouter` into a React Server Component module. This API is only available in Client Components. To fix, mark the file (or its parent) with the `"use client"` directive.
    Learn more: https://nextjs.org/docs/app/api-reference/directives/use-client
  [90m3 |[0m [36mimport[0m { [33mButton[0m } [36mfrom[0m [32m"@/components/ui/button"[0m;
  [90m4 |[0m [36mimport[0m { useAuthStore } [36mfrom[0m [32m"@/store/authStore"[0m;
[31m[1m>[0m [90m5 |[0m [36mimport[0m { useRouter } [36mfrom[0m [32m"next/navigation"[0m;
  [90m  |[0m          [31m[1m^^^^^^^^^[0m
  [90m6 |[0m
  [90m7 |[0m [36mexport[0m [36mfunction[0m [33mNavbar[0m() {
  [90m8 |[0m   [36mconst[0m { isAuthenticated, logout } = useAuthStore();

Ecmascript file had an error

Import trace:
  Server Component:
    ./Desktop/hyperlocal-frontend/src/components/layout/Navbar.tsx
    ./Desktop/hyperlocal-frontend/src/app/layout.tsx


[browser] Uncaught Error: ./Desktop/hyperlocal-frontend/src/components/layout/Navbar.tsx:5:10
You're importing a module that depends on `useRouter` into a React Server Component module. This API is only available in Client Components. To fix, mark the file (or its parent) with the `"use client"` directive.
    Learn more: https://nextjs.org/docs/app/api-reference/directives/use-client
  3 | import { Button } from "@/components/ui/button";
  4 | import { useAuthStore } from "@/store/authStore";
> 5 | import { useRouter } from "next/navigation";
    |          ^^^^^^^^^
  6 |
  7 | export function Navbar() {
  8 |   const { isAuthenticated, logout } = useAuthStore();

Ecmascript file had an error

Import trace:
  Server Component:
    ./Desktop/hyperlocal-frontend/src/components/layout/Navbar.tsx
    ./Desktop/hyperlocal-frontend/src/app/layout.tsx


    at <unknown> (Error: ./Desktop/hyperlocal-frontend/src/components/layout/Navbar.tsx:5:10)
    at <unknown> (Error: (./Desktop/hyperlocal-frontend/src/components/layout/Navbar.tsx:5:10)
[browser] ./Desktop/hyperlocal-frontend/src/components/layout/Navbar.tsx:5:10
You're importing a module that depends on `useRouter` into a React Server Component module. This API is only available in Client Components. To fix, mark the file (or its parent) with the `"use client"` directive.
    Learn more: https://nextjs.org/docs/app/api-reference/directives/use-client
  3 | import { Button } from "@/components/ui/button";
  4 | import { useAuthStore } from "@/store/authStore";
> 5 | import { useRouter } from "next/navigation";
    |          ^^^^^^^^^
  6 |
  7 | export function Navbar() {
  8 |   const { isAuthenticated, logout } = useAuthStore();

Ecmascript file had an error

Import trace:
  Server Component:
    ./Desktop/hyperlocal-frontend/src/components/layout/Navbar.tsx
    ./Desktop/hyperlocal-frontend/src/app/layout.tsx 
[browser] ./Desktop/hyperlocal-frontend/src/components/layout/Navbar.tsx:5:10
You're importing a module that depends on `useRouter` into a React Server Component module. This API is only available in Client Components. To fix, mark the file (or its parent) with the `"use client"` directive.
    Learn more: https://nextjs.org/docs/app/api-reference/directives/use-client
  3 | import { Button } from "@/components/ui/button";
  4 | import { useAuthStore } from "@/store/authStore";
> 5 | import { useRouter } from "next/navigation";
    |          ^^^^^^^^^
  6 |
  7 | export function Navbar() {
  8 |   const { isAuthenticated, logout } = useAuthStore();

Ecmascript file had an error

Import trace:
  Server Component:
    ./Desktop/hyperlocal-frontend/src/components/layout/Navbar.tsx
    ./Desktop/hyperlocal-frontend/src/app/layout.tsx 
[browser] ./Desktop/hyperlocal-frontend/src/components/layout/Navbar.tsx:5:10
You're importing a module that depends on `useRouter` into a React Server Component module. This API is only available in Client Components. To fix, mark the file (or its parent) with the `"use client"` directive.
    Learn more: https://nextjs.org/docs/app/api-reference/directives/use-client
  3 | import { Button } from "@/components/ui/button";
  4 | import { useAuthStore } from "@/store/authStore";
> 5 | import { useRouter } from "next/navigation";
    |          ^^^^^^^^^
  6 |
  7 | export function Navbar() {
  8 |   const { isAuthenticated, logout } = useAuthStore();

Ecmascript file had an error

Import trace:
  Server Component:
    ./Desktop/hyperlocal-frontend/src/components/layout/Navbar.tsx
    ./Desktop/hyperlocal-frontend/src/app/layout.tsx 
[browser] ./Desktop/hyperlocal-frontend/src/components/layout/Navbar.tsx:5:10
You're importing a module that depends on `useRouter` into a React Server Component module. This API is only available in Client Components. To fix, mark the file (or its parent) with the `"use client"` directive.
    Learn more: https://nextjs.org/docs/app/api-reference/directives/use-client
  3 | import { Button } from "@/components/ui/button";
  4 | import { useAuthStore } from "@/store/authStore";
> 5 | import { useRouter } from "next/navigation";
    |          ^^^^^^^^^
  6 |
  7 | export function Navbar() {
  8 |   const { isAuthenticated, logout } = useAuthStore();

Ecmascript file had an error

Import trace:
  Server Component:
    ./Desktop/hyperlocal-frontend/src/components/layout/Navbar.tsx
    ./Desktop/hyperlocal-frontend/src/app/layout.tsx 
[browser] ./Desktop/hyperlocal-frontend/src/components/layout/Navbar.tsx:5:10
You're importing a module that depends on `useRouter` into a React Server Component module. This API is only available in Client Components. To fix, mark the file (or its parent) with the `"use client"` directive.
    Learn more: https://nextjs.org/docs/app/api-reference/directives/use-client
  3 | import { Button } from "@/components/ui/button";
  4 | import { useAuthStore } from "@/store/authStore";
> 5 | import { useRouter } from "next/navigation";
    |          ^^^^^^^^^
  6 |
  7 | export function Navbar() {
  8 |   const { isAuthenticated, logout } = useAuthStore();

Ecmascript file had an error

Import trace:
  Server Component:
    ./Desktop/hyperlocal-frontend/src/components/layout/Navbar.tsx
    ./Desktop/hyperlocal-frontend/src/app/layout.tsx 
[browser] ./Desktop/hyperlocal-frontend/src/components/layout/Navbar.tsx:5:10
You're importing a module that depends on `useRouter` into a React Server Component module. This API is only available in Client Components. To fix, mark the file (or its parent) with the `"use client"` directive.
    Learn more: https://nextjs.org/docs/app/api-reference/directives/use-client
  3 | import { Button } from "@/components/ui/button";
  4 | import { useAuthStore } from "@/store/authStore";
> 5 | import { useRouter } from "next/navigation";
    |          ^^^^^^^^^
  6 |
  7 | export function Navbar() {
  8 |   const { isAuthenticated, logout } = useAuthStore();

Ecmascript file had an error

Import trace:
  Server Component:
    ./Desktop/hyperlocal-frontend/src/components/layout/Navbar.tsx
    ./Desktop/hyperlocal-frontend/src/app/layout.tsx 
⨯ ./Desktop/hyperlocal-frontend/src/components/layout/Navbar.tsx:5:10
You're importing a module that depends on `useRouter` into a React Server Component module. This API is only available in Client Components. To fix, mark the file (or its parent) with the `"use client"` directive.
    Learn more: https://nextjs.org/docs/app/api-reference/directives/use-client
  [90m3 |[0m [36mimport[0m { [33mButton[0m } [36mfrom[0m [32m"@/components/ui/button"[0m;
  [90m4 |[0m [36mimport[0m { useAuthStore } [36mfrom[0m [32m"@/store/authStore"[0m;
[31m[1m>[0m [90m5 |[0m [36mimport[0m { useRouter } [36mfrom[0m [32m"next/navigation"[0m;
  [90m  |[0m          [31m[1m^^^^^^^^^[0m
  [90m6 |[0m
  [90m7 |[0m [36mexport[0m [36mfunction[0m [33mNavbar[0m() {
  [90m8 |[0m   [36mconst[0m { isAuthenticated, logout } = useAuthStore();

Ecmascript file had an error

Import trace:
  Server Component:
    ./Desktop/hyperlocal-frontend/src/components/layout/Navbar.tsx
    ./Desktop/hyperlocal-frontend/src/app/layout.tsx


[browser] Uncaught Error: ./Desktop/hyperlocal-frontend/src/components/layout/Navbar.tsx:5:10
You're importing a module that depends on `useRouter` into a React Server Component module. This API is only available in Client Components. To fix, mark the file (or its parent) with the `"use client"` directive.
    Learn more: https://nextjs.org/docs/app/api-reference/directives/use-client
  3 | import { Button } from "@/components/ui/button";
  4 | import { useAuthStore } from "@/store/authStore";
> 5 | import { useRouter } from "next/navigation";
    |          ^^^^^^^^^
  6 |
  7 | export function Navbar() {
  8 |   const { isAuthenticated, logout } = useAuthStore();

Ecmascript file had an error

Import trace:
  Server Component:
    ./Desktop/hyperlocal-frontend/src/components/layout/Navbar.tsx
    ./Desktop/hyperlocal-frontend/src/app/layout.tsx


    at <unknown> (Error: ./Desktop/hyperlocal-frontend/src/components/layout/Navbar.tsx:5:10)
    at <unknown> (Error: (./Desktop/hyperlocal-frontend/src/components/layout/Navbar.tsx:5:10)
[browser] ./Desktop/hyperlocal-frontend/src/components/layout/Navbar.tsx:5:10
You're importing a module that depends on `useRouter` into a React Server Component module. This API is only available in Client Components. To fix, mark the file (or its parent) with the `"use client"` directive.
    Learn more: https://nextjs.org/docs/app/api-reference/directives/use-client
  3 | import { Button } from "@/components/ui/button";
  4 | import { useAuthStore } from "@/store/authStore";
> 5 | import { useRouter } from "next/navigation";
    |          ^^^^^^^^^
  6 |
  7 | export function Navbar() {
  8 |   const { isAuthenticated, logout } = useAuthStore();

Ecmascript file had an error

Import trace:
  Server Component:
    ./Desktop/hyperlocal-frontend/src/components/layout/Navbar.tsx
    ./Desktop/hyperlocal-frontend/src/app/layout.tsx 
[browser] ./Desktop/hyperlocal-frontend/src/components/layout/Navbar.tsx:5:10
You're importing a module that depends on `useRouter` into a React Server Component module. This API is only available in Client Components. To fix, mark the file (or its parent) with the `"use client"` directive.
    Learn more: https://nextjs.org/docs/app/api-reference/directives/use-client
  3 | import { Button } from "@/components/ui/button";
  4 | import { useAuthStore } from "@/store/authStore";
> 5 | import { useRouter } from "next/navigation";
    |          ^^^^^^^^^
  6 |
  7 | export function Navbar() {
  8 |   const { isAuthenticated, logout } = useAuthStore();

Ecmascript file had an error

Import trace:
  Server Component:
    ./Desktop/hyperlocal-frontend/src/components/layout/Navbar.tsx
    ./Desktop/hyperlocal-frontend/src/app/layout.tsx 
[browser] ./Desktop/hyperlocal-frontend/src/components/layout/Navbar.tsx:5:10
You're importing a module that depends on `useRouter` into a React Server Component module. This API is only available in Client Components. To fix, mark the file (or its parent) with the `"use client"` directive.
    Learn more: https://nextjs.org/docs/app/api-reference/directives/use-client
  3 | import { Button } from "@/components/ui/button";
  4 | import { useAuthStore } from "@/store/authStore";
> 5 | import { useRouter } from "next/navigation";
    |          ^^^^^^^^^
  6 |
  7 | export function Navbar() {
  8 |   const { isAuthenticated, logout } = useAuthStore();

Ecmascript file had an error

Import trace:
  Server Component:
    ./Desktop/hyperlocal-frontend/src/components/layout/Navbar.tsx
    ./Desktop/hyperlocal-frontend/src/app/layout.tsx 
[browser] ./Desktop/hyperlocal-frontend/src/components/layout/Navbar.tsx:5:10
You're importing a module that depends on `useRouter` into a React Server Component module. This API is only available in Client Components. To fix, mark the file (or its parent) with the `"use client"` directive.
    Learn more: https://nextjs.org/docs/app/api-reference/directives/use-client
  3 | import { Button } from "@/components/ui/button";
  4 | import { useAuthStore } from "@/store/authStore";
> 5 | import { useRouter } from "next/navigation";
    |          ^^^^^^^^^
  6 |
  7 | export function Navbar() {
  8 |   const { isAuthenticated, logout } = useAuthStore();

Ecmascript file had an error

Import trace:
  Server Component:
    ./Desktop/hyperlocal-frontend/src/components/layout/Navbar.tsx
    ./Desktop/hyperlocal-frontend/src/app/layout.tsx 
[browser] ./Desktop/hyperlocal-frontend/src/components/layout/Navbar.tsx:5:10
You're importing a module that depends on `useRouter` into a React Server Component module. This API is only available in Client Components. To fix, mark the file (or its parent) with the `"use client"` directive.
    Learn more: https://nextjs.org/docs/app/api-reference/directives/use-client
  3 | import { Button } from "@/components/ui/button";
  4 | import { useAuthStore } from "@/store/authStore";
> 5 | import { useRouter } from "next/navigation";
    |          ^^^^^^^^^
  6 |
  7 | export function Navbar() {
  8 |   const { isAuthenticated, logout } = useAuthStore();

Ecmascript file had an error

Import trace:
  Server Component:
    ./Desktop/hyperlocal-frontend/src/components/layout/Navbar.tsx
    ./Desktop/hyperlocal-frontend/src/app/layout.tsx 
[browser] ./Desktop/hyperlocal-frontend/src/components/layout/Navbar.tsx:5:10
You're importing a module that depends on `useRouter` into a React Server Component module. This API is only available in Client Components. To fix, mark the file (or its parent) with the `"use client"` directive.
    Learn more: https://nextjs.org/docs/app/api-reference/directives/use-client
  3 | import { Button } from "@/components/ui/button";
  4 | import { useAuthStore } from "@/store/authStore";
> 5 | import { useRouter } from "next/navigation";
    |          ^^^^^^^^^
  6 |
  7 | export function Navbar() {
  8 |   const { isAuthenticated, logout } = useAuthStore();

Ecmascript file had an error

Import trace:
  Server Component:
    ./Desktop/hyperlocal-frontend/src/components/layout/Navbar.tsx
    ./Desktop/hyperlocal-frontend/src/app/layout.tsx 
⨯ ./Desktop/hyperlocal-frontend/src/components/layout/Navbar.tsx:5:10
You're importing a module that depends on `useRouter` into a React Server Component module. This API is only available in Client Components. To fix, mark the file (or its parent) with the `"use client"` directive.
    Learn more: https://nextjs.org/docs/app/api-reference/directives/use-client
  [90m3 |[0m [36mimport[0m { [33mButton[0m } [36mfrom[0m [32m"@/components/ui/button"[0m;
  [90m4 |[0m [36mimport[0m { useAuthStore } [36mfrom[0m [32m"@/store/authStore"[0m;
[31m[1m>[0m [90m5 |[0m [36mimport[0m { useRouter } [36mfrom[0m [32m"next/navigation"[0m;
  [90m  |[0m          [31m[1m^^^^^^^^^[0m
  [90m6 |[0m
  [90m7 |[0m [36mexport[0m [36mfunction[0m [33mNavbar[0m() {
  [90m8 |[0m   [36mconst[0m { isAuthenticated, logout } = useAuthStore();

Ecmascript file had an error

Import trace:
  Server Component:
    ./Desktop/hyperlocal-frontend/src/components/layout/Navbar.tsx
    ./Desktop/hyperlocal-frontend/src/app/layout.tsx


[browser] Uncaught Error: ./Desktop/hyperlocal-frontend/src/components/layout/Navbar.tsx:5:10
You're importing a module that depends on `useRouter` into a React Server Component module. This API is only available in Client Components. To fix, mark the file (or its parent) with the `"use client"` directive.
    Learn more: https://nextjs.org/docs/app/api-reference/directives/use-client
  3 | import { Button } from "@/components/ui/button";
  4 | import { useAuthStore } from "@/store/authStore";
> 5 | import { useRouter } from "next/navigation";
    |          ^^^^^^^^^
  6 |
  7 | export function Navbar() {
  8 |   const { isAuthenticated, logout } = useAuthStore();

Ecmascript file had an error

Import trace:
  Server Component:
    ./Desktop/hyperlocal-frontend/src/components/layout/Navbar.tsx
    ./Desktop/hyperlocal-frontend/src/app/layout.tsx


    at <unknown> (Error: ./Desktop/hyperlocal-frontend/src/components/layout/Navbar.tsx:5:10)
    at <unknown> (Error: (./Desktop/hyperlocal-frontend/src/components/layout/Navbar.tsx:5:10)
[browser] ./Desktop/hyperlocal-frontend/src/components/layout/Navbar.tsx:5:10
You're importing a module that depends on `useRouter` into a React Server Component module. This API is only available in Client Components. To fix, mark the file (or its parent) with the `"use client"` directive.
    Learn more: https://nextjs.org/docs/app/api-reference/directives/use-client
  3 | import { Button } from "@/components/ui/button";
  4 | import { useAuthStore } from "@/store/authStore";
> 5 | import { useRouter } from "next/navigation";
    |          ^^^^^^^^^
  6 |
  7 | export function Navbar() {
  8 |   const { isAuthenticated, logout } = useAuthStore();

Ecmascript file had an error

Import trace:
  Server Component:
    ./Desktop/hyperlocal-frontend/src/components/layout/Navbar.tsx
    ./Desktop/hyperlocal-frontend/src/app/layout.tsx 
[browser] ./Desktop/hyperlocal-frontend/src/components/layout/Navbar.tsx:5:10
You're importing a module that depends on `useRouter` into a React Server Component module. This API is only available in Client Components. To fix, mark the file (or its parent) with the `"use client"` directive.
    Learn more: https://nextjs.org/docs/app/api-reference/directives/use-client
  3 | import { Button } from "@/components/ui/button";
  4 | import { useAuthStore } from "@/store/authStore";
> 5 | import { useRouter } from "next/navigation";
    |          ^^^^^^^^^
  6 |
  7 | export function Navbar() {
  8 |   const { isAuthenticated, logout } = useAuthStore();

Ecmascript file had an error

Import trace:
  Server Component:
    ./Desktop/hyperlocal-frontend/src/components/layout/Navbar.tsx
    ./Desktop/hyperlocal-frontend/src/app/layout.tsx 
[browser] ./Desktop/hyperlocal-frontend/src/components/layout/Navbar.tsx:5:10
You're importing a module that depends on `useRouter` into a React Server Component module. This API is only available in Client Components. To fix, mark the file (or its parent) with the `"use client"` directive.
    Learn more: https://nextjs.org/docs/app/api-reference/directives/use-client
  3 | import { Button } from "@/components/ui/button";
  4 | import { useAuthStore } from "@/store/authStore";
> 5 | import { useRouter } from "next/navigation";
    |          ^^^^^^^^^
  6 |
  7 | export function Navbar() {
  8 |   const { isAuthenticated, logout } = useAuthStore();

Ecmascript file had an error

Import trace:
  Server Component:
    ./Desktop/hyperlocal-frontend/src/components/layout/Navbar.tsx
    ./Desktop/hyperlocal-frontend/src/app/layout.tsx 
[browser] ./Desktop/hyperlocal-frontend/src/components/layout/Navbar.tsx:5:10
You're importing a module that depends on `useRouter` into a React Server Component module. This API is only available in Client Components. To fix, mark the file (or its parent) with the `"use client"` directive.
    Learn more: https://nextjs.org/docs/app/api-reference/directives/use-client
  3 | import { Button } from "@/components/ui/button";
  4 | import { useAuthStore } from "@/store/authStore";
> 5 | import { useRouter } from "next/navigation";
    |          ^^^^^^^^^
  6 |
  7 | export function Navbar() {
  8 |   const { isAuthenticated, logout } = useAuthStore();

Ecmascript file had an error

Import trace:
  Server Component:
    ./Desktop/hyperlocal-frontend/src/components/layout/Navbar.tsx
    ./Desktop/hyperlocal-frontend/src/app/layout.tsx 
[browser] ./Desktop/hyperlocal-frontend/src/components/layout/Navbar.tsx:5:10
You're importing a module that depends on `useRouter` into a React Server Component module. This API is only available in Client Components. To fix, mark the file (or its parent) with the `"use client"` directive.
    Learn more: https://nextjs.org/docs/app/api-reference/directives/use-client
  3 | import { Button } from "@/components/ui/button";
  4 | import { useAuthStore } from "@/store/authStore";
> 5 | import { useRouter } from "next/navigation";
    |          ^^^^^^^^^
  6 |
  7 | export function Navbar() {
  8 |   const { isAuthenticated, logout } = useAuthStore();

Ecmascript file had an error

Import trace:
  Server Component:
    ./Desktop/hyperlocal-frontend/src/components/layout/Navbar.tsx
    ./Desktop/hyperlocal-frontend/src/app/layout.tsx 
[browser] ./Desktop/hyperlocal-frontend/src/components/layout/Navbar.tsx:5:10
You're importing a module that depends on `useRouter` into a React Server Component module. This API is only available in Client Components. To fix, mark the file (or its parent) with the `"use client"` directive.
    Learn more: https://nextjs.org/docs/app/api-reference/directives/use-client
  3 | import { Button } from "@/components/ui/button";
  4 | import { useAuthStore } from "@/store/authStore";
> 5 | import { useRouter } from "next/navigation";
    |          ^^^^^^^^^
  6 |
  7 | export function Navbar() {
  8 |   const { isAuthenticated, logout } = useAuthStore();

Ecmascript file had an error

Import trace:
  Server Component:
    ./Desktop/hyperlocal-frontend/src/components/layout/Navbar.tsx
    ./Desktop/hyperlocal-frontend/src/app/layout.tsx 
⨯ ./Desktop/hyperlocal-frontend/src/components/layout/Navbar.tsx:5:10
You're importing a module that depends on `useRouter` into a React Server Component module. This API is only available in Client Components. To fix, mark the file (or its parent) with the `"use client"` directive.
    Learn more: https://nextjs.org/docs/app/api-reference/directives/use-client
  [90m3 |[0m [36mimport[0m { [33mButton[0m } [36mfrom[0m [32m"@/components/ui/button"[0m;
  [90m4 |[0m [36mimport[0m { useAuthStore } [36mfrom[0m [32m"@/store/authStore"[0m;
[31m[1m>[0m [90m5 |[0m [36mimport[0m { useRouter } [36mfrom[0m [32m"next/navigation"[0m;
  [90m  |[0m          [31m[1m^^^^^^^^^[0m
  [90m6 |[0m
  [90m7 |[0m [36mexport[0m [36mfunction[0m [33mNavbar[0m() {
  [90m8 |[0m   [36mconst[0m { isAuthenticated, logout } = useAuthStore();

Ecmascript file had an error

Import trace:
  Server Component:
    ./Desktop/hyperlocal-frontend/src/components/layout/Navbar.tsx
    ./Desktop/hyperlocal-frontend/src/app/layout.tsx


[browser] Uncaught Error: ./Desktop/hyperlocal-frontend/src/components/layout/Navbar.tsx:5:10
You're importing a module that depends on `useRouter` into a React Server Component module. This API is only available in Client Components. To fix, mark the file (or its parent) with the `"use client"` directive.
    Learn more: https://nextjs.org/docs/app/api-reference/directives/use-client
  3 | import { Button } from "@/components/ui/button";
  4 | import { useAuthStore } from "@/store/authStore";
> 5 | import { useRouter } from "next/navigation";
    |          ^^^^^^^^^
  6 |
  7 | export function Navbar() {
  8 |   const { isAuthenticated, logout } = useAuthStore();

Ecmascript file had an error

Import trace:
  Server Component:
    ./Desktop/hyperlocal-frontend/src/components/layout/Navbar.tsx
    ./Desktop/hyperlocal-frontend/src/app/layout.tsx


    at <unknown> (Error: ./Desktop/hyperlocal-frontend/src/components/layout/Navbar.tsx:5:10)
    at <unknown> (Error: (./Desktop/hyperlocal-frontend/src/components/layout/Navbar.tsx:5:10)
[browser] ./Desktop/hyperlocal-frontend/src/components/layout/Navbar.tsx:5:10
You're importing a module that depends on `useRouter` into a React Server Component module. This API is only available in Client Components. To fix, mark the file (or its parent) with the `"use client"` directive.
    Learn more: https://nextjs.org/docs/app/api-reference/directives/use-client
  3 | import { Button } from "@/components/ui/button";
  4 | import { useAuthStore } from "@/store/authStore";
> 5 | import { useRouter } from "next/navigation";
    |          ^^^^^^^^^
  6 |
  7 | export function Navbar() {
  8 |   const { isAuthenticated, logout } = useAuthStore();

Ecmascript file had an error

Import trace:
  Server Component:
    ./Desktop/hyperlocal-frontend/src/components/layout/Navbar.tsx
    ./Desktop/hyperlocal-frontend/src/app/layout.tsx 
[browser] ./Desktop/hyperlocal-frontend/src/components/layout/Navbar.tsx:5:10
You're importing a module that depends on `useRouter` into a React Server Component module. This API is only available in Client Components. To fix, mark the file (or its parent) with the `"use client"` directive.
    Learn more: https://nextjs.org/docs/app/api-reference/directives/use-client
  3 | import { Button } from "@/components/ui/button";
  4 | import { useAuthStore } from "@/store/authStore";
> 5 | import { useRouter } from "next/navigation";
    |          ^^^^^^^^^
  6 |
  7 | export function Navbar() {
  8 |   const { isAuthenticated, logout } = useAuthStore();

Ecmascript file had an error

Import trace:
  Server Component:
    ./Desktop/hyperlocal-frontend/src/components/layout/Navbar.tsx
    ./Desktop/hyperlocal-frontend/src/app/layout.tsx 
[browser] ./Desktop/hyperlocal-frontend/src/components/layout/Navbar.tsx:5:10
You're importing a module that depends on `useRouter` into a React Server Component module. This API is only available in Client Components. To fix, mark the file (or its parent) with the `"use client"` directive.
    Learn more: https://nextjs.org/docs/app/api-reference/directives/use-client
  3 | import { Button } from "@/components/ui/button";
  4 | import { useAuthStore } from "@/store/authStore";
> 5 | import { useRouter } from "next/navigation";
    |          ^^^^^^^^^
  6 |
  7 | export function Navbar() {
  8 |   const { isAuthenticated, logout } = useAuthStore();

Ecmascript file had an error

Import trace:
  Server Component:
    ./Desktop/hyperlocal-frontend/src/components/layout/Navbar.tsx
    ./Desktop/hyperlocal-frontend/src/app/layout.tsx 
[browser] ./Desktop/hyperlocal-frontend/src/components/layout/Navbar.tsx:5:10
You're importing a module that depends on `useRouter` into a React Server Component module. This API is only available in Client Components. To fix, mark the file (or its parent) with the `"use client"` directive.
    Learn more: https://nextjs.org/docs/app/api-reference/directives/use-client
  3 | import { Button } from "@/components/ui/button";
  4 | import { useAuthStore } from "@/store/authStore";
> 5 | import { useRouter } from "next/navigation";
    |          ^^^^^^^^^
  6 |
  7 | export function Navbar() {
  8 |   const { isAuthenticated, logout } = useAuthStore();

Ecmascript file had an error

Import trace:
  Server Component:
    ./Desktop/hyperlocal-frontend/src/components/layout/Navbar.tsx
    ./Desktop/hyperlocal-frontend/src/app/layout.tsx 
[browser] ./Desktop/hyperlocal-frontend/src/components/layout/Navbar.tsx:5:10
You're importing a module that depends on `useRouter` into a React Server Component module. This API is only available in Client Components. To fix, mark the file (or its parent) with the `"use client"` directive.
    Learn more: https://nextjs.org/docs/app/api-reference/directives/use-client
  3 | import { Button } from "@/components/ui/button";
  4 | import { useAuthStore } from "@/store/authStore";
> 5 | import { useRouter } from "next/navigation";
    |          ^^^^^^^^^
  6 |
  7 | export function Navbar() {
  8 |   const { isAuthenticated, logout } = useAuthStore();

Ecmascript file had an error

Import trace:
  Server Component:
    ./Desktop/hyperlocal-frontend/src/components/layout/Navbar.tsx
    ./Desktop/hyperlocal-frontend/src/app/layout.tsx 
[browser] ./Desktop/hyperlocal-frontend/src/components/layout/Navbar.tsx:5:10
You're importing a module that depends on `useRouter` into a React Server Component module. This API is only available in Client Components. To fix, mark the file (or its parent) with the `"use client"` directive.
    Learn more: https://nextjs.org/docs/app/api-reference/directives/use-client
  3 | import { Button } from "@/components/ui/button";
  4 | import { useAuthStore } from "@/store/authStore";
> 5 | import { useRouter } from "next/navigation";
    |          ^^^^^^^^^
  6 |
  7 | export function Navbar() {
  8 |   const { isAuthenticated, logout } = useAuthStore();

Ecmascript file had an error

Import trace:
  Server Component:
    ./Desktop/hyperlocal-frontend/src/components/layout/Navbar.tsx
    ./Desktop/hyperlocal-frontend/src/app/layout.tsx 
⨯ ./Desktop/hyperlocal-frontend/src/components/layout/Navbar.tsx:5:10
You're importing a module that depends on `useRouter` into a React Server Component module. This API is only available in Client Components. To fix, mark the file (or its parent) with the `"use client"` directive.
    Learn more: https://nextjs.org/docs/app/api-reference/directives/use-client
  [90m3 |[0m [36mimport[0m { [33mButton[0m } [36mfrom[0m [32m"@/components/ui/button"[0m;
  [90m4 |[0m [36mimport[0m { useAuthStore } [36mfrom[0m [32m"@/store/authStore"[0m;
[31m[1m>[0m [90m5 |[0m [36mimport[0m { useRouter } [36mfrom[0m [32m"next/navigation"[0m;
  [90m  |[0m          [31m[1m^^^^^^^^^[0m
  [90m6 |[0m
  [90m7 |[0m [36mexport[0m [36mfunction[0m [33mNavbar[0m() {
  [90m8 |[0m   [36mconst[0m { isAuthenticated, logout } = useAuthStore();

Ecmascript file had an error

Import trace:
  Server Component:
    ./Desktop/hyperlocal-frontend/src/components/layout/Navbar.tsx
    ./Desktop/hyperlocal-frontend/src/app/layout.tsx


[browser] Uncaught Error: ./Desktop/hyperlocal-frontend/src/components/layout/Navbar.tsx:5:10
You're importing a module that depends on `useRouter` into a React Server Component module. This API is only available in Client Components. To fix, mark the file (or its parent) with the `"use client"` directive.
    Learn more: https://nextjs.org/docs/app/api-reference/directives/use-client
  3 | import { Button } from "@/components/ui/button";
  4 | import { useAuthStore } from "@/store/authStore";
> 5 | import { useRouter } from "next/navigation";
    |          ^^^^^^^^^
  6 |
  7 | export function Navbar() {
  8 |   const { isAuthenticated, logout } = useAuthStore();

Ecmascript file had an error

Import trace:
  Server Component:
    ./Desktop/hyperlocal-frontend/src/components/layout/Navbar.tsx
    ./Desktop/hyperlocal-frontend/src/app/layout.tsx


    at <unknown> (Error: ./Desktop/hyperlocal-frontend/src/components/layout/Navbar.tsx:5:10)
    at <unknown> (Error: (./Desktop/hyperlocal-frontend/src/components/layout/Navbar.tsx:5:10)
[browser] ./Desktop/hyperlocal-frontend/src/components/layout/Navbar.tsx:5:10
You're importing a module that depends on `useRouter` into a React Server Component module. This API is only available in Client Components. To fix, mark the file (or its parent) with the `"use client"` directive.
    Learn more: https://nextjs.org/docs/app/api-reference/directives/use-client
  3 | import { Button } from "@/components/ui/button";
  4 | import { useAuthStore } from "@/store/authStore";
> 5 | import { useRouter } from "next/navigation";
    |          ^^^^^^^^^
  6 |
  7 | export function Navbar() {
  8 |   const { isAuthenticated, logout } = useAuthStore();

Ecmascript file had an error

Import trace:
  Server Component:
    ./Desktop/hyperlocal-frontend/src/components/layout/Navbar.tsx
    ./Desktop/hyperlocal-frontend/src/app/layout.tsx 
[browser] ./Desktop/hyperlocal-frontend/src/components/layout/Navbar.tsx:5:10
You're importing a module that depends on `useRouter` into a React Server Component module. This API is only available in Client Components. To fix, mark the file (or its parent) with the `"use client"` directive.
    Learn more: https://nextjs.org/docs/app/api-reference/directives/use-client
  3 | import { Button } from "@/components/ui/button";
  4 | import { useAuthStore } from "@/store/authStore";
> 5 | import { useRouter } from "next/navigation";
    |          ^^^^^^^^^
  6 |
  7 | export function Navbar() {
  8 |   const { isAuthenticated, logout } = useAuthStore();

Ecmascript file had an error

Import trace:
  Server Component:
    ./Desktop/hyperlocal-frontend/src/components/layout/Navbar.tsx
    ./Desktop/hyperlocal-frontend/src/app/layout.tsx 
[browser] ./Desktop/hyperlocal-frontend/src/components/layout/Navbar.tsx:5:10
You're importing a module that depends on `useRouter` into a React Server Component module. This API is only available in Client Components. To fix, mark the file (or its parent) with the `"use client"` directive.
    Learn more: https://nextjs.org/docs/app/api-reference/directives/use-client
  3 | import { Button } from "@/components/ui/button";
  4 | import { useAuthStore } from "@/store/authStore";
> 5 | import { useRouter } from "next/navigation";
    |          ^^^^^^^^^
  6 |
  7 | export function Navbar() {
  8 |   const { isAuthenticated, logout } = useAuthStore();

Ecmascript file had an error

Import trace:
  Server Component:
    ./Desktop/hyperlocal-frontend/src/components/layout/Navbar.tsx
    ./Desktop/hyperlocal-frontend/src/app/layout.tsx 
[browser] ./Desktop/hyperlocal-frontend/src/components/layout/Navbar.tsx:5:10
You're importing a module that depends on `useRouter` into a React Server Component module. This API is only available in Client Components. To fix, mark the file (or its parent) with the `"use client"` directive.
    Learn more: https://nextjs.org/docs/app/api-reference/directives/use-client
  3 | import { Button } from "@/components/ui/button";
  4 | import { useAuthStore } from "@/store/authStore";
> 5 | import { useRouter } from "next/navigation";
    |          ^^^^^^^^^
  6 |
  7 | export function Navbar() {
  8 |   const { isAuthenticated, logout } = useAuthStore();

Ecmascript file had an error

Import trace:
  Server Component:
    ./Desktop/hyperlocal-frontend/src/components/layout/Navbar.tsx
    ./Desktop/hyperlocal-frontend/src/app/layout.tsx 
[browser] ./Desktop/hyperlocal-frontend/src/components/layout/Navbar.tsx:5:10
You're importing a module that depends on `useRouter` into a React Server Component module. This API is only available in Client Components. To fix, mark the file (or its parent) with the `"use client"` directive.
    Learn more: https://nextjs.org/docs/app/api-reference/directives/use-client
  3 | import { Button } from "@/components/ui/button";
  4 | import { useAuthStore } from "@/store/authStore";
> 5 | import { useRouter } from "next/navigation";
    |          ^^^^^^^^^
  6 |
  7 | export function Navbar() {
  8 |   const { isAuthenticated, logout } = useAuthStore();

Ecmascript file had an error

Import trace:
  Server Component:
    ./Desktop/hyperlocal-frontend/src/components/layout/Navbar.tsx
    ./Desktop/hyperlocal-frontend/src/app/layout.tsx 
[browser] ./Desktop/hyperlocal-frontend/src/components/layout/Navbar.tsx:5:10
You're importing a module that depends on `useRouter` into a React Server Component module. This API is only available in Client Components. To fix, mark the file (or its parent) with the `"use client"` directive.
    Learn more: https://nextjs.org/docs/app/api-reference/directives/use-client
  3 | import { Button } from "@/components/ui/button";
  4 | import { useAuthStore } from "@/store/authStore";
> 5 | import { useRouter } from "next/navigation";
    |          ^^^^^^^^^
  6 |
  7 | export function Navbar() {
  8 |   const { isAuthenticated, logout } = useAuthStore();

Ecmascript file had an error

Import trace:
  Server Component:
    ./Desktop/hyperlocal-frontend/src/components/layout/Navbar.tsx
    ./Desktop/hyperlocal-frontend/src/app/layout.tsx 
⨯ ./Desktop/hyperlocal-frontend/src/components/layout/Navbar.tsx:5:10
You're importing a module that depends on `useRouter` into a React Server Component module. This API is only available in Client Components. To fix, mark the file (or its parent) with the `"use client"` directive.
    Learn more: https://nextjs.org/docs/app/api-reference/directives/use-client
  [90m3 |[0m [36mimport[0m { [33mButton[0m } [36mfrom[0m [32m"@/components/ui/button"[0m;
  [90m4 |[0m [36mimport[0m { useAuthStore } [36mfrom[0m [32m"@/store/authStore"[0m;
[31m[1m>[0m [90m5 |[0m [36mimport[0m { useRouter } [36mfrom[0m [32m"next/navigation"[0m;
  [90m  |[0m          [31m[1m^^^^^^^^^[0m
  [90m6 |[0m
  [90m7 |[0m [36mexport[0m [36mfunction[0m [33mNavbar[0m() {
  [90m8 |[0m   [36mconst[0m { isAuthenticated, logout } = useAuthStore();

Ecmascript file had an error

Import trace:
  Server Component:
    ./Desktop/hyperlocal-frontend/src/components/layout/Navbar.tsx
    ./Desktop/hyperlocal-frontend/src/app/layout.tsx


[browser] Uncaught Error: ./Desktop/hyperlocal-frontend/src/components/layout/Navbar.tsx:5:10
You're importing a module that depends on `useRouter` into a React Server Component module. This API is only available in Client Components. To fix, mark the file (or its parent) with the `"use client"` directive.
    Learn more: https://nextjs.org/docs/app/api-reference/directives/use-client
  3 | import { Button } from "@/components/ui/button";
  4 | import { useAuthStore } from "@/store/authStore";
> 5 | import { useRouter } from "next/navigation";
    |          ^^^^^^^^^
  6 |
  7 | export function Navbar() {
  8 |   const { isAuthenticated, logout } = useAuthStore();

Ecmascript file had an error

Import trace:
  Server Component:
    ./Desktop/hyperlocal-frontend/src/components/layout/Navbar.tsx
    ./Desktop/hyperlocal-frontend/src/app/layout.tsx


    at <unknown> (Error: ./Desktop/hyperlocal-frontend/src/components/layout/Navbar.tsx:5:10)
    at <unknown> (Error: (./Desktop/hyperlocal-frontend/src/components/layout/Navbar.tsx:5:10)
[browser] ./Desktop/hyperlocal-frontend/src/components/layout/Navbar.tsx:5:10
You're importing a module that depends on `useRouter` into a React Server Component module. This API is only available in Client Components. To fix, mark the file (or its parent) with the `"use client"` directive.
    Learn more: https://nextjs.org/docs/app/api-reference/directives/use-client
  3 | import { Button } from "@/components/ui/button";
  4 | import { useAuthStore } from "@/store/authStore";
> 5 | import { useRouter } from "next/navigation";
    |          ^^^^^^^^^
  6 |
  7 | export function Navbar() {
  8 |   const { isAuthenticated, logout } = useAuthStore();

Ecmascript file had an error

Import trace:
  Server Component:
    ./Desktop/hyperlocal-frontend/src/components/layout/Navbar.tsx
    ./Desktop/hyperlocal-frontend/src/app/layout.tsx 
[browser] ./Desktop/hyperlocal-frontend/src/components/layout/Navbar.tsx:5:10
You're importing a module that depends on `useRouter` into a React Server Component module. This API is only available in Client Components. To fix, mark the file (or its parent) with the `"use client"` directive.
    Learn more: https://nextjs.org/docs/app/api-reference/directives/use-client
  3 | import { Button } from "@/components/ui/button";
  4 | import { useAuthStore } from "@/store/authStore";
> 5 | import { useRouter } from "next/navigation";
    |          ^^^^^^^^^
  6 |
  7 | export function Navbar() {
  8 |   const { isAuthenticated, logout } = useAuthStore();

Ecmascript file had an error

Import trace:
  Server Component:
    ./Desktop/hyperlocal-frontend/src/components/layout/Navbar.tsx
    ./Desktop/hyperlocal-frontend/src/app/layout.tsx 
[browser] ./Desktop/hyperlocal-frontend/src/components/layout/Navbar.tsx:5:10
You're importing a module that depends on `useRouter` into a React Server Component module. This API is only available in Client Components. To fix, mark the file (or its parent) with the `"use client"` directive.
    Learn more: https://nextjs.org/docs/app/api-reference/directives/use-client
  3 | import { Button } from "@/components/ui/button";
  4 | import { useAuthStore } from "@/store/authStore";
> 5 | import { useRouter } from "next/navigation";
    |          ^^^^^^^^^
  6 |
  7 | export function Navbar() {
  8 |   const { isAuthenticated, logout } = useAuthStore();

Ecmascript file had an error

Import trace:
  Server Component:
    ./Desktop/hyperlocal-frontend/src/components/layout/Navbar.tsx
    ./Desktop/hyperlocal-frontend/src/app/layout.tsx 
[browser] ./Desktop/hyperlocal-frontend/src/components/layout/Navbar.tsx:5:10
You're importing a module that depends on `useRouter` into a React Server Component module. This API is only available in Client Components. To fix, mark the file (or its parent) with the `"use client"` directive.
    Learn more: https://nextjs.org/docs/app/api-reference/directives/use-client
  3 | import { Button } from "@/components/ui/button";
  4 | import { useAuthStore } from "@/store/authStore";
> 5 | import { useRouter } from "next/navigation";
    |          ^^^^^^^^^
  6 |
  7 | export function Navbar() {
  8 |   const { isAuthenticated, logout } = useAuthStore();

Ecmascript file had an error

Import trace:
  Server Component:
    ./Desktop/hyperlocal-frontend/src/components/layout/Navbar.tsx
    ./Desktop/hyperlocal-frontend/src/app/layout.tsx 
[browser] ./Desktop/hyperlocal-frontend/src/components/layout/Navbar.tsx:5:10
You're importing a module that depends on `useRouter` into a React Server Component module. This API is only available in Client Components. To fix, mark the file (or its parent) with the `"use client"` directive.
    Learn more: https://nextjs.org/docs/app/api-reference/directives/use-client
  3 | import { Button } from "@/components/ui/button";
  4 | import { useAuthStore } from "@/store/authStore";
> 5 | import { useRouter } from "next/navigation";
    |          ^^^^^^^^^
  6 |
  7 | export function Navbar() {
  8 |   const { isAuthenticated, logout } = useAuthStore();

Ecmascript file had an error

Import trace:
  Server Component:
    ./Desktop/hyperlocal-frontend/src/components/layout/Navbar.tsx
    ./Desktop/hyperlocal-frontend/src/app/layout.tsx 
[browser] ./Desktop/hyperlocal-frontend/src/components/layout/Navbar.tsx:5:10
You're importing a module that depends on `useRouter` into a React Server Component module. This API is only available in Client Components. To fix, mark the file (or its parent) with the `"use client"` directive.
    Learn more: https://nextjs.org/docs/app/api-reference/directives/use-client
  3 | import { Button } from "@/components/ui/button";
  4 | import { useAuthStore } from "@/store/authStore";
> 5 | import { useRouter } from "next/navigation";
    |          ^^^^^^^^^
  6 |
  7 | export function Navbar() {
  8 |   const { isAuthenticated, logout } = useAuthStore();

Ecmascript file had an error

Import trace:
  Server Component:
    ./Desktop/hyperlocal-frontend/src/components/layout/Navbar.tsx
    ./Desktop/hyperlocal-frontend/src/app/layout.tsx 
⨯ ./Desktop/hyperlocal-frontend/src/components/layout/Navbar.tsx:5:10
You're importing a module that depends on `useRouter` into a React Server Component module. This API is only available in Client Components. To fix, mark the file (or its parent) with the `"use client"` directive.
    Learn more: https://nextjs.org/docs/app/api-reference/directives/use-client
  [90m3 |[0m [36mimport[0m { [33mButton[0m } [36mfrom[0m [32m"@/components/ui/button"[0m;
  [90m4 |[0m [36mimport[0m { useAuthStore } [36mfrom[0m [32m"@/store/authStore"[0m;
[31m[1m>[0m [90m5 |[0m [36mimport[0m { useRouter } [36mfrom[0m [32m"next/navigation"[0m;
  [90m  |[0m          [31m[1m^^^^^^^^^[0m
  [90m6 |[0m
  [90m7 |[0m [36mexport[0m [36mfunction[0m [33mNavbar[0m() {
  [90m8 |[0m   [36mconst[0m { isAuthenticated, logout } = useAuthStore();

Ecmascript file had an error

Import trace:
  Server Component:
    ./Desktop/hyperlocal-frontend/src/components/layout/Navbar.tsx
    ./Desktop/hyperlocal-frontend/src/app/layout.tsx


[browser] Uncaught Error: ./Desktop/hyperlocal-frontend/src/components/layout/Navbar.tsx:5:10
You're importing a module that depends on `useRouter` into a React Server Component module. This API is only available in Client Components. To fix, mark the file (or its parent) with the `"use client"` directive.
    Learn more: https://nextjs.org/docs/app/api-reference/directives/use-client
  3 | import { Button } from "@/components/ui/button";
  4 | import { useAuthStore } from "@/store/authStore";
> 5 | import { useRouter } from "next/navigation";
    |          ^^^^^^^^^
  6 |
  7 | export function Navbar() {
  8 |   const { isAuthenticated, logout } = useAuthStore();

Ecmascript file had an error

Import trace:
  Server Component:
    ./Desktop/hyperlocal-frontend/src/components/layout/Navbar.tsx
    ./Desktop/hyperlocal-frontend/src/app/layout.tsx


    at <unknown> (Error: ./Desktop/hyperlocal-frontend/src/components/layout/Navbar.tsx:5:10)
    at <unknown> (Error: (./Desktop/hyperlocal-frontend/src/components/layout/Navbar.tsx:5:10)
[browser] ./Desktop/hyperlocal-frontend/src/components/layout/Navbar.tsx:5:10
You're importing a module that depends on `useRouter` into a React Server Component module. This API is only available in Client Components. To fix, mark the file (or its parent) with the `"use client"` directive.
    Learn more: https://nextjs.org/docs/app/api-reference/directives/use-client
  3 | import { Button } from "@/components/ui/button";
  4 | import { useAuthStore } from "@/store/authStore";
> 5 | import { useRouter } from "next/navigation";
    |          ^^^^^^^^^
  6 |
  7 | export function Navbar() {
  8 |   const { isAuthenticated, logout } = useAuthStore();

Ecmascript file had an error

Import trace:
  Server Component:
    ./Desktop/hyperlocal-frontend/src/components/layout/Navbar.tsx
    ./Desktop/hyperlocal-frontend/src/app/layout.tsx 
[browser] ./Desktop/hyperlocal-frontend/src/components/layout/Navbar.tsx:5:10
You're importing a module that depends on `useRouter` into a React Server Component module. This API is only available in Client Components. To fix, mark the file (or its parent) with the `"use client"` directive.
    Learn more: https://nextjs.org/docs/app/api-reference/directives/use-client
  3 | import { Button } from "@/components/ui/button";
  4 | import { useAuthStore } from "@/store/authStore";
> 5 | import { useRouter } from "next/navigation";
    |          ^^^^^^^^^
  6 |
  7 | export function Navbar() {
  8 |   const { isAuthenticated, logout } = useAuthStore();

Ecmascript file had an error

Import trace:
  Server Component:
    ./Desktop/hyperlocal-frontend/src/components/layout/Navbar.tsx
    ./Desktop/hyperlocal-frontend/src/app/layout.tsx 
[browser] ./Desktop/hyperlocal-frontend/src/components/layout/Navbar.tsx:5:10
You're importing a module that depends on `useRouter` into a React Server Component module. This API is only available in Client Components. To fix, mark the file (or its parent) with the `"use client"` directive.
    Learn more: https://nextjs.org/docs/app/api-reference/directives/use-client
  3 | import { Button } from "@/components/ui/button";
  4 | import { useAuthStore } from "@/store/authStore";
> 5 | import { useRouter } from "next/navigation";
    |          ^^^^^^^^^
  6 |
  7 | export function Navbar() {
  8 |   const { isAuthenticated, logout } = useAuthStore();

Ecmascript file had an error

Import trace:
  Server Component:
    ./Desktop/hyperlocal-frontend/src/components/layout/Navbar.tsx
    ./Desktop/hyperlocal-frontend/src/app/layout.tsx 
[browser] ./Desktop/hyperlocal-frontend/src/components/layout/Navbar.tsx:5:10
You're importing a module that depends on `useRouter` into a React Server Component module. This API is only available in Client Components. To fix, mark the file (or its parent) with the `"use client"` directive.
    Learn more: https://nextjs.org/docs/app/api-reference/directives/use-client
  3 | import { Button } from "@/components/ui/button";
  4 | import { useAuthStore } from "@/store/authStore";
> 5 | import { useRouter } from "next/navigation";
    |          ^^^^^^^^^
  6 |
  7 | export function Navbar() {
  8 |   const { isAuthenticated, logout } = useAuthStore();

Ecmascript file had an error

Import trace:
  Server Component:
    ./Desktop/hyperlocal-frontend/src/components/layout/Navbar.tsx
    ./Desktop/hyperlocal-frontend/src/app/layout.tsx 
[browser] ./Desktop/hyperlocal-frontend/src/components/layout/Navbar.tsx:5:10
You're importing a module that depends on `useRouter` into a React Server Component module. This API is only available in Client Components. To fix, mark the file (or its parent) with the `"use client"` directive.
    Learn more: https://nextjs.org/docs/app/api-reference/directives/use-client
  3 | import { Button } from "@/components/ui/button";
  4 | import { useAuthStore } from "@/store/authStore";
> 5 | import { useRouter } from "next/navigation";
    |          ^^^^^^^^^
  6 |
  7 | export function Navbar() {
  8 |   const { isAuthenticated, logout } = useAuthStore();

Ecmascript file had an error

Import trace:
  Server Component:
    ./Desktop/hyperlocal-frontend/src/components/layout/Navbar.tsx
    ./Desktop/hyperlocal-frontend/src/app/layout.tsx 
[browser] ./Desktop/hyperlocal-frontend/src/components/layout/Navbar.tsx:5:10
You're importing a module that depends on `useRouter` into a React Server Component module. This API is only available in Client Components. To fix, mark the file (or its parent) with the `"use client"` directive.
    Learn more: https://nextjs.org/docs/app/api-reference/directives/use-client
  3 | import { Button } from "@/components/ui/button";
  4 | import { useAuthStore } from "@/store/authStore";
> 5 | import { useRouter } from "next/navigation";
    |          ^^^^^^^^^
  6 |
  7 | export function Navbar() {
  8 |   const { isAuthenticated, logout } = useAuthStore();

Ecmascript file had an error

Import trace:
  Server Component:
    ./Desktop/hyperlocal-frontend/src/components/layout/Navbar.tsx
    ./Desktop/hyperlocal-frontend/src/app/layout.tsx 
⨯ ./Desktop/hyperlocal-frontend/src/components/layout/Navbar.tsx:5:10
You're importing a module that depends on `useRouter` into a React Server Component module. This API is only available in Client Components. To fix, mark the file (or its parent) with the `"use client"` directive.
    Learn more: https://nextjs.org/docs/app/api-reference/directives/use-client
  [90m3 |[0m [36mimport[0m { [33mButton[0m } [36mfrom[0m [32m"@/components/ui/button"[0m;
  [90m4 |[0m [36mimport[0m { useAuthStore } [36mfrom[0m [32m"@/store/authStore"[0m;
[31m[1m>[0m [90m5 |[0m [36mimport[0m { useRouter } [36mfrom[0m [32m"next/navigation"[0m;
  [90m  |[0m          [31m[1m^^^^^^^^^[0m
  [90m6 |[0m
  [90m7 |[0m [36mexport[0m [36mfunction[0m [33mNavbar[0m() {
  [90m8 |[0m   [36mconst[0m { isAuthenticated, logout } = useAuthStore();

Ecmascript file had an error

Import trace:
  Server Component:
    ./Desktop/hyperlocal-frontend/src/components/layout/Navbar.tsx
    ./Desktop/hyperlocal-frontend/src/app/layout.tsx


[browser] Uncaught Error: ./Desktop/hyperlocal-frontend/src/components/layout/Navbar.tsx:5:10
You're importing a module that depends on `useRouter` into a React Server Component module. This API is only available in Client Components. To fix, mark the file (or its parent) with the `"use client"` directive.
    Learn more: https://nextjs.org/docs/app/api-reference/directives/use-client
  3 | import { Button } from "@/components/ui/button";
  4 | import { useAuthStore } from "@/store/authStore";
> 5 | import { useRouter } from "next/navigation";
    |          ^^^^^^^^^
  6 |
  7 | export function Navbar() {
  8 |   const { isAuthenticated, logout } = useAuthStore();

Ecmascript file had an error

Import trace:
  Server Component:
    ./Desktop/hyperlocal-frontend/src/components/layout/Navbar.tsx
    ./Desktop/hyperlocal-frontend/src/app/layout.tsx


    at <unknown> (Error: ./Desktop/hyperlocal-frontend/src/components/layout/Navbar.tsx:5:10)
    at <unknown> (Error: (./Desktop/hyperlocal-frontend/src/components/layout/Navbar.tsx:5:10)
[browser] ./Desktop/hyperlocal-frontend/src/components/layout/Navbar.tsx:5:10
You're importing a module that depends on `useRouter` into a React Server Component module. This API is only available in Client Components. To fix, mark the file (or its parent) with the `"use client"` directive.
    Learn more: https://nextjs.org/docs/app/api-reference/directives/use-client
  3 | import { Button } from "@/components/ui/button";
  4 | import { useAuthStore } from "@/store/authStore";
> 5 | import { useRouter } from "next/navigation";
    |          ^^^^^^^^^
  6 |
  7 | export function Navbar() {
  8 |   const { isAuthenticated, logout } = useAuthStore();

Ecmascript file had an error

Import trace:
  Server Component:
    ./Desktop/hyperlocal-frontend/src/components/layout/Navbar.tsx
    ./Desktop/hyperlocal-frontend/src/app/layout.tsx 
[browser] ./Desktop/hyperlocal-frontend/src/components/layout/Navbar.tsx:5:10
You're importing a module that depends on `useRouter` into a React Server Component module. This API is only available in Client Components. To fix, mark the file (or its parent) with the `"use client"` directive.
    Learn more: https://nextjs.org/docs/app/api-reference/directives/use-client
  3 | import { Button } from "@/components/ui/button";
  4 | import { useAuthStore } from "@/store/authStore";
> 5 | import { useRouter } from "next/navigation";
    |          ^^^^^^^^^
  6 |
  7 | export function Navbar() {
  8 |   const { isAuthenticated, logout } = useAuthStore();

Ecmascript file had an error

Import trace:
  Server Component:
    ./Desktop/hyperlocal-frontend/src/components/layout/Navbar.tsx
    ./Desktop/hyperlocal-frontend/src/app/layout.tsx 
[browser] ./Desktop/hyperlocal-frontend/src/components/layout/Navbar.tsx:5:10
You're importing a module that depends on `useRouter` into a React Server Component module. This API is only available in Client Components. To fix, mark the file (or its parent) with the `"use client"` directive.
    Learn more: https://nextjs.org/docs/app/api-reference/directives/use-client
  3 | import { Button } from "@/components/ui/button";
  4 | import { useAuthStore } from "@/store/authStore";
> 5 | import { useRouter } from "next/navigation";
    |          ^^^^^^^^^
  6 |
  7 | export function Navbar() {
  8 |   const { isAuthenticated, logout } = useAuthStore();

Ecmascript file had an error

Import trace:
  Server Component:
    ./Desktop/hyperlocal-frontend/src/components/layout/Navbar.tsx
    ./Desktop/hyperlocal-frontend/src/app/layout.tsx 
[browser] ./Desktop/hyperlocal-frontend/src/components/layout/Navbar.tsx:5:10
You're importing a module that depends on `useRouter` into a React Server Component module. This API is only available in Client Components. To fix, mark the file (or its parent) with the `"use client"` directive.
    Learn more: https://nextjs.org/docs/app/api-reference/directives/use-client
  3 | import { Button } from "@/components/ui/button";
  4 | import { useAuthStore } from "@/store/authStore";
> 5 | import { useRouter } from "next/navigation";
    |          ^^^^^^^^^
  6 |
  7 | export function Navbar() {
  8 |   const { isAuthenticated, logout } = useAuthStore();

Ecmascript file had an error

Import trace:
  Server Component:
    ./Desktop/hyperlocal-frontend/src/components/layout/Navbar.tsx
    ./Desktop/hyperlocal-frontend/src/app/layout.tsx 
[browser] ./Desktop/hyperlocal-frontend/src/components/layout/Navbar.tsx:5:10
You're importing a module that depends on `useRouter` into a React Server Component module. This API is only available in Client Components. To fix, mark the file (or its parent) with the `"use client"` directive.
    Learn more: https://nextjs.org/docs/app/api-reference/directives/use-client
  3 | import { Button } from "@/components/ui/button";
  4 | import { useAuthStore } from "@/store/authStore";
> 5 | import { useRouter } from "next/navigation";
    |          ^^^^^^^^^
  6 |
  7 | export function Navbar() {
  8 |   const { isAuthenticated, logout } = useAuthStore();

Ecmascript file had an error

Import trace:
  Server Component:
    ./Desktop/hyperlocal-frontend/src/components/layout/Navbar.tsx
    ./Desktop/hyperlocal-frontend/src/app/layout.tsx 
⨯ ./Desktop/hyperlocal-frontend/src/components/layout/Navbar.tsx:5:10
You're importing a module that depends on `useRouter` into a React Server Component module. This API is only available in Client Components. To fix, mark the file (or its parent) with the `"use client"` directive.
    Learn more: https://nextjs.org/docs/app/api-reference/directives/use-client
  [90m3 |[0m [36mimport[0m { [33mButton[0m } [36mfrom[0m [32m"@/components/ui/button"[0m;
  [90m4 |[0m [36mimport[0m { useAuthStore } [36mfrom[0m [32m"@/store/authStore"[0m;
[31m[1m>[0m [90m5 |[0m [36mimport[0m { useRouter } [36mfrom[0m [32m"next/navigation"[0m;
  [90m  |[0m          [31m[1m^^^^^^^^^[0m
  [90m6 |[0m
  [90m7 |[0m [36mexport[0m [36mfunction[0m [33mNavbar[0m() {
  [90m8 |[0m   [36mconst[0m { isAuthenticated, logout } = useAuthStore();

Ecmascript file had an error

Import trace:
  Server Component:
    ./Desktop/hyperlocal-frontend/src/components/layout/Navbar.tsx
    ./Desktop/hyperlocal-frontend/src/app/layout.tsx


⨯ ./Desktop/hyperlocal-frontend/src/components/layout/Navbar.tsx:5:10
You're importing a module that depends on `useRouter` into a React Server Component module. This API is only available in Client Components. To fix, mark the file (or its parent) with the `"use client"` directive.
    Learn more: https://nextjs.org/docs/app/api-reference/directives/use-client
  [90m3 |[0m [36mimport[0m { [33mButton[0m } [36mfrom[0m [32m"@/components/ui/button"[0m;
  [90m4 |[0m [36mimport[0m { useAuthStore } [36mfrom[0m [32m"@/store/authStore"[0m;
[31m[1m>[0m [90m5 |[0m [36mimport[0m { useRouter } [36mfrom[0m [32m"next/navigation"[0m;
  [90m  |[0m          [31m[1m^^^^^^^^^[0m
  [90m6 |[0m
  [90m7 |[0m [36mexport[0m [36mfunction[0m [33mNavbar[0m() {
  [90m8 |[0m   [36mconst[0m { isAuthenticated, logout } = useAuthStore();

Ecmascript file had an error

Import trace:
  Server Component:
    ./Desktop/hyperlocal-frontend/src/components/layout/Navbar.tsx
    ./Desktop/hyperlocal-frontend/src/app/layout.tsx


[browser] ./Desktop/hyperlocal-frontend/src/components/layout/Navbar.tsx:5:10
You're importing a module that depends on `useRouter` into a React Server Component module. This API is only available in Client Components. To fix, mark the file (or its parent) with the `"use client"` directive.
    Learn more: https://nextjs.org/docs/app/api-reference/directives/use-client
  3 | import { Button } from "@/components/ui/button";
  4 | import { useAuthStore } from "@/store/authStore";
> 5 | import { useRouter } from "next/navigation";
    |          ^^^^^^^^^
  6 |
  7 | export function Navbar() {
  8 |   const { isAuthenticated, logout } = useAuthStore();

Ecmascript file had an error

Import trace:
  Server Component:
    ./Desktop/hyperlocal-frontend/src/components/layout/Navbar.tsx
    ./Desktop/hyperlocal-frontend/src/app/layout.tsx 
⨯ ./Desktop/hyperlocal-frontend/src/components/layout/Navbar.tsx:5:10
You're importing a module that depends on `useRouter` into a React Server Component module. This API is only available in Client Components. To fix, mark the file (or its parent) with the `"use client"` directive.
    Learn more: https://nextjs.org/docs/app/api-reference/directives/use-client
  [90m3 |[0m [36mimport[0m { [33mButton[0m } [36mfrom[0m [32m"@/components/ui/button"[0m;
  [90m4 |[0m [36mimport[0m { useAuthStore } [36mfrom[0m [32m"@/store/authStore"[0m;
[31m[1m>[0m [90m5 |[0m [36mimport[0m { useRouter } [36mfrom[0m [32m"next/navigation"[0m;
  [90m  |[0m          [31m[1m^^^^^^^^^[0m
  [90m6 |[0m
  [90m7 |[0m [36mexport[0m [36mfunction[0m [33mNavbar[0m() {
  [90m8 |[0m   [36mconst[0m { isAuthenticated, logout } = useAuthStore();

Ecmascript file had an error

Import trace:
  Server Component:
    ./Desktop/hyperlocal-frontend/src/components/layout/Navbar.tsx
    ./Desktop/hyperlocal-frontend/src/app/layout.tsx


⨯ ./Desktop/hyperlocal-frontend/src/components/layout/Navbar.tsx:5:10
You're importing a module that depends on `useRouter` into a React Server Component module. This API is only available in Client Components. To fix, mark the file (or its parent) with the `"use client"` directive.
    Learn more: https://nextjs.org/docs/app/api-reference/directives/use-client
  [90m3 |[0m [36mimport[0m { [33mButton[0m } [36mfrom[0m [32m"@/components/ui/button"[0m;
  [90m4 |[0m [36mimport[0m { useAuthStore } [36mfrom[0m [32m"@/store/authStore"[0m;
[31m[1m>[0m [90m5 |[0m [36mimport[0m { useRouter } [36mfrom[0m [32m"next/navigation"[0m;
  [90m  |[0m          [31m[1m^^^^^^^^^[0m
  [90m6 |[0m
  [90m7 |[0m [36mexport[0m [36mfunction[0m [33mNavbar[0m() {
  [90m8 |[0m   [36mconst[0m { isAuthenticated, logout } = useAuthStore();

Ecmascript file had an error

Import trace:
  Server Component:
    ./Desktop/hyperlocal-frontend/src/components/layout/Navbar.tsx
    ./Desktop/hyperlocal-frontend/src/app/layout.tsx


⨯ ./Desktop/hyperlocal-frontend/src/components/layout/Navbar.tsx:5:10
You're importing a module that depends on `useRouter` into a React Server Component module. This API is only available in Client Components. To fix, mark the file (or its parent) with the `"use client"` directive.
    Learn more: https://nextjs.org/docs/app/api-reference/directives/use-client
  [90m3 |[0m [36mimport[0m { [33mButton[0m } [36mfrom[0m [32m"@/components/ui/button"[0m;
  [90m4 |[0m [36mimport[0m { useAuthStore } [36mfrom[0m [32m"@/store/authStore"[0m;
[31m[1m>[0m [90m5 |[0m [36mimport[0m { useRouter } [36mfrom[0m [32m"next/navigation"[0m;
  [90m  |[0m          [31m[1m^^^^^^^^^[0m
  [90m6 |[0m
  [90m7 |[0m [36mexport[0m [36mfunction[0m [33mNavbar[0m() {
  [90m8 |[0m   [36mconst[0m { isAuthenticated, logout } = useAuthStore();

Ecmascript file had an error

Import trace:
  Server Component:
    ./Desktop/hyperlocal-frontend/src/components/layout/Navbar.tsx
    ./Desktop/hyperlocal-frontend/src/app/layout.tsx


⨯ ./Desktop/hyperlocal-frontend/src/components/layout/Navbar.tsx:5:10
You're importing a module that depends on `useRouter` into a React Server Component module. This API is only available in Client Components. To fix, mark the file (or its parent) with the `"use client"` directive.
    Learn more: https://nextjs.org/docs/app/api-reference/directives/use-client
  [90m3 |[0m [36mimport[0m { [33mButton[0m } [36mfrom[0m [32m"@/components/ui/button"[0m;
  [90m4 |[0m [36mimport[0m { useAuthStore } [36mfrom[0m [32m"@/store/authStore"[0m;
[31m[1m>[0m [90m5 |[0m [36mimport[0m { useRouter } [36mfrom[0m [32m"next/navigation"[0m;
  [90m  |[0m          [31m[1m^^^^^^^^^[0m
  [90m6 |[0m
  [90m7 |[0m [36mexport[0m [36mfunction[0m [33mNavbar[0m() {
  [90m8 |[0m   [36mconst[0m { isAuthenticated, logout } = useAuthStore();

Ecmascript file had an error

Import trace:
  Server Component:
    ./Desktop/hyperlocal-frontend/src/components/layout/Navbar.tsx
    ./Desktop/hyperlocal-frontend/src/app/layout.tsx


⨯ ./Desktop/hyperlocal-frontend/src/components/layout/Navbar.tsx:5:10
You're importing a module that depends on `useRouter` into a React Server Component module. This API is only available in Client Components. To fix, mark the file (or its parent) with the `"use client"` directive.
    Learn more: https://nextjs.org/docs/app/api-reference/directives/use-client
  [90m3 |[0m [36mimport[0m { [33mButton[0m } [36mfrom[0m [32m"@/components/ui/button"[0m;
  [90m4 |[0m [36mimport[0m { useAuthStore } [36mfrom[0m [32m"@/store/authStore"[0m;
[31m[1m>[0m [90m5 |[0m [36mimport[0m { useRouter } [36mfrom[0m [32m"next/navigation"[0m;
  [90m  |[0m          [31m[1m^^^^^^^^^[0m
  [90m6 |[0m
  [90m7 |[0m [36mexport[0m [36mfunction[0m [33mNavbar[0m() {
  [90m8 |[0m   [36mconst[0m { isAuthenticated, logout } = useAuthStore();

Ecmascript file had an error

Import trace:
  Server Component:
    ./Desktop/hyperlocal-frontend/src/components/layout/Navbar.tsx
    ./Desktop/hyperlocal-frontend/src/app/layout.tsx


⨯ ./Desktop/hyperlocal-frontend/src/components/layout/Navbar.tsx:5:10
You're importing a module that depends on `useRouter` into a React Server Component module. This API is only available in Client Components. To fix, mark the file (or its parent) with the `"use client"` directive.
    Learn more: https://nextjs.org/docs/app/api-reference/directives/use-client
  [90m3 |[0m [36mimport[0m { [33mButton[0m } [36mfrom[0m [32m"@/components/ui/button"[0m;
  [90m4 |[0m [36mimport[0m { useAuthStore } [36mfrom[0m [32m"@/store/authStore"[0m;
[31m[1m>[0m [90m5 |[0m [36mimport[0m { useRouter } [36mfrom[0m [32m"next/navigation"[0m;
  [90m  |[0m          [31m[1m^^^^^^^^^[0m
  [90m6 |[0m
  [90m7 |[0m [36mexport[0m [36mfunction[0m [33mNavbar[0m() {
  [90m8 |[0m   [36mconst[0m { isAuthenticated, logout } = useAuthStore();

Ecmascript file had an error

Import trace:
  Server Component:
    ./Desktop/hyperlocal-frontend/src/components/layout/Navbar.tsx
    ./Desktop/hyperlocal-frontend/src/app/layout.tsx


⨯ ./Desktop/hyperlocal-frontend/src/components/layout/Navbar.tsx:5:10
You're importing a module that depends on `useRouter` into a React Server Component module. This API is only available in Client Components. To fix, mark the file (or its parent) with the `"use client"` directive.
    Learn more: https://nextjs.org/docs/app/api-reference/directives/use-client
  [90m3 |[0m [36mimport[0m { [33mButton[0m } [36mfrom[0m [32m"@/components/ui/button"[0m;
  [90m4 |[0m [36mimport[0m { useAuthStore } [36mfrom[0m [32m"@/store/authStore"[0m;
[31m[1m>[0m [90m5 |[0m [36mimport[0m { useRouter } [36mfrom[0m [32m"next/navigation"[0m;
  [90m  |[0m          [31m[1m^^^^^^^^^[0m
  [90m6 |[0m
  [90m7 |[0m [36mexport[0m [36mfunction[0m [33mNavbar[0m() {
  [90m8 |[0m   [36mconst[0m { isAuthenticated, logout } = useAuthStore();

Ecmascript file had an error

Import trace:
  Server Component:
    ./Desktop/hyperlocal-frontend/src/components/layout/Navbar.tsx
    ./Desktop/hyperlocal-frontend/src/app/layout.tsx


⨯ ./Desktop/hyperlocal-frontend/src/components/layout/Navbar.tsx:5:10
You're importing a module that depends on `useRouter` into a React Server Component module. This API is only available in Client Components. To fix, mark the file (or its parent) with the `"use client"` directive.
    Learn more: https://nextjs.org/docs/app/api-reference/directives/use-client
  [90m3 |[0m [36mimport[0m { [33mButton[0m } [36mfrom[0m [32m"@/components/ui/button"[0m;
  [90m4 |[0m [36mimport[0m { useAuthStore } [36mfrom[0m [32m"@/store/authStore"[0m;
[31m[1m>[0m [90m5 |[0m [36mimport[0m { useRouter } [36mfrom[0m [32m"next/navigation"[0m;
  [90m  |[0m          [31m[1m^^^^^^^^^[0m
  [90m6 |[0m
  [90m7 |[0m [36mexport[0m [36mfunction[0m [33mNavbar[0m() {
  [90m8 |[0m   [36mconst[0m { isAuthenticated, logout } = useAuthStore();

Ecmascript file had an error

Import trace:
  Server Component:
    ./Desktop/hyperlocal-frontend/src/components/layout/Navbar.tsx
    ./Desktop/hyperlocal-frontend/src/app/layout.tsx


⨯ ./Desktop/hyperlocal-frontend/src/components/layout/Navbar.tsx:5:10
You're importing a module that depends on `useRouter` into a React Server Component module. This API is only available in Client Components. To fix, mark the file (or its parent) with the `"use client"` directive.
    Learn more: https://nextjs.org/docs/app/api-reference/directives/use-client
  [90m3 |[0m [36mimport[0m { [33mButton[0m } [36mfrom[0m [32m"@/components/ui/button"[0m;
  [90m4 |[0m [36mimport[0m { useAuthStore } [36mfrom[0m [32m"@/store/authStore"[0m;
[31m[1m>[0m [90m5 |[0m [36mimport[0m { useRouter } [36mfrom[0m [32m"next/navigation"[0m;
  [90m  |[0m          [31m[1m^^^^^^^^^[0m
  [90m6 |[0m
  [90m7 |[0m [36mexport[0m [36mfunction[0m [33mNavbar[0m() {
  [90m8 |[0m   [36mconst[0m { isAuthenticated, logout } = useAuthStore();

Ecmascript file had an error

Import trace:
  Server Component:
    ./Desktop/hyperlocal-frontend/src/components/layout/Navbar.tsx
    ./Desktop/hyperlocal-frontend/src/app/layout.tsx


⨯ ./Desktop/hyperlocal-frontend/src/components/layout/Navbar.tsx:5:10
You're importing a module that depends on `useRouter` into a React Server Component module. This API is only available in Client Components. To fix, mark the file (or its parent) with the `"use client"` directive.
    Learn more: https://nextjs.org/docs/app/api-reference/directives/use-client
  [90m3 |[0m [36mimport[0m { [33mButton[0m } [36mfrom[0m [32m"@/components/ui/button"[0m;
  [90m4 |[0m [36mimport[0m { useAuthStore } [36mfrom[0m [32m"@/store/authStore"[0m;
[31m[1m>[0m [90m5 |[0m [36mimport[0m { useRouter } [36mfrom[0m [32m"next/navigation"[0m;
  [90m  |[0m          [31m[1m^^^^^^^^^[0m
  [90m6 |[0m
  [90m7 |[0m [36mexport[0m [36mfunction[0m [33mNavbar[0m() {
  [90m8 |[0m   [36mconst[0m { isAuthenticated, logout } = useAuthStore();

Ecmascript file had an error

Import trace:
  Server Component:
    ./Desktop/hyperlocal-frontend/src/components/layout/Navbar.tsx
    ./Desktop/hyperlocal-frontend/src/app/layout.tsx


⨯ ./Desktop/hyperlocal-frontend/src/components/layout/Navbar.tsx:5:10
You're importing a module that depends on `useRouter` into a React Server Component module. This API is only available in Client Components. To fix, mark the file (or its parent) with the `"use client"` directive.
    Learn more: https://nextjs.org/docs/app/api-reference/directives/use-client
  [90m3 |[0m [36mimport[0m { [33mButton[0m } [36mfrom[0m [32m"@/components/ui/button"[0m;
  [90m4 |[0m [36mimport[0m { useAuthStore } [36mfrom[0m [32m"@/store/authStore"[0m;
[31m[1m>[0m [90m5 |[0m [36mimport[0m { useRouter } [36mfrom[0m [32m"next/navigation"[0m;
  [90m  |[0m          [31m[1m^^^^^^^^^[0m
  [90m6 |[0m
  [90m7 |[0m [36mexport[0m [36mfunction[0m [33mNavbar[0m() {
  [90m8 |[0m   [36mconst[0m { isAuthenticated, logout } = useAuthStore();

Ecmascript file had an error

Import trace:
  Server Component:
    ./Desktop/hyperlocal-frontend/src/components/layout/Navbar.tsx
    ./Desktop/hyperlocal-frontend/src/app/layout.tsx


⨯ ./Desktop/hyperlocal-frontend/src/components/layout/Navbar.tsx:5:10
You're importing a module that depends on `useRouter` into a React Server Component module. This API is only available in Client Components. To fix, mark the file (or its parent) with the `"use client"` directive.
    Learn more: https://nextjs.org/docs/app/api-reference/directives/use-client
  [90m3 |[0m [36mimport[0m { [33mButton[0m } [36mfrom[0m [32m"@/components/ui/button"[0m;
  [90m4 |[0m [36mimport[0m { useAuthStore } [36mfrom[0m [32m"@/store/authStore"[0m;
[31m[1m>[0m [90m5 |[0m [36mimport[0m { useRouter } [36mfrom[0m [32m"next/navigation"[0m;
  [90m  |[0m          [31m[1m^^^^^^^^^[0m
  [90m6 |[0m
  [90m7 |[0m [36mexport[0m [36mfunction[0m [33mNavbar[0m() {
  [90m8 |[0m   [36mconst[0m { isAuthenticated, logout } = useAuthStore();

Ecmascript file had an error

Import trace:
  Server Component:
    ./Desktop/hyperlocal-frontend/src/components/layout/Navbar.tsx
    ./Desktop/hyperlocal-frontend/src/app/layout.tsx


⨯ ./Desktop/hyperlocal-frontend/src/components/layout/Navbar.tsx:5:10
You're importing a module that depends on `useRouter` into a React Server Component module. This API is only available in Client Components. To fix, mark the file (or its parent) with the `"use client"` directive.
    Learn more: https://nextjs.org/docs/app/api-reference/directives/use-client
  [90m3 |[0m [36mimport[0m { [33mButton[0m } [36mfrom[0m [32m"@/components/ui/button"[0m;
  [90m4 |[0m [36mimport[0m { useAuthStore } [36mfrom[0m [32m"@/store/authStore"[0m;
[31m[1m>[0m [90m5 |[0m [36mimport[0m { useRouter } [36mfrom[0m [32m"next/navigation"[0m;
  [90m  |[0m          [31m[1m^^^^^^^^^[0m
  [90m6 |[0m
  [90m7 |[0m [36mexport[0m [36mfunction[0m [33mNavbar[0m() {
  [90m8 |[0m   [36mconst[0m { isAuthenticated, logout } = useAuthStore();

Ecmascript file had an error

Import trace:
  Server Component:
    ./Desktop/hyperlocal-frontend/src/components/layout/Navbar.tsx
    ./Desktop/hyperlocal-frontend/src/app/layout.tsx


⨯ ./Desktop/hyperlocal-frontend/src/components/layout/Navbar.tsx:5:10
You're importing a module that depends on `useRouter` into a React Server Component module. This API is only available in Client Components. To fix, mark the file (or its parent) with the `"use client"` directive.
    Learn more: https://nextjs.org/docs/app/api-reference/directives/use-client
  [90m3 |[0m [36mimport[0m { [33mButton[0m } [36mfrom[0m [32m"@/components/ui/button"[0m;
  [90m4 |[0m [36mimport[0m { useAuthStore } [36mfrom[0m [32m"@/store/authStore"[0m;
[31m[1m>[0m [90m5 |[0m [36mimport[0m { useRouter } [36mfrom[0m [32m"next/navigation"[0m;
  [90m  |[0m          [31m[1m^^^^^^^^^[0m
  [90m6 |[0m
  [90m7 |[0m [36mexport[0m [36mfunction[0m [33mNavbar[0m() {
  [90m8 |[0m   [36mconst[0m { isAuthenticated, logout } = useAuthStore();

Ecmascript file had an error

Import trace:
  Server Component:
    ./Desktop/hyperlocal-frontend/src/components/layout/Navbar.tsx
    ./Desktop/hyperlocal-frontend/src/app/layout.tsx


⨯ ./Desktop/hyperlocal-frontend/src/components/layout/Navbar.tsx:5:10
You're importing a module that depends on `useRouter` into a React Server Component module. This API is only available in Client Components. To fix, mark the file (or its parent) with the `"use client"` directive.
    Learn more: https://nextjs.org/docs/app/api-reference/directives/use-client
  [90m3 |[0m [36mimport[0m { [33mButton[0m } [36mfrom[0m [32m"@/components/ui/button"[0m;
  [90m4 |[0m [36mimport[0m { useAuthStore } [36mfrom[0m [32m"@/store/authStore"[0m;
[31m[1m>[0m [90m5 |[0m [36mimport[0m { useRouter } [36mfrom[0m [32m"next/navigation"[0m;
  [90m  |[0m          [31m[1m^^^^^^^^^[0m
  [90m6 |[0m
  [90m7 |[0m [36mexport[0m [36mfunction[0m [33mNavbar[0m() {
  [90m8 |[0m   [36mconst[0m { isAuthenticated, logout } = useAuthStore();

Ecmascript file had an error

Import trace:
  Server Component:
    ./Desktop/hyperlocal-frontend/src/components/layout/Navbar.tsx
    ./Desktop/hyperlocal-frontend/src/app/layout.tsx


⨯ ./Desktop/hyperlocal-frontend/src/components/layout/Navbar.tsx:5:10
You're importing a module that depends on `useRouter` into a React Server Component module. This API is only available in Client Components. To fix, mark the file (or its parent) with the `"use client"` directive.
    Learn more: https://nextjs.org/docs/app/api-reference/directives/use-client
  [90m3 |[0m [36mimport[0m { [33mButton[0m } [36mfrom[0m [32m"@/components/ui/button"[0m;
  [90m4 |[0m [36mimport[0m { useAuthStore } [36mfrom[0m [32m"@/store/authStore"[0m;
[31m[1m>[0m [90m5 |[0m [36mimport[0m { useRouter } [36mfrom[0m [32m"next/navigation"[0m;
  [90m  |[0m          [31m[1m^^^^^^^^^[0m
  [90m6 |[0m
  [90m7 |[0m [36mexport[0m [36mfunction[0m [33mNavbar[0m() {
  [90m8 |[0m   [36mconst[0m { isAuthenticated, logout } = useAuthStore();

Ecmascript file had an error

Import trace:
  Server Component:
    ./Desktop/hyperlocal-frontend/src/components/layout/Navbar.tsx
    ./Desktop/hyperlocal-frontend/src/app/layout.tsx


⨯ ./Desktop/hyperlocal-frontend/src/components/layout/Navbar.tsx:5:10
You're importing a module that depends on `useRouter` into a React Server Component module. This API is only available in Client Components. To fix, mark the file (or its parent) with the `"use client"` directive.
    Learn more: https://nextjs.org/docs/app/api-reference/directives/use-client
  [90m3 |[0m [36mimport[0m { [33mButton[0m } [36mfrom[0m [32m"@/components/ui/button"[0m;
  [90m4 |[0m [36mimport[0m { useAuthStore } [36mfrom[0m [32m"@/store/authStore"[0m;
[31m[1m>[0m [90m5 |[0m [36mimport[0m { useRouter } [36mfrom[0m [32m"next/navigation"[0m;
  [90m  |[0m          [31m[1m^^^^^^^^^[0m
  [90m6 |[0m
  [90m7 |[0m [36mexport[0m [36mfunction[0m [33mNavbar[0m() {
  [90m8 |[0m   [36mconst[0m { isAuthenticated, logout } = useAuthStore();

Ecmascript file had an error

Import trace:
  Server Component:
    ./Desktop/hyperlocal-frontend/src/components/layout/Navbar.tsx
    ./Desktop/hyperlocal-frontend/src/app/layout.tsx


⨯ ./Desktop/hyperlocal-frontend/src/components/layout/Navbar.tsx:5:10
You're importing a module that depends on `useRouter` into a React Server Component module. This API is only available in Client Components. To fix, mark the file (or its parent) with the `"use client"` directive.
    Learn more: https://nextjs.org/docs/app/api-reference/directives/use-client
  [90m3 |[0m [36mimport[0m { [33mButton[0m } [36mfrom[0m [32m"@/components/ui/button"[0m;
  [90m4 |[0m [36mimport[0m { useAuthStore } [36mfrom[0m [32m"@/store/authStore"[0m;
[31m[1m>[0m [90m5 |[0m [36mimport[0m { useRouter } [36mfrom[0m [32m"next/navigation"[0m;
  [90m  |[0m          [31m[1m^^^^^^^^^[0m
  [90m6 |[0m
  [90m7 |[0m [36mexport[0m [36mfunction[0m [33mNavbar[0m() {
  [90m8 |[0m   [36mconst[0m { isAuthenticated, logout } = useAuthStore();

Ecmascript file had an error

Import trace:
  Server Component:
    ./Desktop/hyperlocal-frontend/src/components/layout/Navbar.tsx
    ./Desktop/hyperlocal-frontend/src/app/layout.tsx


⨯ ./Desktop/hyperlocal-frontend/src/components/layout/Navbar.tsx:5:10
You're importing a module that depends on `useRouter` into a React Server Component module. This API is only available in Client Components. To fix, mark the file (or its parent) with the `"use client"` directive.
    Learn more: https://nextjs.org/docs/app/api-reference/directives/use-client
  [90m3 |[0m [36mimport[0m { [33mButton[0m } [36mfrom[0m [32m"@/components/ui/button"[0m;
  [90m4 |[0m [36mimport[0m { useAuthStore } [36mfrom[0m [32m"@/store/authStore"[0m;
[31m[1m>[0m [90m5 |[0m [36mimport[0m { useRouter } [36mfrom[0m [32m"next/navigation"[0m;
  [90m  |[0m          [31m[1m^^^^^^^^^[0m
  [90m6 |[0m
  [90m7 |[0m [36mexport[0m [36mfunction[0m [33mNavbar[0m() {
  [90m8 |[0m   [36mconst[0m { isAuthenticated, logout } = useAuthStore();

Ecmascript file had an error

Import trace:
  Server Component:
    ./Desktop/hyperlocal-frontend/src/components/layout/Navbar.tsx
    ./Desktop/hyperlocal-frontend/src/app/layout.tsx


⨯ ./Desktop/hyperlocal-frontend/src/components/layout/Navbar.tsx:5:10
You're importing a module that depends on `useRouter` into a React Server Component module. This API is only available in Client Components. To fix, mark the file (or its parent) with the `"use client"` directive.
    Learn more: https://nextjs.org/docs/app/api-reference/directives/use-client
  [90m3 |[0m [36mimport[0m { [33mButton[0m } [36mfrom[0m [32m"@/components/ui/button"[0m;
  [90m4 |[0m [36mimport[0m { useAuthStore } [36mfrom[0m [32m"@/store/authStore"[0m;
[31m[1m>[0m [90m5 |[0m [36mimport[0m { useRouter } [36mfrom[0m [32m"next/navigation"[0m;
  [90m  |[0m          [31m[1m^^^^^^^^^[0m
  [90m6 |[0m
  [90m7 |[0m [36mexport[0m [36mfunction[0m [33mNavbar[0m() {
  [90m8 |[0m   [36mconst[0m { isAuthenticated, logout } = useAuthStore();

Ecmascript file had an error

Import trace:
  Server Component:
    ./Desktop/hyperlocal-frontend/src/components/layout/Navbar.tsx
    ./Desktop/hyperlocal-frontend/src/app/layout.tsx


⨯ ./Desktop/hyperlocal-frontend/src/components/layout/Navbar.tsx:5:10
You're importing a module that depends on `useRouter` into a React Server Component module. This API is only available in Client Components. To fix, mark the file (or its parent) with the `"use client"` directive.
    Learn more: https://nextjs.org/docs/app/api-reference/directives/use-client
  [90m3 |[0m [36mimport[0m { [33mButton[0m } [36mfrom[0m [32m"@/components/ui/button"[0m;
  [90m4 |[0m [36mimport[0m { useAuthStore } [36mfrom[0m [32m"@/store/authStore"[0m;
[31m[1m>[0m [90m5 |[0m [36mimport[0m { useRouter } [36mfrom[0m [32m"next/navigation"[0m;
  [90m  |[0m          [31m[1m^^^^^^^^^[0m
  [90m6 |[0m
  [90m7 |[0m [36mexport[0m [36mfunction[0m [33mNavbar[0m() {
  [90m8 |[0m   [36mconst[0m { isAuthenticated, logout } = useAuthStore();

Ecmascript file had an error

Import trace:
  Server Component:
    ./Desktop/hyperlocal-frontend/src/components/layout/Navbar.tsx
    ./Desktop/hyperlocal-frontend/src/app/layout.tsx


⨯ ./Desktop/hyperlocal-frontend/src/components/layout/Navbar.tsx:5:10
You're importing a module that depends on `useRouter` into a React Server Component module. This API is only available in Client Components. To fix, mark the file (or its parent) with the `"use client"` directive.
    Learn more: https://nextjs.org/docs/app/api-reference/directives/use-client
  [90m3 |[0m [36mimport[0m { [33mButton[0m } [36mfrom[0m [32m"@/components/ui/button"[0m;
  [90m4 |[0m [36mimport[0m { useAuthStore } [36mfrom[0m [32m"@/store/authStore"[0m;
[31m[1m>[0m [90m5 |[0m [36mimport[0m { useRouter } [36mfrom[0m [32m"next/navigation"[0m;
  [90m  |[0m          [31m[1m^^^^^^^^^[0m
  [90m6 |[0m
  [90m7 |[0m [36mexport[0m [36mfunction[0m [33mNavbar[0m() {
  [90m8 |[0m   [36mconst[0m { isAuthenticated, logout } = useAuthStore();

Ecmascript file had an error

Import trace:
  Server Component:
    ./Desktop/hyperlocal-frontend/src/components/layout/Navbar.tsx
    ./Desktop/hyperlocal-frontend/src/app/layout.tsx


⨯ ./Desktop/hyperlocal-frontend/src/components/layout/Navbar.tsx:5:10
You're importing a module that depends on `useRouter` into a React Server Component module. This API is only available in Client Components. To fix, mark the file (or its parent) with the `"use client"` directive.
    Learn more: https://nextjs.org/docs/app/api-reference/directives/use-client
  [90m3 |[0m [36mimport[0m { [33mButton[0m } [36mfrom[0m [32m"@/components/ui/button"[0m;
  [90m4 |[0m [36mimport[0m { useAuthStore } [36mfrom[0m [32m"@/store/authStore"[0m;
[31m[1m>[0m [90m5 |[0m [36mimport[0m { useRouter } [36mfrom[0m [32m"next/navigation"[0m;
  [90m  |[0m          [31m[1m^^^^^^^^^[0m
  [90m6 |[0m
  [90m7 |[0m [36mexport[0m [36mfunction[0m [33mNavbar[0m() {
  [90m8 |[0m   [36mconst[0m { isAuthenticated, logout } = useAuthStore();

Ecmascript file had an error

Import trace:
  Server Component:
    ./Desktop/hyperlocal-frontend/src/components/layout/Navbar.tsx
    ./Desktop/hyperlocal-frontend/src/app/layout.tsx


⨯ ./Desktop/hyperlocal-frontend/src/components/layout/Navbar.tsx:5:10
You're importing a module that depends on `useRouter` into a React Server Component module. This API is only available in Client Components. To fix, mark the file (or its parent) with the `"use client"` directive.
    Learn more: https://nextjs.org/docs/app/api-reference/directives/use-client
  [90m3 |[0m [36mimport[0m { [33mButton[0m } [36mfrom[0m [32m"@/components/ui/button"[0m;
  [90m4 |[0m [36mimport[0m { useAuthStore } [36mfrom[0m [32m"@/store/authStore"[0m;
[31m[1m>[0m [90m5 |[0m [36mimport[0m { useRouter } [36mfrom[0m [32m"next/navigation"[0m;
  [90m  |[0m          [31m[1m^^^^^^^^^[0m
  [90m6 |[0m
  [90m7 |[0m [36mexport[0m [36mfunction[0m [33mNavbar[0m() {
  [90m8 |[0m   [36mconst[0m { isAuthenticated, logout } = useAuthStore();

Ecmascript file had an error

Import trace:
  Server Component:
    ./Desktop/hyperlocal-frontend/src/components/layout/Navbar.tsx
    ./Desktop/hyperlocal-frontend/src/app/layout.tsx


[browser] ./Desktop/hyperlocal-frontend/src/components/layout/Navbar.tsx:5:10
You're importing a module that depends on `useRouter` into a React Server Component module. This API is only available in Client Components. To fix, mark the file (or its parent) with the `"use client"` directive.
    Learn more: https://nextjs.org/docs/app/api-reference/directives/use-client
  3 | import { Button } from "@/components/ui/button";
  4 | import { useAuthStore } from "@/store/authStore";
> 5 | import { useRouter } from "next/navigation";
    |          ^^^^^^^^^
  6 |
  7 | export function Navbar() {
  8 |   const { isAuthenticated, logout } = useAuthStore();

Ecmascript file had an error

Import trace:
  Server Component:
    ./Desktop/hyperlocal-frontend/src/components/layout/Navbar.tsx
    ./Desktop/hyperlocal-frontend/src/app/layout.tsx 
[browser] ./Desktop/hyperlocal-frontend/src/components/layout/Navbar.tsx:5:10
You're importing a module that depends on `useRouter` into a React Server Component module. This API is only available in Client Components. To fix, mark the file (or its parent) with the `"use client"` directive.
    Learn more: https://nextjs.org/docs/app/api-reference/directives/use-client
  3 | import { Button } from "@/components/ui/button";
  4 | import { useAuthStore } from "@/store/authStore";
> 5 | import { useRouter } from "next/navigation";
    |          ^^^^^^^^^
  6 |
  7 | export function Navbar() {
  8 |   const { isAuthenticated, logout } = useAuthStore();

Ecmascript file had an error

Import trace:
  Server Component:
    ./Desktop/hyperlocal-frontend/src/components/layout/Navbar.tsx
    ./Desktop/hyperlocal-frontend/src/app/layout.tsx 
[browser] Failed to load vendor AxiosError: Request failed with status code 401 (src/app/vendor/[slug]/page.tsx:25:17)
[browser] Failed to load vendor AxiosError: Request failed with status code 401 (src/app/vendor/[slug]/page.tsx:25:17)
[browser] Failed to load vendor AxiosError: Request failed with status code 401 (src/app/vendor/[slug]/page.tsx:25:17)
[browser] Failed to load vendor AxiosError: Request failed with status code 401 (src/app/vendor/[slug]/page.tsx:25:17)
⨯ ./Desktop/hyperlocal-frontend/src/app/profile/notifications/page.tsx:6:1
Module not found: Can't resolve '@/components/ui/switch'
  [90m4 |[0m [36mimport[0m { useRouter } [36mfrom[0m [32m'next/navigation'[0m;
  [90m5 |[0m [36mimport[0m { [33mArrowLeft[0m, [33mBell[0m, [33mTag[0m, [33mShield[0m, [33mMegaphone[0m } [36mfrom[0m [32m'lucide-react'[0m;
[31m[1m>[0m [90m6 |[0m [36mimport[0m { [33mSwitch[0m } [36mfrom[0m [32m'@/components/ui/switch'[0m;
  [90m  |[0m [31m[1m^^^^^^^^^^^^^^^^^^^^^^^^^^^^^^^^^^^^^^^^^^^^^^^^[0m
  [90m7 |[0m
  [90m8 |[0m [36minterface[0m [33mNotifPref[0m {
  [90m9 |[0m   id: string;

Import map: aliased to relative './src/components/ui/switch' inside of [project]/Desktop/hyperlocal-frontend


Import traces:
  Client Component Browser:
    ./Desktop/hyperlocal-frontend/src/app/profile/notifications/page.tsx [Client Component Browser]
    ./Desktop/hyperlocal-frontend/src/app/profile/notifications/page.tsx [Server Component]

  Client Component SSR:
    ./Desktop/hyperlocal-frontend/src/app/profile/notifications/page.tsx [Client Component SSR]
    ./Desktop/hyperlocal-frontend/src/app/profile/notifications/page.tsx [Server Component]

https://nextjs.org/docs/messages/module-not-found


⨯ ./Desktop/hyperlocal-frontend/src/app/profile/notifications/page.tsx:6:1
Module not found: Can't resolve '@/components/ui/switch'
  [90m4 |[0m [36mimport[0m { useRouter } [36mfrom[0m [32m'next/navigation'[0m;
  [90m5 |[0m [36mimport[0m { [33mArrowLeft[0m, [33mBell[0m, [33mTag[0m, [33mShield[0m, [33mMegaphone[0m } [36mfrom[0m [32m'lucide-react'[0m;
[31m[1m>[0m [90m6 |[0m [36mimport[0m { [33mSwitch[0m } [36mfrom[0m [32m'@/components/ui/switch'[0m;
  [90m  |[0m [31m[1m^^^^^^^^^^^^^^^^^^^^^^^^^^^^^^^^^^^^^^^^^^^^^^^^[0m
  [90m7 |[0m
  [90m8 |[0m [36minterface[0m [33mNotifPref[0m {
  [90m9 |[0m   id: string;

Import map: aliased to relative './src/components/ui/switch' inside of [project]/Desktop/hyperlocal-frontend


Import traces:
  Client Component Browser:
    ./Desktop/hyperlocal-frontend/src/app/profile/notifications/page.tsx [Client Component Browser]
    ./Desktop/hyperlocal-frontend/src/app/profile/notifications/page.tsx [Server Component]

  Client Component SSR:
    ./Desktop/hyperlocal-frontend/src/app/profile/notifications/page.tsx [Client Component SSR]
    ./Desktop/hyperlocal-frontend/src/app/profile/notifications/page.tsx [Server Component]

https://nextjs.org/docs/messages/module-not-found


[browser] Uncaught Error: ./Desktop/hyperlocal-frontend/src/app/profile/notifications/page.tsx:6:1
Module not found: Can't resolve '@/components/ui/switch'
  4 | import { useRouter } from 'next/navigation';
  5 | import { ArrowLeft, Bell, Tag, Shield, Megaphone } from 'lucide-react';
> 6 | import { Switch } from '@/components/ui/switch';
    | ^^^^^^^^^^^^^^^^^^^^^^^^^^^^^^^^^^^^^^^^^^^^^^^^
  7 |
  8 | interface NotifPref {
  9 |   id: string;

Import map: aliased to relative './src/components/ui/switch' inside of [project]/Desktop/hyperlocal-frontend


Import traces:
  Client Component Browser:
    ./Desktop/hyperlocal-frontend/src/app/profile/notifications/page.tsx [Client Component Browser]
    ./Desktop/hyperlocal-frontend/src/app/profile/notifications/page.tsx [Server Component]

  Client Component SSR:
    ./Desktop/hyperlocal-frontend/src/app/profile/notifications/page.tsx [Client Component SSR]
    ./Desktop/hyperlocal-frontend/src/app/profile/notifications/page.tsx [Server Component]

https://nextjs.org/docs/messages/module-not-found


    at <unknown> (Error: ./Desktop/hyperlocal-frontend/src/app/profile/notifications/page.tsx:6:1)
    at <unknown> (https://nextjs.org/docs/messages/module-not-found)
    at <unknown> (Error: (./Desktop/hyperlocal-frontend/src/app/profile/notifications/page.tsx:6:1)
    at <unknown> (https://nextjs.org/docs/messages/module-not-found)
[browser] ./Desktop/hyperlocal-frontend/src/app/profile/notifications/page.tsx:6:1
Module not found: Can't resolve '@/components/ui/switch'
  4 | import { useRouter } from 'next/navigation';
  5 | import { ArrowLeft, Bell, Tag, Shield, Megaphone } from 'lucide-react';
> 6 | import { Switch } from '@/components/ui/switch';
    | ^^^^^^^^^^^^^^^^^^^^^^^^^^^^^^^^^^^^^^^^^^^^^^^^
  7 |
  8 | interface NotifPref {
  9 |   id: string;

Import map: aliased to relative './src/components/ui/switch' inside of [project]/Desktop/hyperlocal-frontend

Import traces:
  Client Component Browser:
    ./Desktop/hyperlocal-frontend/src/app/profile/notifications/page.tsx [Client Component Browser]
    ./Desktop/hyperlocal-frontend/src/app/profile/notifications/page.tsx [Server Component]

  Client Component SSR:
    ./Desktop/hyperlocal-frontend/src/app/profile/notifications/page.tsx [Client Component SSR]
    ./Desktop/hyperlocal-frontend/src/app/profile/notifications/page.tsx [Server Component]

https://nextjs.org/docs/messages/module-not-found 
[browser] ./Desktop/hyperlocal-frontend/src/app/profile/notifications/page.tsx:6:1
Module not found: Can't resolve '@/components/ui/switch'
  4 | import { useRouter } from 'next/navigation';
  5 | import { ArrowLeft, Bell, Tag, Shield, Megaphone } from 'lucide-react';
> 6 | import { Switch } from '@/components/ui/switch';
    | ^^^^^^^^^^^^^^^^^^^^^^^^^^^^^^^^^^^^^^^^^^^^^^^^
  7 |
  8 | interface NotifPref {
  9 |   id: string;

Import map: aliased to relative './src/components/ui/switch' inside of [project]/Desktop/hyperlocal-frontend

Import traces:
  Client Component Browser:
    ./Desktop/hyperlocal-frontend/src/app/profile/notifications/page.tsx [Client Component Browser]
    ./Desktop/hyperlocal-frontend/src/app/profile/notifications/page.tsx [Server Component]

  Client Component SSR:
    ./Desktop/hyperlocal-frontend/src/app/profile/notifications/page.tsx [Client Component SSR]
    ./Desktop/hyperlocal-frontend/src/app/profile/notifications/page.tsx [Server Component]

https://nextjs.org/docs/messages/module-not-found 
[browser] ./Desktop/hyperlocal-frontend/src/app/profile/notifications/page.tsx:6:1
Module not found: Can't resolve '@/components/ui/switch'
  4 | import { useRouter } from 'next/navigation';
  5 | import { ArrowLeft, Bell, Tag, Shield, Megaphone } from 'lucide-react';
> 6 | import { Switch } from '@/components/ui/switch';
    | ^^^^^^^^^^^^^^^^^^^^^^^^^^^^^^^^^^^^^^^^^^^^^^^^
  7 |
  8 | interface NotifPref {
  9 |   id: string;

Import map: aliased to relative './src/components/ui/switch' inside of [project]/Desktop/hyperlocal-frontend

Import traces:
  Client Component Browser:
    ./Desktop/hyperlocal-frontend/src/app/profile/notifications/page.tsx [Client Component Browser]
    ./Desktop/hyperlocal-frontend/src/app/profile/notifications/page.tsx [Server Component]

  Client Component SSR:
    ./Desktop/hyperlocal-frontend/src/app/profile/notifications/page.tsx [Client Component SSR]
    ./Desktop/hyperlocal-frontend/src/app/profile/notifications/page.tsx [Server Component]

https://nextjs.org/docs/messages/module-not-found 
[browser] ./Desktop/hyperlocal-frontend/src/app/profile/notifications/page.tsx:6:1
Module not found: Can't resolve '@/components/ui/switch'
  4 | import { useRouter } from 'next/navigation';
  5 | import { ArrowLeft, Bell, Tag, Shield, Megaphone } from 'lucide-react';
> 6 | import { Switch } from '@/components/ui/switch';
    | ^^^^^^^^^^^^^^^^^^^^^^^^^^^^^^^^^^^^^^^^^^^^^^^^
  7 |
  8 | interface NotifPref {
  9 |   id: string;

Import map: aliased to relative './src/components/ui/switch' inside of [project]/Desktop/hyperlocal-frontend

Import traces:
  Client Component Browser:
    ./Desktop/hyperlocal-frontend/src/app/profile/notifications/page.tsx [Client Component Browser]
    ./Desktop/hyperlocal-frontend/src/app/profile/notifications/page.tsx [Server Component]

  Client Component SSR:
    ./Desktop/hyperlocal-frontend/src/app/profile/notifications/page.tsx [Client Component SSR]
    ./Desktop/hyperlocal-frontend/src/app/profile/notifications/page.tsx [Server Component]

https://nextjs.org/docs/messages/module-not-found 
[browser] ./Desktop/hyperlocal-frontend/src/app/profile/notifications/page.tsx:6:1
Module not found: Can't resolve '@/components/ui/switch'
  4 | import { useRouter } from 'next/navigation';
  5 | import { ArrowLeft, Bell, Tag, Shield, Megaphone } from 'lucide-react';
> 6 | import { Switch } from '@/components/ui/switch';
    | ^^^^^^^^^^^^^^^^^^^^^^^^^^^^^^^^^^^^^^^^^^^^^^^^
  7 |
  8 | interface NotifPref {
  9 |   id: string;

Import map: aliased to relative './src/components/ui/switch' inside of [project]/Desktop/hyperlocal-frontend

Import traces:
  Client Component Browser:
    ./Desktop/hyperlocal-frontend/src/app/profile/notifications/page.tsx [Client Component Browser]
    ./Desktop/hyperlocal-frontend/src/app/profile/notifications/page.tsx [Server Component]

  Client Component SSR:
    ./Desktop/hyperlocal-frontend/src/app/profile/notifications/page.tsx [Client Component SSR]
    ./Desktop/hyperlocal-frontend/src/app/profile/notifications/page.tsx [Server Component]

https://nextjs.org/docs/messages/module-not-found 
[browser] Uncaught Error: Internal Next.js error: Router action dispatched before initialization.
[browser] Uncaught Error: Internal Next.js error: Router action dispatched before initialization.
[browser] Uncaught Error: Internal Next.js error: Router action dispatched before initialization.
[browser] Uncaught Error: Internal Next.js error: Router action dispatched before initialization.
[browser] Uncaught Error: Internal Next.js error: Router action dispatched before initialization.
[browser] Uncaught Error: Internal Next.js error: Router action dispatched before initialization.
[browser] Uncaught Error: Internal Next.js error: Router action dispatched before initialization.
[browser] Uncaught Error: Internal Next.js error: Router action dispatched before initialization.
[browser] Uncaught Error: Internal Next.js error: Router action dispatched before initialization.
[browser] Uncaught Error: Internal Next.js error: Router action dispatched before initialization.
[browser] Uncaught Error: Internal Next.js error: Router action dispatched before initialization.
[browser] Uncaught Error: Internal Next.js error: Router action dispatched before initialization.
[browser] Uncaught Error: Internal Next.js error: Router action dispatched before initialization.
[browser] Uncaught Error: Internal Next.js error: Router action dispatched before initialization.
[browser] Uncaught Error: Internal Next.js error: Router action dispatched before initialization.
[browser] Uncaught Error: Internal Next.js error: Router action dispatched before initialization.
[browser] Uncaught Error: Internal Next.js error: Router action dispatched before initialization.
[browser] Uncaught Error: Internal Next.js error: Router action dispatched before initialization.
[browser] Uncaught Error: Internal Next.js error: Router action dispatched before initialization.
[browser] Uncaught Error: Internal Next.js error: Router action dispatched before initialization.
[browser] Uncaught Error: Internal Next.js error: Router action dispatched before initialization.
[browser] Uncaught Error: Internal Next.js error: Router action dispatched before initialization.
[browser] Uncaught Error: Internal Next.js error: Router action dispatched before initialization.
[browser] Uncaught Error: Internal Next.js error: Router action dispatched before initialization.
[browser] Uncaught Error: Internal Next.js error: Router action dispatched before initialization.
[browser] Uncaught Error: Internal Next.js error: Router action dispatched before initialization.
[browser] Uncaught Error: Internal Next.js error: Router action dispatched before initialization.
[browser] Uncaught Error: Internal Next.js error: Router action dispatched before initialization.
[browser] Uncaught Error: Internal Next.js error: Router action dispatched before initialization.
[browser] Uncaught Error: Internal Next.js error: Router action dispatched before initialization.
[browser] Uncaught Error: Internal Next.js error: Router action dispatched before initialization.
[browser] Uncaught Error: Internal Next.js error: Router action dispatched before initialization.
[browser] Uncaught Error: Internal Next.js error: Router action dispatched before initialization.
[browser] Uncaught Error: Internal Next.js error: Router action dispatched before initialization.
[browser] Uncaught Error: Internal Next.js error: Router action dispatched before initialization.
[browser] Uncaught Error: Internal Next.js error: Router action dispatched before initialization.
[browser] Uncaught Error: Internal Next.js error: Router action dispatched before initialization.
[browser] Uncaught Error: Internal Next.js error: Router action dispatched before initialization.
[browser] Uncaught Error: Internal Next.js error: Router action dispatched before initialization.
[browser] Uncaught Error: Internal Next.js error: Router action dispatched before initialization.
[browser] Uncaught Error: Internal Next.js error: Router action dispatched before initialization.
[browser] Uncaught Error: Internal Next.js error: Router action dispatched before initialization.
[browser] Uncaught Error: Internal Next.js error: Router action dispatched before initialization.
[browser] Uncaught Error: Internal Next.js error: Router action dispatched before initialization.
[browser] Uncaught Error: Internal Next.js error: Router action dispatched before initialization.
[browser] Uncaught Error: Internal Next.js error: Router action dispatched before initialization.
[browser] ./Desktop/hyperlocal-frontend/src/app/profile/notifications/page.tsx:6:1
Module not found: Can't resolve '@/components/ui/switch'
  4 | import { useRouter } from 'next/navigation';
  5 | import { ArrowLeft, Bell, Tag, Shield, Megaphone } from 'lucide-react';
> 6 | import { Switch } from '@/components/ui/switch';
    | ^^^^^^^^^^^^^^^^^^^^^^^^^^^^^^^^^^^^^^^^^^^^^^^^
  7 |
  8 | interface NotifPref {
  9 |   id: string;

Import map: aliased to relative './src/components/ui/switch' inside of [project]/Desktop/hyperlocal-frontend

Import traces:
  Client Component Browser:
    ./Desktop/hyperlocal-frontend/src/app/profile/notifications/page.tsx [Client Component Browser]
    ./Desktop/hyperlocal-frontend/src/app/profile/notifications/page.tsx [Server Component]

  Client Component SSR:
    ./Desktop/hyperlocal-frontend/src/app/profile/notifications/page.tsx [Client Component SSR]
    ./Desktop/hyperlocal-frontend/src/app/profile/notifications/page.tsx [Server Component]

https://nextjs.org/docs/messages/module-not-found 
[browser] Uncaught Error: Internal Next.js error: Router action dispatched before initialization.
[browser] Uncaught Error: Internal Next.js error: Router action dispatched before initialization.
[browser] ./Desktop/hyperlocal-frontend/src/app/profile/notifications/page.tsx:6:1
Module not found: Can't resolve '@/components/ui/switch'
  4 | import { useRouter } from 'next/navigation';
  5 | import { ArrowLeft, Bell, Tag, Shield, Megaphone } from 'lucide-react';
> 6 | import { Switch } from '@/components/ui/switch';
    | ^^^^^^^^^^^^^^^^^^^^^^^^^^^^^^^^^^^^^^^^^^^^^^^^
  7 |
  8 | interface NotifPref {
  9 |   id: string;

Import map: aliased to relative './src/components/ui/switch' inside of [project]/Desktop/hyperlocal-frontend

Import traces:
  Client Component Browser:
    ./Desktop/hyperlocal-frontend/src/app/profile/notifications/page.tsx [Client Component Browser]
    ./Desktop/hyperlocal-frontend/src/app/profile/notifications/page.tsx [Server Component]

  Client Component SSR:
    ./Desktop/hyperlocal-frontend/src/app/profile/notifications/page.tsx [Client Component SSR]
    ./Desktop/hyperlocal-frontend/src/app/profile/notifications/page.tsx [Server Component]

https://nextjs.org/docs/messages/module-not-found 
[browser] Uncaught Error: Internal Next.js error: Router action dispatched before initialization.
[browser] Uncaught Error: Internal Next.js error: Router action dispatched before initialization.
[browser] Uncaught Error: Internal Next.js error: Router action dispatched before initialization.
[browser] Uncaught Error: Internal Next.js error: Router action dispatched before initialization.
[browser] Uncaught Error: Internal Next.js error: Router action dispatched before initialization.
[browser] Uncaught Error: Internal Next.js error: Router action dispatched before initialization.
[browser] Uncaught Error: Internal Next.js error: Router action dispatched before initialization.
[browser] Uncaught Error: Internal Next.js error: Router action dispatched before initialization.
[browser] Uncaught Error: Internal Next.js error: Router action dispatched before initialization.
[browser] Uncaught Error: Internal Next.js error: Router action dispatched before initialization.
[browser] Uncaught Error: Internal Next.js error: Router action dispatched before initialization.
[browser] Uncaught Error: Internal Next.js error: Router action dispatched before initialization.
[browser] Uncaught Error: Internal Next.js error: Router action dispatched before initialization.
[browser] Uncaught Error: Internal Next.js error: Router action dispatched before initialization.
[browser] Uncaught Error: Internal Next.js error: Router action dispatched before initialization.
[browser] Uncaught Error: Internal Next.js error: Router action dispatched before initialization.
[browser] Uncaught Error: Internal Next.js error: Router action dispatched before initialization.
[browser] ./Desktop/hyperlocal-frontend/src/app/profile/notifications/page.tsx:6:1
Module not found: Can't resolve '@/components/ui/switch'
  4 | import { useRouter } from 'next/navigation';
  5 | import { ArrowLeft, Bell, Tag, Shield, Megaphone } from 'lucide-react';
> 6 | import { Switch } from '@/components/ui/switch';
    | ^^^^^^^^^^^^^^^^^^^^^^^^^^^^^^^^^^^^^^^^^^^^^^^^
  7 |
  8 | interface NotifPref {
  9 |   id: string;

Import map: aliased to relative './src/components/ui/switch' inside of [project]/Desktop/hyperlocal-frontend

Import traces:
  Client Component Browser:
    ./Desktop/hyperlocal-frontend/src/app/profile/notifications/page.tsx [Client Component Browser]
    ./Desktop/hyperlocal-frontend/src/app/profile/notifications/page.tsx [Server Component]

  Client Component SSR:
    ./Desktop/hyperlocal-frontend/src/app/profile/notifications/page.tsx [Client Component SSR]
    ./Desktop/hyperlocal-frontend/src/app/profile/notifications/page.tsx [Server Component]

https://nextjs.org/docs/messages/module-not-found 
[browser] ./Desktop/hyperlocal-frontend/src/app/profile/notifications/page.tsx:6:1
Module not found: Can't resolve '@/components/ui/switch'
  4 | import { useRouter } from 'next/navigation';
  5 | import { ArrowLeft, Bell, Tag, Shield, Megaphone } from 'lucide-react';
> 6 | import { Switch } from '@/components/ui/switch';
    | ^^^^^^^^^^^^^^^^^^^^^^^^^^^^^^^^^^^^^^^^^^^^^^^^
  7 |
  8 | interface NotifPref {
  9 |   id: string;

Import map: aliased to relative './src/components/ui/switch' inside of [project]/Desktop/hyperlocal-frontend

Import traces:
  Client Component Browser:
    ./Desktop/hyperlocal-frontend/src/app/profile/notifications/page.tsx [Client Component Browser]
    ./Desktop/hyperlocal-frontend/src/app/profile/notifications/page.tsx [Server Component]

  Client Component SSR:
    ./Desktop/hyperlocal-frontend/src/app/profile/notifications/page.tsx [Client Component SSR]
    ./Desktop/hyperlocal-frontend/src/app/profile/notifications/page.tsx [Server Component]

https://nextjs.org/docs/messages/module-not-found 
[browser] ./Desktop/hyperlocal-frontend/src/app/profile/notifications/page.tsx:6:1
Module not found: Can't resolve '@/components/ui/switch'
  4 | import { useRouter } from 'next/navigation';
  5 | import { ArrowLeft, Bell, Tag, Shield, Megaphone } from 'lucide-react';
> 6 | import { Switch } from '@/components/ui/switch';
    | ^^^^^^^^^^^^^^^^^^^^^^^^^^^^^^^^^^^^^^^^^^^^^^^^
  7 |
  8 | interface NotifPref {
  9 |   id: string;

Import map: aliased to relative './src/components/ui/switch' inside of [project]/Desktop/hyperlocal-frontend

Import traces:
  Client Component Browser:
    ./Desktop/hyperlocal-frontend/src/app/profile/notifications/page.tsx [Client Component Browser]
    ./Desktop/hyperlocal-frontend/src/app/profile/notifications/page.tsx [Server Component]

  Client Component SSR:
    ./Desktop/hyperlocal-frontend/src/app/profile/notifications/page.tsx [Client Component SSR]
    ./Desktop/hyperlocal-frontend/src/app/profile/notifications/page.tsx [Server Component]

https://nextjs.org/docs/messages/module-not-found 
[browser] Uncaught Error: ./Desktop/hyperlocal-frontend/src/app/profile/notifications/page.tsx:6:1
Module not found: Can't resolve '@/components/ui/switch'
  4 | import { useRouter } from 'next/navigation';
  5 | import { ArrowLeft, Bell, Tag, Shield, Megaphone } from 'lucide-react';
> 6 | import { Switch } from '@/components/ui/switch';
    | ^^^^^^^^^^^^^^^^^^^^^^^^^^^^^^^^^^^^^^^^^^^^^^^^
  7 |
  8 | interface NotifPref {
  9 |   id: string;

Import map: aliased to relative './src/components/ui/switch' inside of [project]/Desktop/hyperlocal-frontend


Import traces:
  Client Component Browser:
    ./Desktop/hyperlocal-frontend/src/app/profile/notifications/page.tsx [Client Component Browser]
    ./Desktop/hyperlocal-frontend/src/app/profile/notifications/page.tsx [Server Component]

  Client Component SSR:
    ./Desktop/hyperlocal-frontend/src/app/profile/notifications/page.tsx [Client Component SSR]
    ./Desktop/hyperlocal-frontend/src/app/profile/notifications/page.tsx [Server Component]

https://nextjs.org/docs/messages/module-not-found


    at <unknown> (Error: ./Desktop/hyperlocal-frontend/src/app/profile/notifications/page.tsx:6:1)
    at <unknown> (https://nextjs.org/docs/messages/module-not-found)
    at <unknown> (Error: (./Desktop/hyperlocal-frontend/src/app/profile/notifications/page.tsx:6:1)
    at <unknown> (https://nextjs.org/docs/messages/module-not-found)
[browser] ./Desktop/hyperlocal-frontend/src/app/profile/notifications/page.tsx:6:1
Module not found: Can't resolve '@/components/ui/switch'
  4 | import { useRouter } from 'next/navigation';
  5 | import { ArrowLeft, Bell, Tag, Shield, Megaphone } from 'lucide-react';
> 6 | import { Switch } from '@/components/ui/switch';
    | ^^^^^^^^^^^^^^^^^^^^^^^^^^^^^^^^^^^^^^^^^^^^^^^^
  7 |
  8 | interface NotifPref {
  9 |   id: string;

Import map: aliased to relative './src/components/ui/switch' inside of [project]/Desktop/hyperlocal-frontend

Import traces:
  Client Component Browser:
    ./Desktop/hyperlocal-frontend/src/app/profile/notifications/page.tsx [Client Component Browser]
    ./Desktop/hyperlocal-frontend/src/app/profile/notifications/page.tsx [Server Component]

  Client Component SSR:
    ./Desktop/hyperlocal-frontend/src/app/profile/notifications/page.tsx [Client Component SSR]
    ./Desktop/hyperlocal-frontend/src/app/profile/notifications/page.tsx [Server Component]

https://nextjs.org/docs/messages/module-not-found 
[browser] ./Desktop/hyperlocal-frontend/src/app/profile/notifications/page.tsx:6:1
Module not found: Can't resolve '@/components/ui/switch'
  4 | import { useRouter } from 'next/navigation';
  5 | import { ArrowLeft, Bell, Tag, Shield, Megaphone } from 'lucide-react';
> 6 | import { Switch } from '@/components/ui/switch';
    | ^^^^^^^^^^^^^^^^^^^^^^^^^^^^^^^^^^^^^^^^^^^^^^^^
  7 |
  8 | interface NotifPref {
  9 |   id: string;

Import map: aliased to relative './src/components/ui/switch' inside of [project]/Desktop/hyperlocal-frontend

Import traces:
  Client Component Browser:
    ./Desktop/hyperlocal-frontend/src/app/profile/notifications/page.tsx [Client Component Browser]
    ./Desktop/hyperlocal-frontend/src/app/profile/notifications/page.tsx [Server Component]

  Client Component SSR:
    ./Desktop/hyperlocal-frontend/src/app/profile/notifications/page.tsx [Client Component SSR]
    ./Desktop/hyperlocal-frontend/src/app/profile/notifications/page.tsx [Server Component]

https://nextjs.org/docs/messages/module-not-found 
[browser] Uncaught Error: ./Desktop/hyperlocal-frontend/src/app/profile/notifications/page.tsx:6:1
Module not found: Can't resolve '@/components/ui/switch'
  4 | import { useRouter } from 'next/navigation';
  5 | import { ArrowLeft, Bell, Tag, Shield, Megaphone } from 'lucide-react';
> 6 | import { Switch } from '@/components/ui/switch';
    | ^^^^^^^^^^^^^^^^^^^^^^^^^^^^^^^^^^^^^^^^^^^^^^^^
  7 |
  8 | interface NotifPref {
  9 |   id: string;

Import map: aliased to relative './src/components/ui/switch' inside of [project]/Desktop/hyperlocal-frontend


Import traces:
  Client Component Browser:
    ./Desktop/hyperlocal-frontend/src/app/profile/notifications/page.tsx [Client Component Browser]
    ./Desktop/hyperlocal-frontend/src/app/profile/notifications/page.tsx [Server Component]

  Client Component SSR:
    ./Desktop/hyperlocal-frontend/src/app/profile/notifications/page.tsx [Client Component SSR]
    ./Desktop/hyperlocal-frontend/src/app/profile/notifications/page.tsx [Server Component]

https://nextjs.org/docs/messages/module-not-found


    at <unknown> (Error: ./Desktop/hyperlocal-frontend/src/app/profile/notifications/page.tsx:6:1)
    at <unknown> (https://nextjs.org/docs/messages/module-not-found)
    at <unknown> (Error: (./Desktop/hyperlocal-frontend/src/app/profile/notifications/page.tsx:6:1)
    at <unknown> (https://nextjs.org/docs/messages/module-not-found)
[browser] ./Desktop/hyperlocal-frontend/src/app/profile/notifications/page.tsx:6:1
Module not found: Can't resolve '@/components/ui/switch'
  4 | import { useRouter } from 'next/navigation';
  5 | import { ArrowLeft, Bell, Tag, Shield, Megaphone } from 'lucide-react';
> 6 | import { Switch } from '@/components/ui/switch';
    | ^^^^^^^^^^^^^^^^^^^^^^^^^^^^^^^^^^^^^^^^^^^^^^^^
  7 |
  8 | interface NotifPref {
  9 |   id: string;

Import map: aliased to relative './src/components/ui/switch' inside of [project]/Desktop/hyperlocal-frontend

Import traces:
  Client Component Browser:
    ./Desktop/hyperlocal-frontend/src/app/profile/notifications/page.tsx [Client Component Browser]
    ./Desktop/hyperlocal-frontend/src/app/profile/notifications/page.tsx [Server Component]

  Client Component SSR:
    ./Desktop/hyperlocal-frontend/src/app/profile/notifications/page.tsx [Client Component SSR]
    ./Desktop/hyperlocal-frontend/src/app/profile/notifications/page.tsx [Server Component]

https://nextjs.org/docs/messages/module-not-found 
[browser] ./Desktop/hyperlocal-frontend/src/app/profile/notifications/page.tsx:6:1
Module not found: Can't resolve '@/components/ui/switch'
  4 | import { useRouter } from 'next/navigation';
  5 | import { ArrowLeft, Bell, Tag, Shield, Megaphone } from 'lucide-react';
> 6 | import { Switch } from '@/components/ui/switch';
    | ^^^^^^^^^^^^^^^^^^^^^^^^^^^^^^^^^^^^^^^^^^^^^^^^
  7 |
  8 | interface NotifPref {
  9 |   id: string;

Import map: aliased to relative './src/components/ui/switch' inside of [project]/Desktop/hyperlocal-frontend

Import traces:
  Client Component Browser:
    ./Desktop/hyperlocal-frontend/src/app/profile/notifications/page.tsx [Client Component Browser]
    ./Desktop/hyperlocal-frontend/src/app/profile/notifications/page.tsx [Server Component]

  Client Component SSR:
    ./Desktop/hyperlocal-frontend/src/app/profile/notifications/page.tsx [Client Component SSR]
    ./Desktop/hyperlocal-frontend/src/app/profile/notifications/page.tsx [Server Component]

https://nextjs.org/docs/messages/module-not-found 
[browser] Uncaught Error: ./Desktop/hyperlocal-frontend/src/app/profile/notifications/page.tsx:6:1
Module not found: Can't resolve '@/components/ui/switch'
  4 | import { useRouter } from 'next/navigation';
  5 | import { ArrowLeft, Bell, Tag, Shield, Megaphone } from 'lucide-react';
> 6 | import { Switch } from '@/components/ui/switch';
    | ^^^^^^^^^^^^^^^^^^^^^^^^^^^^^^^^^^^^^^^^^^^^^^^^
  7 |
  8 | interface NotifPref {
  9 |   id: string;

Import map: aliased to relative './src/components/ui/switch' inside of [project]/Desktop/hyperlocal-frontend


Import traces:
  Client Component Browser:
    ./Desktop/hyperlocal-frontend/src/app/profile/notifications/page.tsx [Client Component Browser]
    ./Desktop/hyperlocal-frontend/src/app/profile/notifications/page.tsx [Server Component]

  Client Component SSR:
    ./Desktop/hyperlocal-frontend/src/app/profile/notifications/page.tsx [Client Component SSR]
    ./Desktop/hyperlocal-frontend/src/app/profile/notifications/page.tsx [Server Component]

https://nextjs.org/docs/messages/module-not-found


    at <unknown> (Error: ./Desktop/hyperlocal-frontend/src/app/profile/notifications/page.tsx:6:1)
    at <unknown> (https://nextjs.org/docs/messages/module-not-found)
    at <unknown> (Error: (./Desktop/hyperlocal-frontend/src/app/profile/notifications/page.tsx:6:1)
    at <unknown> (https://nextjs.org/docs/messages/module-not-found)
[browser] ./Desktop/hyperlocal-frontend/src/app/profile/notifications/page.tsx:6:1
Module not found: Can't resolve '@/components/ui/switch'
  4 | import { useRouter } from 'next/navigation';
  5 | import { ArrowLeft, Bell, Tag, Shield, Megaphone } from 'lucide-react';
> 6 | import { Switch } from '@/components/ui/switch';
    | ^^^^^^^^^^^^^^^^^^^^^^^^^^^^^^^^^^^^^^^^^^^^^^^^
  7 |
  8 | interface NotifPref {
  9 |   id: string;

Import map: aliased to relative './src/components/ui/switch' inside of [project]/Desktop/hyperlocal-frontend

Import traces:
  Client Component Browser:
    ./Desktop/hyperlocal-frontend/src/app/profile/notifications/page.tsx [Client Component Browser]
    ./Desktop/hyperlocal-frontend/src/app/profile/notifications/page.tsx [Server Component]

  Client Component SSR:
    ./Desktop/hyperlocal-frontend/src/app/profile/notifications/page.tsx [Client Component SSR]
    ./Desktop/hyperlocal-frontend/src/app/profile/notifications/page.tsx [Server Component]

https://nextjs.org/docs/messages/module-not-found 
[browser] ./Desktop/hyperlocal-frontend/src/app/profile/notifications/page.tsx:6:1
Module not found: Can't resolve '@/components/ui/switch'
  4 | import { useRouter } from 'next/navigation';
  5 | import { ArrowLeft, Bell, Tag, Shield, Megaphone } from 'lucide-react';
> 6 | import { Switch } from '@/components/ui/switch';
    | ^^^^^^^^^^^^^^^^^^^^^^^^^^^^^^^^^^^^^^^^^^^^^^^^
  7 |
  8 | interface NotifPref {
  9 |   id: string;

Import map: aliased to relative './src/components/ui/switch' inside of [project]/Desktop/hyperlocal-frontend

Import traces:
  Client Component Browser:
    ./Desktop/hyperlocal-frontend/src/app/profile/notifications/page.tsx [Client Component Browser]
    ./Desktop/hyperlocal-frontend/src/app/profile/notifications/page.tsx [Server Component]

  Client Component SSR:
    ./Desktop/hyperlocal-frontend/src/app/profile/notifications/page.tsx [Client Component SSR]
    ./Desktop/hyperlocal-frontend/src/app/profile/notifications/page.tsx [Server Component]

https://nextjs.org/docs/messages/module-not-found 
[browser] Uncaught Error: ./Desktop/hyperlocal-frontend/src/app/profile/notifications/page.tsx:6:1
Module not found: Can't resolve '@/components/ui/switch'
  4 | import { useRouter } from 'next/navigation';
  5 | import { ArrowLeft, Bell, Tag, Shield, Megaphone } from 'lucide-react';
> 6 | import { Switch } from '@/components/ui/switch';
    | ^^^^^^^^^^^^^^^^^^^^^^^^^^^^^^^^^^^^^^^^^^^^^^^^
  7 |
  8 | interface NotifPref {
  9 |   id: string;

Import map: aliased to relative './src/components/ui/switch' inside of [project]/Desktop/hyperlocal-frontend


Import traces:
  Client Component Browser:
    ./Desktop/hyperlocal-frontend/src/app/profile/notifications/page.tsx [Client Component Browser]
    ./Desktop/hyperlocal-frontend/src/app/profile/notifications/page.tsx [Server Component]

  Client Component SSR:
    ./Desktop/hyperlocal-frontend/src/app/profile/notifications/page.tsx [Client Component SSR]
    ./Desktop/hyperlocal-frontend/src/app/profile/notifications/page.tsx [Server Component]

https://nextjs.org/docs/messages/module-not-found


    at <unknown> (Error: ./Desktop/hyperlocal-frontend/src/app/profile/notifications/page.tsx:6:1)
    at <unknown> (https://nextjs.org/docs/messages/module-not-found)
    at <unknown> (Error: (./Desktop/hyperlocal-frontend/src/app/profile/notifications/page.tsx:6:1)
    at <unknown> (https://nextjs.org/docs/messages/module-not-found)
[browser] ./Desktop/hyperlocal-frontend/src/app/profile/notifications/page.tsx:6:1
Module not found: Can't resolve '@/components/ui/switch'
  4 | import { useRouter } from 'next/navigation';
  5 | import { ArrowLeft, Bell, Tag, Shield, Megaphone } from 'lucide-react';
> 6 | import { Switch } from '@/components/ui/switch';
    | ^^^^^^^^^^^^^^^^^^^^^^^^^^^^^^^^^^^^^^^^^^^^^^^^
  7 |
  8 | interface NotifPref {
  9 |   id: string;

Import map: aliased to relative './src/components/ui/switch' inside of [project]/Desktop/hyperlocal-frontend

Import traces:
  Client Component Browser:
    ./Desktop/hyperlocal-frontend/src/app/profile/notifications/page.tsx [Client Component Browser]
    ./Desktop/hyperlocal-frontend/src/app/profile/notifications/page.tsx [Server Component]

  Client Component SSR:
    ./Desktop/hyperlocal-frontend/src/app/profile/notifications/page.tsx [Client Component SSR]
    ./Desktop/hyperlocal-frontend/src/app/profile/notifications/page.tsx [Server Component]

https://nextjs.org/docs/messages/module-not-found 
[browser] ./Desktop/hyperlocal-frontend/src/app/profile/notifications/page.tsx:6:1
Module not found: Can't resolve '@/components/ui/switch'
  4 | import { useRouter } from 'next/navigation';
  5 | import { ArrowLeft, Bell, Tag, Shield, Megaphone } from 'lucide-react';
> 6 | import { Switch } from '@/components/ui/switch';
    | ^^^^^^^^^^^^^^^^^^^^^^^^^^^^^^^^^^^^^^^^^^^^^^^^
  7 |
  8 | interface NotifPref {
  9 |   id: string;

Import map: aliased to relative './src/components/ui/switch' inside of [project]/Desktop/hyperlocal-frontend

Import traces:
  Client Component Browser:
    ./Desktop/hyperlocal-frontend/src/app/profile/notifications/page.tsx [Client Component Browser]
    ./Desktop/hyperlocal-frontend/src/app/profile/notifications/page.tsx [Server Component]

  Client Component SSR:
    ./Desktop/hyperlocal-frontend/src/app/profile/notifications/page.tsx [Client Component SSR]
    ./Desktop/hyperlocal-frontend/src/app/profile/notifications/page.tsx [Server Component]

https://nextjs.org/docs/messages/module-not-found 
[browser] Uncaught Error: ./Desktop/hyperlocal-frontend/src/app/profile/notifications/page.tsx:6:1
Module not found: Can't resolve '@/components/ui/switch'
  4 | import { useRouter } from 'next/navigation';
  5 | import { ArrowLeft, Bell, Tag, Shield, Megaphone } from 'lucide-react';
> 6 | import { Switch } from '@/components/ui/switch';
    | ^^^^^^^^^^^^^^^^^^^^^^^^^^^^^^^^^^^^^^^^^^^^^^^^
  7 |
  8 | interface NotifPref {
  9 |   id: string;

Import map: aliased to relative './src/components/ui/switch' inside of [project]/Desktop/hyperlocal-frontend


Import traces:
  Client Component Browser:
    ./Desktop/hyperlocal-frontend/src/app/profile/notifications/page.tsx [Client Component Browser]
    ./Desktop/hyperlocal-frontend/src/app/profile/notifications/page.tsx [Server Component]

  Client Component SSR:
    ./Desktop/hyperlocal-frontend/src/app/profile/notifications/page.tsx [Client Component SSR]
    ./Desktop/hyperlocal-frontend/src/app/profile/notifications/page.tsx [Server Component]

https://nextjs.org/docs/messages/module-not-found


    at <unknown> (Error: ./Desktop/hyperlocal-frontend/src/app/profile/notifications/page.tsx:6:1)
    at <unknown> (https://nextjs.org/docs/messages/module-not-found)
    at <unknown> (Error: (./Desktop/hyperlocal-frontend/src/app/profile/notifications/page.tsx:6:1)
    at <unknown> (https://nextjs.org/docs/messages/module-not-found)
[browser] ./Desktop/hyperlocal-frontend/src/app/profile/notifications/page.tsx:6:1
Module not found: Can't resolve '@/components/ui/switch'
  4 | import { useRouter } from 'next/navigation';
  5 | import { ArrowLeft, Bell, Tag, Shield, Megaphone } from 'lucide-react';
> 6 | import { Switch } from '@/components/ui/switch';
    | ^^^^^^^^^^^^^^^^^^^^^^^^^^^^^^^^^^^^^^^^^^^^^^^^
  7 |
  8 | interface NotifPref {
  9 |   id: string;

Import map: aliased to relative './src/components/ui/switch' inside of [project]/Desktop/hyperlocal-frontend

Import traces:
  Client Component Browser:
    ./Desktop/hyperlocal-frontend/src/app/profile/notifications/page.tsx [Client Component Browser]
    ./Desktop/hyperlocal-frontend/src/app/profile/notifications/page.tsx [Server Component]

  Client Component SSR:
    ./Desktop/hyperlocal-frontend/src/app/profile/notifications/page.tsx [Client Component SSR]
    ./Desktop/hyperlocal-frontend/src/app/profile/notifications/page.tsx [Server Component]

https://nextjs.org/docs/messages/module-not-found 
[browser] ./Desktop/hyperlocal-frontend/src/app/profile/notifications/page.tsx:6:1
Module not found: Can't resolve '@/components/ui/switch'
  4 | import { useRouter } from 'next/navigation';
  5 | import { ArrowLeft, Bell, Tag, Shield, Megaphone } from 'lucide-react';
> 6 | import { Switch } from '@/components/ui/switch';
    | ^^^^^^^^^^^^^^^^^^^^^^^^^^^^^^^^^^^^^^^^^^^^^^^^
  7 |
  8 | interface NotifPref {
  9 |   id: string;

Import map: aliased to relative './src/components/ui/switch' inside of [project]/Desktop/hyperlocal-frontend

Import traces:
  Client Component Browser:
    ./Desktop/hyperlocal-frontend/src/app/profile/notifications/page.tsx [Client Component Browser]
    ./Desktop/hyperlocal-frontend/src/app/profile/notifications/page.tsx [Server Component]

  Client Component SSR:
    ./Desktop/hyperlocal-frontend/src/app/profile/notifications/page.tsx [Client Component SSR]
    ./Desktop/hyperlocal-frontend/src/app/profile/notifications/page.tsx [Server Component]

https://nextjs.org/docs/messages/module-not-found 
[browser] Uncaught Error: ./Desktop/hyperlocal-frontend/src/app/profile/notifications/page.tsx:6:1
Module not found: Can't resolve '@/components/ui/switch'
  4 | import { useRouter } from 'next/navigation';
  5 | import { ArrowLeft, Bell, Tag, Shield, Megaphone } from 'lucide-react';
> 6 | import { Switch } from '@/components/ui/switch';
    | ^^^^^^^^^^^^^^^^^^^^^^^^^^^^^^^^^^^^^^^^^^^^^^^^
  7 |
  8 | interface NotifPref {
  9 |   id: string;

Import map: aliased to relative './src/components/ui/switch' inside of [project]/Desktop/hyperlocal-frontend


Import traces:
  Client Component Browser:
    ./Desktop/hyperlocal-frontend/src/app/profile/notifications/page.tsx [Client Component Browser]
    ./Desktop/hyperlocal-frontend/src/app/profile/notifications/page.tsx [Server Component]

  Client Component SSR:
    ./Desktop/hyperlocal-frontend/src/app/profile/notifications/page.tsx [Client Component SSR]
    ./Desktop/hyperlocal-frontend/src/app/profile/notifications/page.tsx [Server Component]

https://nextjs.org/docs/messages/module-not-found


    at <unknown> (Error: ./Desktop/hyperlocal-frontend/src/app/profile/notifications/page.tsx:6:1)
    at <unknown> (https://nextjs.org/docs/messages/module-not-found)
    at <unknown> (Error: (./Desktop/hyperlocal-frontend/src/app/profile/notifications/page.tsx:6:1)
    at <unknown> (https://nextjs.org/docs/messages/module-not-found)
[browser] ./Desktop/hyperlocal-frontend/src/app/profile/notifications/page.tsx:6:1
Module not found: Can't resolve '@/components/ui/switch'
  4 | import { useRouter } from 'next/navigation';
  5 | import { ArrowLeft, Bell, Tag, Shield, Megaphone } from 'lucide-react';
> 6 | import { Switch } from '@/components/ui/switch';
    | ^^^^^^^^^^^^^^^^^^^^^^^^^^^^^^^^^^^^^^^^^^^^^^^^
  7 |
  8 | interface NotifPref {
  9 |   id: string;

Import map: aliased to relative './src/components/ui/switch' inside of [project]/Desktop/hyperlocal-frontend

Import traces:
  Client Component Browser:
    ./Desktop/hyperlocal-frontend/src/app/profile/notifications/page.tsx [Client Component Browser]
    ./Desktop/hyperlocal-frontend/src/app/profile/notifications/page.tsx [Server Component]

  Client Component SSR:
    ./Desktop/hyperlocal-frontend/src/app/profile/notifications/page.tsx [Client Component SSR]
    ./Desktop/hyperlocal-frontend/src/app/profile/notifications/page.tsx [Server Component]

https://nextjs.org/docs/messages/module-not-found 
[browser] ./Desktop/hyperlocal-frontend/src/app/profile/notifications/page.tsx:6:1
Module not found: Can't resolve '@/components/ui/switch'
  4 | import { useRouter } from 'next/navigation';
  5 | import { ArrowLeft, Bell, Tag, Shield, Megaphone } from 'lucide-react';
> 6 | import { Switch } from '@/components/ui/switch';
    | ^^^^^^^^^^^^^^^^^^^^^^^^^^^^^^^^^^^^^^^^^^^^^^^^
  7 |
  8 | interface NotifPref {
  9 |   id: string;

Import map: aliased to relative './src/components/ui/switch' inside of [project]/Desktop/hyperlocal-frontend

Import traces:
  Client Component Browser:
    ./Desktop/hyperlocal-frontend/src/app/profile/notifications/page.tsx [Client Component Browser]
    ./Desktop/hyperlocal-frontend/src/app/profile/notifications/page.tsx [Server Component]

  Client Component SSR:
    ./Desktop/hyperlocal-frontend/src/app/profile/notifications/page.tsx [Client Component SSR]
    ./Desktop/hyperlocal-frontend/src/app/profile/notifications/page.tsx [Server Component]

https://nextjs.org/docs/messages/module-not-found 
[browser] Uncaught Error: ./Desktop/hyperlocal-frontend/src/app/profile/notifications/page.tsx:6:1
Module not found: Can't resolve '@/components/ui/switch'
  4 | import { useRouter } from 'next/navigation';
  5 | import { ArrowLeft, Bell, Tag, Shield, Megaphone } from 'lucide-react';
> 6 | import { Switch } from '@/components/ui/switch';
    | ^^^^^^^^^^^^^^^^^^^^^^^^^^^^^^^^^^^^^^^^^^^^^^^^
  7 |
  8 | interface NotifPref {
  9 |   id: string;

Import map: aliased to relative './src/components/ui/switch' inside of [project]/Desktop/hyperlocal-frontend


Import traces:
  Client Component Browser:
    ./Desktop/hyperlocal-frontend/src/app/profile/notifications/page.tsx [Client Component Browser]
    ./Desktop/hyperlocal-frontend/src/app/profile/notifications/page.tsx [Server Component]

  Client Component SSR:
    ./Desktop/hyperlocal-frontend/src/app/profile/notifications/page.tsx [Client Component SSR]
    ./Desktop/hyperlocal-frontend/src/app/profile/notifications/page.tsx [Server Component]

https://nextjs.org/docs/messages/module-not-found


    at <unknown> (Error: ./Desktop/hyperlocal-frontend/src/app/profile/notifications/page.tsx:6:1)
    at <unknown> (https://nextjs.org/docs/messages/module-not-found)
    at <unknown> (Error: (./Desktop/hyperlocal-frontend/src/app/profile/notifications/page.tsx:6:1)
    at <unknown> (https://nextjs.org/docs/messages/module-not-found)
[browser] ./Desktop/hyperlocal-frontend/src/app/profile/notifications/page.tsx:6:1
Module not found: Can't resolve '@/components/ui/switch'
  4 | import { useRouter } from 'next/navigation';
  5 | import { ArrowLeft, Bell, Tag, Shield, Megaphone } from 'lucide-react';
> 6 | import { Switch } from '@/components/ui/switch';
    | ^^^^^^^^^^^^^^^^^^^^^^^^^^^^^^^^^^^^^^^^^^^^^^^^
  7 |
  8 | interface NotifPref {
  9 |   id: string;

Import map: aliased to relative './src/components/ui/switch' inside of [project]/Desktop/hyperlocal-frontend

Import traces:
  Client Component Browser:
    ./Desktop/hyperlocal-frontend/src/app/profile/notifications/page.tsx [Client Component Browser]
    ./Desktop/hyperlocal-frontend/src/app/profile/notifications/page.tsx [Server Component]

  Client Component SSR:
    ./Desktop/hyperlocal-frontend/src/app/profile/notifications/page.tsx [Client Component SSR]
    ./Desktop/hyperlocal-frontend/src/app/profile/notifications/page.tsx [Server Component]

https://nextjs.org/docs/messages/module-not-found 
[browser] ./Desktop/hyperlocal-frontend/src/app/profile/notifications/page.tsx:6:1
Module not found: Can't resolve '@/components/ui/switch'
  4 | import { useRouter } from 'next/navigation';
  5 | import { ArrowLeft, Bell, Tag, Shield, Megaphone } from 'lucide-react';
> 6 | import { Switch } from '@/components/ui/switch';
    | ^^^^^^^^^^^^^^^^^^^^^^^^^^^^^^^^^^^^^^^^^^^^^^^^
  7 |
  8 | interface NotifPref {
  9 |   id: string;

Import map: aliased to relative './src/components/ui/switch' inside of [project]/Desktop/hyperlocal-frontend

Import traces:
  Client Component Browser:
    ./Desktop/hyperlocal-frontend/src/app/profile/notifications/page.tsx [Client Component Browser]
    ./Desktop/hyperlocal-frontend/src/app/profile/notifications/page.tsx [Server Component]

  Client Component SSR:
    ./Desktop/hyperlocal-frontend/src/app/profile/notifications/page.tsx [Client Component SSR]
    ./Desktop/hyperlocal-frontend/src/app/profile/notifications/page.tsx [Server Component]

https://nextjs.org/docs/messages/module-not-found 
[browser] Uncaught Error: ./Desktop/hyperlocal-frontend/src/app/profile/notifications/page.tsx:6:1
Module not found: Can't resolve '@/components/ui/switch'
  4 | import { useRouter } from 'next/navigation';
  5 | import { ArrowLeft, Bell, Tag, Shield, Megaphone } from 'lucide-react';
> 6 | import { Switch } from '@/components/ui/switch';
    | ^^^^^^^^^^^^^^^^^^^^^^^^^^^^^^^^^^^^^^^^^^^^^^^^
  7 |
  8 | interface NotifPref {
  9 |   id: string;

Import map: aliased to relative './src/components/ui/switch' inside of [project]/Desktop/hyperlocal-frontend


Import traces:
  Client Component Browser:
    ./Desktop/hyperlocal-frontend/src/app/profile/notifications/page.tsx [Client Component Browser]
    ./Desktop/hyperlocal-frontend/src/app/profile/notifications/page.tsx [Server Component]

  Client Component SSR:
    ./Desktop/hyperlocal-frontend/src/app/profile/notifications/page.tsx [Client Component SSR]
    ./Desktop/hyperlocal-frontend/src/app/profile/notifications/page.tsx [Server Component]

https://nextjs.org/docs/messages/module-not-found


    at <unknown> (Error: ./Desktop/hyperlocal-frontend/src/app/profile/notifications/page.tsx:6:1)
    at <unknown> (https://nextjs.org/docs/messages/module-not-found)
    at <unknown> (Error: (./Desktop/hyperlocal-frontend/src/app/profile/notifications/page.tsx:6:1)
    at <unknown> (https://nextjs.org/docs/messages/module-not-found)
[browser] ./Desktop/hyperlocal-frontend/src/app/profile/notifications/page.tsx:6:1
Module not found: Can't resolve '@/components/ui/switch'
  4 | import { useRouter } from 'next/navigation';
  5 | import { ArrowLeft, Bell, Tag, Shield, Megaphone } from 'lucide-react';
> 6 | import { Switch } from '@/components/ui/switch';
    | ^^^^^^^^^^^^^^^^^^^^^^^^^^^^^^^^^^^^^^^^^^^^^^^^
  7 |
  8 | interface NotifPref {
  9 |   id: string;

Import map: aliased to relative './src/components/ui/switch' inside of [project]/Desktop/hyperlocal-frontend

Import traces:
  Client Component Browser:
    ./Desktop/hyperlocal-frontend/src/app/profile/notifications/page.tsx [Client Component Browser]
    ./Desktop/hyperlocal-frontend/src/app/profile/notifications/page.tsx [Server Component]

  Client Component SSR:
    ./Desktop/hyperlocal-frontend/src/app/profile/notifications/page.tsx [Client Component SSR]
    ./Desktop/hyperlocal-frontend/src/app/profile/notifications/page.tsx [Server Component]

https://nextjs.org/docs/messages/module-not-found 
[browser] ./Desktop/hyperlocal-frontend/src/app/profile/notifications/page.tsx:6:1
Module not found: Can't resolve '@/components/ui/switch'
  4 | import { useRouter } from 'next/navigation';
  5 | import { ArrowLeft, Bell, Tag, Shield, Megaphone } from 'lucide-react';
> 6 | import { Switch } from '@/components/ui/switch';
    | ^^^^^^^^^^^^^^^^^^^^^^^^^^^^^^^^^^^^^^^^^^^^^^^^
  7 |
  8 | interface NotifPref {
  9 |   id: string;

Import map: aliased to relative './src/components/ui/switch' inside of [project]/Desktop/hyperlocal-frontend

Import traces:
  Client Component Browser:
    ./Desktop/hyperlocal-frontend/src/app/profile/notifications/page.tsx [Client Component Browser]
    ./Desktop/hyperlocal-frontend/src/app/profile/notifications/page.tsx [Server Component]

  Client Component SSR:
    ./Desktop/hyperlocal-frontend/src/app/profile/notifications/page.tsx [Client Component SSR]
    ./Desktop/hyperlocal-frontend/src/app/profile/notifications/page.tsx [Server Component]

https://nextjs.org/docs/messages/module-not-found 
[browser] Uncaught Error: ./Desktop/hyperlocal-frontend/src/app/profile/notifications/page.tsx:6:1
Module not found: Can't resolve '@/components/ui/switch'
  4 | import { useRouter } from 'next/navigation';
  5 | import { ArrowLeft, Bell, Tag, Shield, Megaphone } from 'lucide-react';
> 6 | import { Switch } from '@/components/ui/switch';
    | ^^^^^^^^^^^^^^^^^^^^^^^^^^^^^^^^^^^^^^^^^^^^^^^^
  7 |
  8 | interface NotifPref {
  9 |   id: string;

Import map: aliased to relative './src/components/ui/switch' inside of [project]/Desktop/hyperlocal-frontend


Import traces:
  Client Component Browser:
    ./Desktop/hyperlocal-frontend/src/app/profile/notifications/page.tsx [Client Component Browser]
    ./Desktop/hyperlocal-frontend/src/app/profile/notifications/page.tsx [Server Component]

  Client Component SSR:
    ./Desktop/hyperlocal-frontend/src/app/profile/notifications/page.tsx [Client Component SSR]
    ./Desktop/hyperlocal-frontend/src/app/profile/notifications/page.tsx [Server Component]

https://nextjs.org/docs/messages/module-not-found


    at <unknown> (Error: ./Desktop/hyperlocal-frontend/src/app/profile/notifications/page.tsx:6:1)
    at <unknown> (https://nextjs.org/docs/messages/module-not-found)
    at <unknown> (Error: (./Desktop/hyperlocal-frontend/src/app/profile/notifications/page.tsx:6:1)
    at <unknown> (https://nextjs.org/docs/messages/module-not-found)
[browser] ./Desktop/hyperlocal-frontend/src/app/profile/notifications/page.tsx:6:1
Module not found: Can't resolve '@/components/ui/switch'
  4 | import { useRouter } from 'next/navigation';
  5 | import { ArrowLeft, Bell, Tag, Shield, Megaphone } from 'lucide-react';
> 6 | import { Switch } from '@/components/ui/switch';
    | ^^^^^^^^^^^^^^^^^^^^^^^^^^^^^^^^^^^^^^^^^^^^^^^^
  7 |
  8 | interface NotifPref {
  9 |   id: string;

Import map: aliased to relative './src/components/ui/switch' inside of [project]/Desktop/hyperlocal-frontend

Import traces:
  Client Component Browser:
    ./Desktop/hyperlocal-frontend/src/app/profile/notifications/page.tsx [Client Component Browser]
    ./Desktop/hyperlocal-frontend/src/app/profile/notifications/page.tsx [Server Component]

  Client Component SSR:
    ./Desktop/hyperlocal-frontend/src/app/profile/notifications/page.tsx [Client Component SSR]
    ./Desktop/hyperlocal-frontend/src/app/profile/notifications/page.tsx [Server Component]

https://nextjs.org/docs/messages/module-not-found 
[browser] ./Desktop/hyperlocal-frontend/src/app/profile/notifications/page.tsx:6:1
Module not found: Can't resolve '@/components/ui/switch'
  4 | import { useRouter } from 'next/navigation';
  5 | import { ArrowLeft, Bell, Tag, Shield, Megaphone } from 'lucide-react';
> 6 | import { Switch } from '@/components/ui/switch';
    | ^^^^^^^^^^^^^^^^^^^^^^^^^^^^^^^^^^^^^^^^^^^^^^^^
  7 |
  8 | interface NotifPref {
  9 |   id: string;

Import map: aliased to relative './src/components/ui/switch' inside of [project]/Desktop/hyperlocal-frontend

Import traces:
  Client Component Browser:
    ./Desktop/hyperlocal-frontend/src/app/profile/notifications/page.tsx [Client Component Browser]
    ./Desktop/hyperlocal-frontend/src/app/profile/notifications/page.tsx [Server Component]

  Client Component SSR:
    ./Desktop/hyperlocal-frontend/src/app/profile/notifications/page.tsx [Client Component SSR]
    ./Desktop/hyperlocal-frontend/src/app/profile/notifications/page.tsx [Server Component]

https://nextjs.org/docs/messages/module-not-found 
[browser] Uncaught Error: ./Desktop/hyperlocal-frontend/src/app/profile/notifications/page.tsx:6:1
Module not found: Can't resolve '@/components/ui/switch'
  4 | import { useRouter } from 'next/navigation';
  5 | import { ArrowLeft, Bell, Tag, Shield, Megaphone } from 'lucide-react';
> 6 | import { Switch } from '@/components/ui/switch';
    | ^^^^^^^^^^^^^^^^^^^^^^^^^^^^^^^^^^^^^^^^^^^^^^^^
  7 |
  8 | interface NotifPref {
  9 |   id: string;

Import map: aliased to relative './src/components/ui/switch' inside of [project]/Desktop/hyperlocal-frontend


Import traces:
  Client Component Browser:
    ./Desktop/hyperlocal-frontend/src/app/profile/notifications/page.tsx [Client Component Browser]
    ./Desktop/hyperlocal-frontend/src/app/profile/notifications/page.tsx [Server Component]

  Client Component SSR:
    ./Desktop/hyperlocal-frontend/src/app/profile/notifications/page.tsx [Client Component SSR]
    ./Desktop/hyperlocal-frontend/src/app/profile/notifications/page.tsx [Server Component]

https://nextjs.org/docs/messages/module-not-found


    at <unknown> (Error: ./Desktop/hyperlocal-frontend/src/app/profile/notifications/page.tsx:6:1)
    at <unknown> (https://nextjs.org/docs/messages/module-not-found)
    at <unknown> (Error: (./Desktop/hyperlocal-frontend/src/app/profile/notifications/page.tsx:6:1)
    at <unknown> (https://nextjs.org/docs/messages/module-not-found)
[browser] ./Desktop/hyperlocal-frontend/src/app/profile/notifications/page.tsx:6:1
Module not found: Can't resolve '@/components/ui/switch'
  4 | import { useRouter } from 'next/navigation';
  5 | import { ArrowLeft, Bell, Tag, Shield, Megaphone } from 'lucide-react';
> 6 | import { Switch } from '@/components/ui/switch';
    | ^^^^^^^^^^^^^^^^^^^^^^^^^^^^^^^^^^^^^^^^^^^^^^^^
  7 |
  8 | interface NotifPref {
  9 |   id: string;

Import map: aliased to relative './src/components/ui/switch' inside of [project]/Desktop/hyperlocal-frontend

Import traces:
  Client Component Browser:
    ./Desktop/hyperlocal-frontend/src/app/profile/notifications/page.tsx [Client Component Browser]
    ./Desktop/hyperlocal-frontend/src/app/profile/notifications/page.tsx [Server Component]

  Client Component SSR:
    ./Desktop/hyperlocal-frontend/src/app/profile/notifications/page.tsx [Client Component SSR]
    ./Desktop/hyperlocal-frontend/src/app/profile/notifications/page.tsx [Server Component]

https://nextjs.org/docs/messages/module-not-found 
[browser] ./Desktop/hyperlocal-frontend/src/app/profile/notifications/page.tsx:6:1
Module not found: Can't resolve '@/components/ui/switch'
  4 | import { useRouter } from 'next/navigation';
  5 | import { ArrowLeft, Bell, Tag, Shield, Megaphone } from 'lucide-react';
> 6 | import { Switch } from '@/components/ui/switch';
    | ^^^^^^^^^^^^^^^^^^^^^^^^^^^^^^^^^^^^^^^^^^^^^^^^
  7 |
  8 | interface NotifPref {
  9 |   id: string;

Import map: aliased to relative './src/components/ui/switch' inside of [project]/Desktop/hyperlocal-frontend

Import traces:
  Client Component Browser:
    ./Desktop/hyperlocal-frontend/src/app/profile/notifications/page.tsx [Client Component Browser]
    ./Desktop/hyperlocal-frontend/src/app/profile/notifications/page.tsx [Server Component]

  Client Component SSR:
    ./Desktop/hyperlocal-frontend/src/app/profile/notifications/page.tsx [Client Component SSR]
    ./Desktop/hyperlocal-frontend/src/app/profile/notifications/page.tsx [Server Component]

https://nextjs.org/docs/messages/module-not-found 
[browser] Uncaught Error: ./Desktop/hyperlocal-frontend/src/app/profile/notifications/page.tsx:6:1
Module not found: Can't resolve '@/components/ui/switch'
  4 | import { useRouter } from 'next/navigation';
  5 | import { ArrowLeft, Bell, Tag, Shield, Megaphone } from 'lucide-react';
> 6 | import { Switch } from '@/components/ui/switch';
    | ^^^^^^^^^^^^^^^^^^^^^^^^^^^^^^^^^^^^^^^^^^^^^^^^
  7 |
  8 | interface NotifPref {
  9 |   id: string;

Import map: aliased to relative './src/components/ui/switch' inside of [project]/Desktop/hyperlocal-frontend


Import traces:
  Client Component Browser:
    ./Desktop/hyperlocal-frontend/src/app/profile/notifications/page.tsx [Client Component Browser]
    ./Desktop/hyperlocal-frontend/src/app/profile/notifications/page.tsx [Server Component]

  Client Component SSR:
    ./Desktop/hyperlocal-frontend/src/app/profile/notifications/page.tsx [Client Component SSR]
    ./Desktop/hyperlocal-frontend/src/app/profile/notifications/page.tsx [Server Component]

https://nextjs.org/docs/messages/module-not-found


    at <unknown> (Error: ./Desktop/hyperlocal-frontend/src/app/profile/notifications/page.tsx:6:1)
    at <unknown> (https://nextjs.org/docs/messages/module-not-found)
    at <unknown> (Error: (./Desktop/hyperlocal-frontend/src/app/profile/notifications/page.tsx:6:1)
    at <unknown> (https://nextjs.org/docs/messages/module-not-found)
[browser] ./Desktop/hyperlocal-frontend/src/app/profile/notifications/page.tsx:6:1
Module not found: Can't resolve '@/components/ui/switch'
  4 | import { useRouter } from 'next/navigation';
  5 | import { ArrowLeft, Bell, Tag, Shield, Megaphone } from 'lucide-react';
> 6 | import { Switch } from '@/components/ui/switch';
    | ^^^^^^^^^^^^^^^^^^^^^^^^^^^^^^^^^^^^^^^^^^^^^^^^
  7 |
  8 | interface NotifPref {
  9 |   id: string;

Import map: aliased to relative './src/components/ui/switch' inside of [project]/Desktop/hyperlocal-frontend

Import traces:
  Client Component Browser:
    ./Desktop/hyperlocal-frontend/src/app/profile/notifications/page.tsx [Client Component Browser]
    ./Desktop/hyperlocal-frontend/src/app/profile/notifications/page.tsx [Server Component]

  Client Component SSR:
    ./Desktop/hyperlocal-frontend/src/app/profile/notifications/page.tsx [Client Component SSR]
    ./Desktop/hyperlocal-frontend/src/app/profile/notifications/page.tsx [Server Component]

https://nextjs.org/docs/messages/module-not-found 
[browser] Uncaught Error: ./Desktop/hyperlocal-frontend/src/app/profile/notifications/page.tsx:6:1
Module not found: Can't resolve '@/components/ui/switch'
  4 | import { useRouter } from 'next/navigation';
  5 | import { ArrowLeft, Bell, Tag, Shield, Megaphone } from 'lucide-react';
> 6 | import { Switch } from '@/components/ui/switch';
    | ^^^^^^^^^^^^^^^^^^^^^^^^^^^^^^^^^^^^^^^^^^^^^^^^
  7 |
  8 | interface NotifPref {
  9 |   id: string;

Import map: aliased to relative './src/components/ui/switch' inside of [project]/Desktop/hyperlocal-frontend


Import traces:
  Client Component Browser:
    ./Desktop/hyperlocal-frontend/src/app/profile/notifications/page.tsx [Client Component Browser]
    ./Desktop/hyperlocal-frontend/src/app/profile/notifications/page.tsx [Server Component]

  Client Component SSR:
    ./Desktop/hyperlocal-frontend/src/app/profile/notifications/page.tsx [Client Component SSR]
    ./Desktop/hyperlocal-frontend/src/app/profile/notifications/page.tsx [Server Component]

https://nextjs.org/docs/messages/module-not-found


    at <unknown> (Error: ./Desktop/hyperlocal-frontend/src/app/profile/notifications/page.tsx:6:1)
    at <unknown> (https://nextjs.org/docs/messages/module-not-found)
    at <unknown> (Error: (./Desktop/hyperlocal-frontend/src/app/profile/notifications/page.tsx:6:1)
    at <unknown> (https://nextjs.org/docs/messages/module-not-found)
[browser] ./Desktop/hyperlocal-frontend/src/app/profile/notifications/page.tsx:6:1
Module not found: Can't resolve '@/components/ui/switch'
  4 | import { useRouter } from 'next/navigation';
  5 | import { ArrowLeft, Bell, Tag, Shield, Megaphone } from 'lucide-react';
> 6 | import { Switch } from '@/components/ui/switch';
    | ^^^^^^^^^^^^^^^^^^^^^^^^^^^^^^^^^^^^^^^^^^^^^^^^
  7 |
  8 | interface NotifPref {
  9 |   id: string;

Import map: aliased to relative './src/components/ui/switch' inside of [project]/Desktop/hyperlocal-frontend

Import traces:
  Client Component Browser:
    ./Desktop/hyperlocal-frontend/src/app/profile/notifications/page.tsx [Client Component Browser]
    ./Desktop/hyperlocal-frontend/src/app/profile/notifications/page.tsx [Server Component]

  Client Component SSR:
    ./Desktop/hyperlocal-frontend/src/app/profile/notifications/page.tsx [Client Component SSR]
    ./Desktop/hyperlocal-frontend/src/app/profile/notifications/page.tsx [Server Component]

https://nextjs.org/docs/messages/module-not-found 
[browser] ./Desktop/hyperlocal-frontend/src/app/profile/notifications/page.tsx:6:1
Module not found: Can't resolve '@/components/ui/switch'
  4 | import { useRouter } from 'next/navigation';
  5 | import { ArrowLeft, Bell, Tag, Shield, Megaphone } from 'lucide-react';
> 6 | import { Switch } from '@/components/ui/switch';
    | ^^^^^^^^^^^^^^^^^^^^^^^^^^^^^^^^^^^^^^^^^^^^^^^^
  7 |
  8 | interface NotifPref {
  9 |   id: string;

Import map: aliased to relative './src/components/ui/switch' inside of [project]/Desktop/hyperlocal-frontend

Import traces:
  Client Component Browser:
    ./Desktop/hyperlocal-frontend/src/app/profile/notifications/page.tsx [Client Component Browser]
    ./Desktop/hyperlocal-frontend/src/app/profile/notifications/page.tsx [Server Component]

  Client Component SSR:
    ./Desktop/hyperlocal-frontend/src/app/profile/notifications/page.tsx [Client Component SSR]
    ./Desktop/hyperlocal-frontend/src/app/profile/notifications/page.tsx [Server Component]

https://nextjs.org/docs/messages/module-not-found 
[browser] Uncaught Error: ./Desktop/hyperlocal-frontend/src/app/profile/notifications/page.tsx:6:1
Module not found: Can't resolve '@/components/ui/switch'
  4 | import { useRouter } from 'next/navigation';
  5 | import { ArrowLeft, Bell, Tag, Shield, Megaphone } from 'lucide-react';
> 6 | import { Switch } from '@/components/ui/switch';
    | ^^^^^^^^^^^^^^^^^^^^^^^^^^^^^^^^^^^^^^^^^^^^^^^^
  7 |
  8 | interface NotifPref {
  9 |   id: string;

Import map: aliased to relative './src/components/ui/switch' inside of [project]/Desktop/hyperlocal-frontend


Import traces:
  Client Component Browser:
    ./Desktop/hyperlocal-frontend/src/app/profile/notifications/page.tsx [Client Component Browser]
    ./Desktop/hyperlocal-frontend/src/app/profile/notifications/page.tsx [Server Component]

  Client Component SSR:
    ./Desktop/hyperlocal-frontend/src/app/profile/notifications/page.tsx [Client Component SSR]
    ./Desktop/hyperlocal-frontend/src/app/profile/notifications/page.tsx [Server Component]

https://nextjs.org/docs/messages/module-not-found


    at <unknown> (Error: ./Desktop/hyperlocal-frontend/src/app/profile/notifications/page.tsx:6:1)
    at <unknown> (https://nextjs.org/docs/messages/module-not-found)
    at <unknown> (Error: (./Desktop/hyperlocal-frontend/src/app/profile/notifications/page.tsx:6:1)
    at <unknown> (https://nextjs.org/docs/messages/module-not-found)
[browser] ./Desktop/hyperlocal-frontend/src/app/profile/notifications/page.tsx:6:1
Module not found: Can't resolve '@/components/ui/switch'
  4 | import { useRouter } from 'next/navigation';
  5 | import { ArrowLeft, Bell, Tag, Shield, Megaphone } from 'lucide-react';
> 6 | import { Switch } from '@/components/ui/switch';
    | ^^^^^^^^^^^^^^^^^^^^^^^^^^^^^^^^^^^^^^^^^^^^^^^^
  7 |
  8 | interface NotifPref {
  9 |   id: string;

Import map: aliased to relative './src/components/ui/switch' inside of [project]/Desktop/hyperlocal-frontend

Import traces:
  Client Component Browser:
    ./Desktop/hyperlocal-frontend/src/app/profile/notifications/page.tsx [Client Component Browser]
    ./Desktop/hyperlocal-frontend/src/app/profile/notifications/page.tsx [Server Component]

  Client Component SSR:
    ./Desktop/hyperlocal-frontend/src/app/profile/notifications/page.tsx [Client Component SSR]
    ./Desktop/hyperlocal-frontend/src/app/profile/notifications/page.tsx [Server Component]

https://nextjs.org/docs/messages/module-not-found 
[browser] ./Desktop/hyperlocal-frontend/src/app/profile/notifications/page.tsx:6:1
Module not found: Can't resolve '@/components/ui/switch'
  4 | import { useRouter } from 'next/navigation';
  5 | import { ArrowLeft, Bell, Tag, Shield, Megaphone } from 'lucide-react';
> 6 | import { Switch } from '@/components/ui/switch';
    | ^^^^^^^^^^^^^^^^^^^^^^^^^^^^^^^^^^^^^^^^^^^^^^^^
  7 |
  8 | interface NotifPref {
  9 |   id: string;

Import map: aliased to relative './src/components/ui/switch' inside of [project]/Desktop/hyperlocal-frontend

Import traces:
  Client Component Browser:
    ./Desktop/hyperlocal-frontend/src/app/profile/notifications/page.tsx [Client Component Browser]
    ./Desktop/hyperlocal-frontend/src/app/profile/notifications/page.tsx [Server Component]

  Client Component SSR:
    ./Desktop/hyperlocal-frontend/src/app/profile/notifications/page.tsx [Client Component SSR]
    ./Desktop/hyperlocal-frontend/src/app/profile/notifications/page.tsx [Server Component]

https://nextjs.org/docs/messages/module-not-found 
[browser] Uncaught Error: ./Desktop/hyperlocal-frontend/src/app/profile/notifications/page.tsx:6:1
Module not found: Can't resolve '@/components/ui/switch'
  4 | import { useRouter } from 'next/navigation';
  5 | import { ArrowLeft, Bell, Tag, Shield, Megaphone } from 'lucide-react';
> 6 | import { Switch } from '@/components/ui/switch';
    | ^^^^^^^^^^^^^^^^^^^^^^^^^^^^^^^^^^^^^^^^^^^^^^^^
  7 |
  8 | interface NotifPref {
  9 |   id: string;

Import map: aliased to relative './src/components/ui/switch' inside of [project]/Desktop/hyperlocal-frontend


Import traces:
  Client Component Browser:
    ./Desktop/hyperlocal-frontend/src/app/profile/notifications/page.tsx [Client Component Browser]
    ./Desktop/hyperlocal-frontend/src/app/profile/notifications/page.tsx [Server Component]

  Client Component SSR:
    ./Desktop/hyperlocal-frontend/src/app/profile/notifications/page.tsx [Client Component SSR]
    ./Desktop/hyperlocal-frontend/src/app/profile/notifications/page.tsx [Server Component]

https://nextjs.org/docs/messages/module-not-found


    at <unknown> (Error: ./Desktop/hyperlocal-frontend/src/app/profile/notifications/page.tsx:6:1)
    at <unknown> (https://nextjs.org/docs/messages/module-not-found)
    at <unknown> (Error: (./Desktop/hyperlocal-frontend/src/app/profile/notifications/page.tsx:6:1)
    at <unknown> (https://nextjs.org/docs/messages/module-not-found)
[browser] ./Desktop/hyperlocal-frontend/src/app/profile/notifications/page.tsx:6:1
Module not found: Can't resolve '@/components/ui/switch'
  4 | import { useRouter } from 'next/navigation';
  5 | import { ArrowLeft, Bell, Tag, Shield, Megaphone } from 'lucide-react';
> 6 | import { Switch } from '@/components/ui/switch';
    | ^^^^^^^^^^^^^^^^^^^^^^^^^^^^^^^^^^^^^^^^^^^^^^^^
  7 |
  8 | interface NotifPref {
  9 |   id: string;

Import map: aliased to relative './src/components/ui/switch' inside of [project]/Desktop/hyperlocal-frontend

Import traces:
  Client Component Browser:
    ./Desktop/hyperlocal-frontend/src/app/profile/notifications/page.tsx [Client Component Browser]
    ./Desktop/hyperlocal-frontend/src/app/profile/notifications/page.tsx [Server Component]

  Client Component SSR:
    ./Desktop/hyperlocal-frontend/src/app/profile/notifications/page.tsx [Client Component SSR]
    ./Desktop/hyperlocal-frontend/src/app/profile/notifications/page.tsx [Server Component]

https://nextjs.org/docs/messages/module-not-found 
[browser] ./Desktop/hyperlocal-frontend/src/app/profile/notifications/page.tsx:6:1
Module not found: Can't resolve '@/components/ui/switch'
  4 | import { useRouter } from 'next/navigation';
  5 | import { ArrowLeft, Bell, Tag, Shield, Megaphone } from 'lucide-react';
> 6 | import { Switch } from '@/components/ui/switch';
    | ^^^^^^^^^^^^^^^^^^^^^^^^^^^^^^^^^^^^^^^^^^^^^^^^
  7 |
  8 | interface NotifPref {
  9 |   id: string;

Import map: aliased to relative './src/components/ui/switch' inside of [project]/Desktop/hyperlocal-frontend

Import traces:
  Client Component Browser:
    ./Desktop/hyperlocal-frontend/src/app/profile/notifications/page.tsx [Client Component Browser]
    ./Desktop/hyperlocal-frontend/src/app/profile/notifications/page.tsx [Server Component]

  Client Component SSR:
    ./Desktop/hyperlocal-frontend/src/app/profile/notifications/page.tsx [Client Component SSR]
    ./Desktop/hyperlocal-frontend/src/app/profile/notifications/page.tsx [Server Component]

https://nextjs.org/docs/messages/module-not-found 
[browser] Uncaught Error: ./Desktop/hyperlocal-frontend/src/app/profile/notifications/page.tsx:6:1
Module not found: Can't resolve '@/components/ui/switch'
  4 | import { useRouter } from 'next/navigation';
  5 | import { ArrowLeft, Bell, Tag, Shield, Megaphone } from 'lucide-react';
> 6 | import { Switch } from '@/components/ui/switch';
    | ^^^^^^^^^^^^^^^^^^^^^^^^^^^^^^^^^^^^^^^^^^^^^^^^
  7 |
  8 | interface NotifPref {
  9 |   id: string;

Import map: aliased to relative './src/components/ui/switch' inside of [project]/Desktop/hyperlocal-frontend


Import traces:
  Client Component Browser:
    ./Desktop/hyperlocal-frontend/src/app/profile/notifications/page.tsx [Client Component Browser]
    ./Desktop/hyperlocal-frontend/src/app/profile/notifications/page.tsx [Server Component]

  Client Component SSR:
    ./Desktop/hyperlocal-frontend/src/app/profile/notifications/page.tsx [Client Component SSR]
    ./Desktop/hyperlocal-frontend/src/app/profile/notifications/page.tsx [Server Component]

https://nextjs.org/docs/messages/module-not-found


    at <unknown> (Error: ./Desktop/hyperlocal-frontend/src/app/profile/notifications/page.tsx:6:1)
    at <unknown> (https://nextjs.org/docs/messages/module-not-found)
    at <unknown> (Error: (./Desktop/hyperlocal-frontend/src/app/profile/notifications/page.tsx:6:1)
    at <unknown> (https://nextjs.org/docs/messages/module-not-found)
[browser] ./Desktop/hyperlocal-frontend/src/app/profile/notifications/page.tsx:6:1
Module not found: Can't resolve '@/components/ui/switch'
  4 | import { useRouter } from 'next/navigation';
  5 | import { ArrowLeft, Bell, Tag, Shield, Megaphone } from 'lucide-react';
> 6 | import { Switch } from '@/components/ui/switch';
    | ^^^^^^^^^^^^^^^^^^^^^^^^^^^^^^^^^^^^^^^^^^^^^^^^
  7 |
  8 | interface NotifPref {
  9 |   id: string;

Import map: aliased to relative './src/components/ui/switch' inside of [project]/Desktop/hyperlocal-frontend

Import traces:
  Client Component Browser:
    ./Desktop/hyperlocal-frontend/src/app/profile/notifications/page.tsx [Client Component Browser]
    ./Desktop/hyperlocal-frontend/src/app/profile/notifications/page.tsx [Server Component]

  Client Component SSR:
    ./Desktop/hyperlocal-frontend/src/app/profile/notifications/page.tsx [Client Component SSR]
    ./Desktop/hyperlocal-frontend/src/app/profile/notifications/page.tsx [Server Component]

https://nextjs.org/docs/messages/module-not-found 
[browser] ./Desktop/hyperlocal-frontend/src/app/profile/notifications/page.tsx:6:1
Module not found: Can't resolve '@/components/ui/switch'
  4 | import { useRouter } from 'next/navigation';
  5 | import { ArrowLeft, Bell, Tag, Shield, Megaphone } from 'lucide-react';
> 6 | import { Switch } from '@/components/ui/switch';
    | ^^^^^^^^^^^^^^^^^^^^^^^^^^^^^^^^^^^^^^^^^^^^^^^^
  7 |
  8 | interface NotifPref {
  9 |   id: string;

Import map: aliased to relative './src/components/ui/switch' inside of [project]/Desktop/hyperlocal-frontend

Import traces:
  Client Component Browser:
    ./Desktop/hyperlocal-frontend/src/app/profile/notifications/page.tsx [Client Component Browser]
    ./Desktop/hyperlocal-frontend/src/app/profile/notifications/page.tsx [Server Component]

  Client Component SSR:
    ./Desktop/hyperlocal-frontend/src/app/profile/notifications/page.tsx [Client Component SSR]
    ./Desktop/hyperlocal-frontend/src/app/profile/notifications/page.tsx [Server Component]

https://nextjs.org/docs/messages/module-not-found 
[browser] Uncaught Error: ./Desktop/hyperlocal-frontend/src/app/profile/notifications/page.tsx:6:1
Module not found: Can't resolve '@/components/ui/switch'
  4 | import { useRouter } from 'next/navigation';
  5 | import { ArrowLeft, Bell, Tag, Shield, Megaphone } from 'lucide-react';
> 6 | import { Switch } from '@/components/ui/switch';
    | ^^^^^^^^^^^^^^^^^^^^^^^^^^^^^^^^^^^^^^^^^^^^^^^^
  7 |
  8 | interface NotifPref {
  9 |   id: string;

Import map: aliased to relative './src/components/ui/switch' inside of [project]/Desktop/hyperlocal-frontend


Import traces:
  Client Component Browser:
    ./Desktop/hyperlocal-frontend/src/app/profile/notifications/page.tsx [Client Component Browser]
    ./Desktop/hyperlocal-frontend/src/app/profile/notifications/page.tsx [Server Component]

  Client Component SSR:
    ./Desktop/hyperlocal-frontend/src/app/profile/notifications/page.tsx [Client Component SSR]
    ./Desktop/hyperlocal-frontend/src/app/profile/notifications/page.tsx [Server Component]

https://nextjs.org/docs/messages/module-not-found


    at <unknown> (Error: ./Desktop/hyperlocal-frontend/src/app/profile/notifications/page.tsx:6:1)
    at <unknown> (https://nextjs.org/docs/messages/module-not-found)
    at <unknown> (Error: (./Desktop/hyperlocal-frontend/src/app/profile/notifications/page.tsx:6:1)
    at <unknown> (https://nextjs.org/docs/messages/module-not-found)
[browser] ./Desktop/hyperlocal-frontend/src/app/profile/notifications/page.tsx:6:1
Module not found: Can't resolve '@/components/ui/switch'
  4 | import { useRouter } from 'next/navigation';
  5 | import { ArrowLeft, Bell, Tag, Shield, Megaphone } from 'lucide-react';
> 6 | import { Switch } from '@/components/ui/switch';
    | ^^^^^^^^^^^^^^^^^^^^^^^^^^^^^^^^^^^^^^^^^^^^^^^^
  7 |
  8 | interface NotifPref {
  9 |   id: string;

Import map: aliased to relative './src/components/ui/switch' inside of [project]/Desktop/hyperlocal-frontend

Import traces:
  Client Component Browser:
    ./Desktop/hyperlocal-frontend/src/app/profile/notifications/page.tsx [Client Component Browser]
    ./Desktop/hyperlocal-frontend/src/app/profile/notifications/page.tsx [Server Component]

  Client Component SSR:
    ./Desktop/hyperlocal-frontend/src/app/profile/notifications/page.tsx [Client Component SSR]
    ./Desktop/hyperlocal-frontend/src/app/profile/notifications/page.tsx [Server Component]

https://nextjs.org/docs/messages/module-not-found 
[browser] ./Desktop/hyperlocal-frontend/src/app/profile/notifications/page.tsx:6:1
Module not found: Can't resolve '@/components/ui/switch'
  4 | import { useRouter } from 'next/navigation';
  5 | import { ArrowLeft, Bell, Tag, Shield, Megaphone } from 'lucide-react';
> 6 | import { Switch } from '@/components/ui/switch';
    | ^^^^^^^^^^^^^^^^^^^^^^^^^^^^^^^^^^^^^^^^^^^^^^^^
  7 |
  8 | interface NotifPref {
  9 |   id: string;

Import map: aliased to relative './src/components/ui/switch' inside of [project]/Desktop/hyperlocal-frontend

Import traces:
  Client Component Browser:
    ./Desktop/hyperlocal-frontend/src/app/profile/notifications/page.tsx [Client Component Browser]
    ./Desktop/hyperlocal-frontend/src/app/profile/notifications/page.tsx [Server Component]

  Client Component SSR:
    ./Desktop/hyperlocal-frontend/src/app/profile/notifications/page.tsx [Client Component SSR]
    ./Desktop/hyperlocal-frontend/src/app/profile/notifications/page.tsx [Server Component]

https://nextjs.org/docs/messages/module-not-found 
[browser] Uncaught Error: ./Desktop/hyperlocal-frontend/src/app/profile/notifications/page.tsx:6:1
Module not found: Can't resolve '@/components/ui/switch'
  4 | import { useRouter } from 'next/navigation';
  5 | import { ArrowLeft, Bell, Tag, Shield, Megaphone } from 'lucide-react';
> 6 | import { Switch } from '@/components/ui/switch';
    | ^^^^^^^^^^^^^^^^^^^^^^^^^^^^^^^^^^^^^^^^^^^^^^^^
  7 |
  8 | interface NotifPref {
  9 |   id: string;

Import map: aliased to relative './src/components/ui/switch' inside of [project]/Desktop/hyperlocal-frontend


Import traces:
  Client Component Browser:
    ./Desktop/hyperlocal-frontend/src/app/profile/notifications/page.tsx [Client Component Browser]
    ./Desktop/hyperlocal-frontend/src/app/profile/notifications/page.tsx [Server Component]

  Client Component SSR:
    ./Desktop/hyperlocal-frontend/src/app/profile/notifications/page.tsx [Client Component SSR]
    ./Desktop/hyperlocal-frontend/src/app/profile/notifications/page.tsx [Server Component]

https://nextjs.org/docs/messages/module-not-found


    at <unknown> (Error: ./Desktop/hyperlocal-frontend/src/app/profile/notifications/page.tsx:6:1)
    at <unknown> (https://nextjs.org/docs/messages/module-not-found)
    at <unknown> (Error: (./Desktop/hyperlocal-frontend/src/app/profile/notifications/page.tsx:6:1)
    at <unknown> (https://nextjs.org/docs/messages/module-not-found)
[browser] ./Desktop/hyperlocal-frontend/src/app/profile/notifications/page.tsx:6:1
Module not found: Can't resolve '@/components/ui/switch'
  4 | import { useRouter } from 'next/navigation';
  5 | import { ArrowLeft, Bell, Tag, Shield, Megaphone } from 'lucide-react';
> 6 | import { Switch } from '@/components/ui/switch';
    | ^^^^^^^^^^^^^^^^^^^^^^^^^^^^^^^^^^^^^^^^^^^^^^^^
  7 |
  8 | interface NotifPref {
  9 |   id: string;

Import map: aliased to relative './src/components/ui/switch' inside of [project]/Desktop/hyperlocal-frontend

Import traces:
  Client Component Browser:
    ./Desktop/hyperlocal-frontend/src/app/profile/notifications/page.tsx [Client Component Browser]
    ./Desktop/hyperlocal-frontend/src/app/profile/notifications/page.tsx [Server Component]

  Client Component SSR:
    ./Desktop/hyperlocal-frontend/src/app/profile/notifications/page.tsx [Client Component SSR]
    ./Desktop/hyperlocal-frontend/src/app/profile/notifications/page.tsx [Server Component]

https://nextjs.org/docs/messages/module-not-found 
[browser] ./Desktop/hyperlocal-frontend/src/app/profile/notifications/page.tsx:6:1
Module not found: Can't resolve '@/components/ui/switch'
  4 | import { useRouter } from 'next/navigation';
  5 | import { ArrowLeft, Bell, Tag, Shield, Megaphone } from 'lucide-react';
> 6 | import { Switch } from '@/components/ui/switch';
    | ^^^^^^^^^^^^^^^^^^^^^^^^^^^^^^^^^^^^^^^^^^^^^^^^
  7 |
  8 | interface NotifPref {
  9 |   id: string;

Import map: aliased to relative './src/components/ui/switch' inside of [project]/Desktop/hyperlocal-frontend

Import traces:
  Client Component Browser:
    ./Desktop/hyperlocal-frontend/src/app/profile/notifications/page.tsx [Client Component Browser]
    ./Desktop/hyperlocal-frontend/src/app/profile/notifications/page.tsx [Server Component]

  Client Component SSR:
    ./Desktop/hyperlocal-frontend/src/app/profile/notifications/page.tsx [Client Component SSR]
    ./Desktop/hyperlocal-frontend/src/app/profile/notifications/page.tsx [Server Component]

https://nextjs.org/docs/messages/module-not-found 
[browser] Uncaught Error: ./Desktop/hyperlocal-frontend/src/app/profile/notifications/page.tsx:6:1
Module not found: Can't resolve '@/components/ui/switch'
  4 | import { useRouter } from 'next/navigation';
  5 | import { ArrowLeft, Bell, Tag, Shield, Megaphone } from 'lucide-react';
> 6 | import { Switch } from '@/components/ui/switch';
    | ^^^^^^^^^^^^^^^^^^^^^^^^^^^^^^^^^^^^^^^^^^^^^^^^
  7 |
  8 | interface NotifPref {
  9 |   id: string;

Import map: aliased to relative './src/components/ui/switch' inside of [project]/Desktop/hyperlocal-frontend


Import traces:
  Client Component Browser:
    ./Desktop/hyperlocal-frontend/src/app/profile/notifications/page.tsx [Client Component Browser]
    ./Desktop/hyperlocal-frontend/src/app/profile/notifications/page.tsx [Server Component]

  Client Component SSR:
    ./Desktop/hyperlocal-frontend/src/app/profile/notifications/page.tsx [Client Component SSR]
    ./Desktop/hyperlocal-frontend/src/app/profile/notifications/page.tsx [Server Component]

https://nextjs.org/docs/messages/module-not-found


    at <unknown> (Error: ./Desktop/hyperlocal-frontend/src/app/profile/notifications/page.tsx:6:1)
    at <unknown> (https://nextjs.org/docs/messages/module-not-found)
    at <unknown> (Error: (./Desktop/hyperlocal-frontend/src/app/profile/notifications/page.tsx:6:1)
    at <unknown> (https://nextjs.org/docs/messages/module-not-found)
[browser] ./Desktop/hyperlocal-frontend/src/app/profile/notifications/page.tsx:6:1
Module not found: Can't resolve '@/components/ui/switch'
  4 | import { useRouter } from 'next/navigation';
  5 | import { ArrowLeft, Bell, Tag, Shield, Megaphone } from 'lucide-react';
> 6 | import { Switch } from '@/components/ui/switch';
    | ^^^^^^^^^^^^^^^^^^^^^^^^^^^^^^^^^^^^^^^^^^^^^^^^
  7 |
  8 | interface NotifPref {
  9 |   id: string;

Import map: aliased to relative './src/components/ui/switch' inside of [project]/Desktop/hyperlocal-frontend

Import traces:
  Client Component Browser:
    ./Desktop/hyperlocal-frontend/src/app/profile/notifications/page.tsx [Client Component Browser]
    ./Desktop/hyperlocal-frontend/src/app/profile/notifications/page.tsx [Server Component]

  Client Component SSR:
    ./Desktop/hyperlocal-frontend/src/app/profile/notifications/page.tsx [Client Component SSR]
    ./Desktop/hyperlocal-frontend/src/app/profile/notifications/page.tsx [Server Component]

https://nextjs.org/docs/messages/module-not-found 
[browser] ./Desktop/hyperlocal-frontend/src/app/profile/notifications/page.tsx:6:1
Module not found: Can't resolve '@/components/ui/switch'
  4 | import { useRouter } from 'next/navigation';
  5 | import { ArrowLeft, Bell, Tag, Shield, Megaphone } from 'lucide-react';
> 6 | import { Switch } from '@/components/ui/switch';
    | ^^^^^^^^^^^^^^^^^^^^^^^^^^^^^^^^^^^^^^^^^^^^^^^^
  7 |
  8 | interface NotifPref {
  9 |   id: string;

Import map: aliased to relative './src/components/ui/switch' inside of [project]/Desktop/hyperlocal-frontend

Import traces:
  Client Component Browser:
    ./Desktop/hyperlocal-frontend/src/app/profile/notifications/page.tsx [Client Component Browser]
    ./Desktop/hyperlocal-frontend/src/app/profile/notifications/page.tsx [Server Component]

  Client Component SSR:
    ./Desktop/hyperlocal-frontend/src/app/profile/notifications/page.tsx [Client Component SSR]
    ./Desktop/hyperlocal-frontend/src/app/profile/notifications/page.tsx [Server Component]

https://nextjs.org/docs/messages/module-not-found 
[browser] Uncaught Error: ./Desktop/hyperlocal-frontend/src/app/profile/notifications/page.tsx:6:1
Module not found: Can't resolve '@/components/ui/switch'
  4 | import { useRouter } from 'next/navigation';
  5 | import { ArrowLeft, Bell, Tag, Shield, Megaphone } from 'lucide-react';
> 6 | import { Switch } from '@/components/ui/switch';
    | ^^^^^^^^^^^^^^^^^^^^^^^^^^^^^^^^^^^^^^^^^^^^^^^^
  7 |
  8 | interface NotifPref {
  9 |   id: string;

Import map: aliased to relative './src/components/ui/switch' inside of [project]/Desktop/hyperlocal-frontend


Import traces:
  Client Component Browser:
    ./Desktop/hyperlocal-frontend/src/app/profile/notifications/page.tsx [Client Component Browser]
    ./Desktop/hyperlocal-frontend/src/app/profile/notifications/page.tsx [Server Component]

  Client Component SSR:
    ./Desktop/hyperlocal-frontend/src/app/profile/notifications/page.tsx [Client Component SSR]
    ./Desktop/hyperlocal-frontend/src/app/profile/notifications/page.tsx [Server Component]

https://nextjs.org/docs/messages/module-not-found


    at <unknown> (Error: ./Desktop/hyperlocal-frontend/src/app/profile/notifications/page.tsx:6:1)
    at <unknown> (https://nextjs.org/docs/messages/module-not-found)
    at <unknown> (Error: (./Desktop/hyperlocal-frontend/src/app/profile/notifications/page.tsx:6:1)
    at <unknown> (https://nextjs.org/docs/messages/module-not-found)
[browser] ./Desktop/hyperlocal-frontend/src/app/profile/notifications/page.tsx:6:1
Module not found: Can't resolve '@/components/ui/switch'
  4 | import { useRouter } from 'next/navigation';
  5 | import { ArrowLeft, Bell, Tag, Shield, Megaphone } from 'lucide-react';
> 6 | import { Switch } from '@/components/ui/switch';
    | ^^^^^^^^^^^^^^^^^^^^^^^^^^^^^^^^^^^^^^^^^^^^^^^^
  7 |
  8 | interface NotifPref {
  9 |   id: string;

Import map: aliased to relative './src/components/ui/switch' inside of [project]/Desktop/hyperlocal-frontend

Import traces:
  Client Component Browser:
    ./Desktop/hyperlocal-frontend/src/app/profile/notifications/page.tsx [Client Component Browser]
    ./Desktop/hyperlocal-frontend/src/app/profile/notifications/page.tsx [Server Component]

  Client Component SSR:
    ./Desktop/hyperlocal-frontend/src/app/profile/notifications/page.tsx [Client Component SSR]
    ./Desktop/hyperlocal-frontend/src/app/profile/notifications/page.tsx [Server Component]

https://nextjs.org/docs/messages/module-not-found 
[browser] ./Desktop/hyperlocal-frontend/src/app/profile/notifications/page.tsx:6:1
Module not found: Can't resolve '@/components/ui/switch'
  4 | import { useRouter } from 'next/navigation';
  5 | import { ArrowLeft, Bell, Tag, Shield, Megaphone } from 'lucide-react';
> 6 | import { Switch } from '@/components/ui/switch';
    | ^^^^^^^^^^^^^^^^^^^^^^^^^^^^^^^^^^^^^^^^^^^^^^^^
  7 |
  8 | interface NotifPref {
  9 |   id: string;

Import map: aliased to relative './src/components/ui/switch' inside of [project]/Desktop/hyperlocal-frontend

Import traces:
  Client Component Browser:
    ./Desktop/hyperlocal-frontend/src/app/profile/notifications/page.tsx [Client Component Browser]
    ./Desktop/hyperlocal-frontend/src/app/profile/notifications/page.tsx [Server Component]

  Client Component SSR:
    ./Desktop/hyperlocal-frontend/src/app/profile/notifications/page.tsx [Client Component SSR]
    ./Desktop/hyperlocal-frontend/src/app/profile/notifications/page.tsx [Server Component]

https://nextjs.org/docs/messages/module-not-found 
[browser] Uncaught Error: ./Desktop/hyperlocal-frontend/src/app/profile/notifications/page.tsx:6:1
Module not found: Can't resolve '@/components/ui/switch'
  4 | import { useRouter } from 'next/navigation';
  5 | import { ArrowLeft, Bell, Tag, Shield, Megaphone } from 'lucide-react';
> 6 | import { Switch } from '@/components/ui/switch';
    | ^^^^^^^^^^^^^^^^^^^^^^^^^^^^^^^^^^^^^^^^^^^^^^^^
  7 |
  8 | interface NotifPref {
  9 |   id: string;

Import map: aliased to relative './src/components/ui/switch' inside of [project]/Desktop/hyperlocal-frontend


Import traces:
  Client Component Browser:
    ./Desktop/hyperlocal-frontend/src/app/profile/notifications/page.tsx [Client Component Browser]
    ./Desktop/hyperlocal-frontend/src/app/profile/notifications/page.tsx [Server Component]

  Client Component SSR:
    ./Desktop/hyperlocal-frontend/src/app/profile/notifications/page.tsx [Client Component SSR]
    ./Desktop/hyperlocal-frontend/src/app/profile/notifications/page.tsx [Server Component]

https://nextjs.org/docs/messages/module-not-found


    at <unknown> (Error: ./Desktop/hyperlocal-frontend/src/app/profile/notifications/page.tsx:6:1)
    at <unknown> (https://nextjs.org/docs/messages/module-not-found)
    at <unknown> (Error: (./Desktop/hyperlocal-frontend/src/app/profile/notifications/page.tsx:6:1)
    at <unknown> (https://nextjs.org/docs/messages/module-not-found)
[browser] ./Desktop/hyperlocal-frontend/src/app/profile/notifications/page.tsx:6:1
Module not found: Can't resolve '@/components/ui/switch'
  4 | import { useRouter } from 'next/navigation';
  5 | import { ArrowLeft, Bell, Tag, Shield, Megaphone } from 'lucide-react';
> 6 | import { Switch } from '@/components/ui/switch';
    | ^^^^^^^^^^^^^^^^^^^^^^^^^^^^^^^^^^^^^^^^^^^^^^^^
  7 |
  8 | interface NotifPref {
  9 |   id: string;

Import map: aliased to relative './src/components/ui/switch' inside of [project]/Desktop/hyperlocal-frontend

Import traces:
  Client Component Browser:
    ./Desktop/hyperlocal-frontend/src/app/profile/notifications/page.tsx [Client Component Browser]
    ./Desktop/hyperlocal-frontend/src/app/profile/notifications/page.tsx [Server Component]

  Client Component SSR:
    ./Desktop/hyperlocal-frontend/src/app/profile/notifications/page.tsx [Client Component SSR]
    ./Desktop/hyperlocal-frontend/src/app/profile/notifications/page.tsx [Server Component]

https://nextjs.org/docs/messages/module-not-found 
[browser] ./Desktop/hyperlocal-frontend/src/app/profile/notifications/page.tsx:6:1
Module not found: Can't resolve '@/components/ui/switch'
  4 | import { useRouter } from 'next/navigation';
  5 | import { ArrowLeft, Bell, Tag, Shield, Megaphone } from 'lucide-react';
> 6 | import { Switch } from '@/components/ui/switch';
    | ^^^^^^^^^^^^^^^^^^^^^^^^^^^^^^^^^^^^^^^^^^^^^^^^
  7 |
  8 | interface NotifPref {
  9 |   id: string;

Import map: aliased to relative './src/components/ui/switch' inside of [project]/Desktop/hyperlocal-frontend

Import traces:
  Client Component Browser:
    ./Desktop/hyperlocal-frontend/src/app/profile/notifications/page.tsx [Client Component Browser]
    ./Desktop/hyperlocal-frontend/src/app/profile/notifications/page.tsx [Server Component]

  Client Component SSR:
    ./Desktop/hyperlocal-frontend/src/app/profile/notifications/page.tsx [Client Component SSR]
    ./Desktop/hyperlocal-frontend/src/app/profile/notifications/page.tsx [Server Component]

https://nextjs.org/docs/messages/module-not-found 
[browser] Uncaught Error: ./Desktop/hyperlocal-frontend/src/app/profile/notifications/page.tsx:6:1
Module not found: Can't resolve '@/components/ui/switch'
  4 | import { useRouter } from 'next/navigation';
  5 | import { ArrowLeft, Bell, Tag, Shield, Megaphone } from 'lucide-react';
> 6 | import { Switch } from '@/components/ui/switch';
    | ^^^^^^^^^^^^^^^^^^^^^^^^^^^^^^^^^^^^^^^^^^^^^^^^
  7 |
  8 | interface NotifPref {
  9 |   id: string;

Import map: aliased to relative './src/components/ui/switch' inside of [project]/Desktop/hyperlocal-frontend


Import traces:
  Client Component Browser:
    ./Desktop/hyperlocal-frontend/src/app/profile/notifications/page.tsx [Client Component Browser]
    ./Desktop/hyperlocal-frontend/src/app/profile/notifications/page.tsx [Server Component]

  Client Component SSR:
    ./Desktop/hyperlocal-frontend/src/app/profile/notifications/page.tsx [Client Component SSR]
    ./Desktop/hyperlocal-frontend/src/app/profile/notifications/page.tsx [Server Component]

https://nextjs.org/docs/messages/module-not-found


    at <unknown> (Error: ./Desktop/hyperlocal-frontend/src/app/profile/notifications/page.tsx:6:1)
    at <unknown> (https://nextjs.org/docs/messages/module-not-found)
    at <unknown> (Error: (./Desktop/hyperlocal-frontend/src/app/profile/notifications/page.tsx:6:1)
    at <unknown> (https://nextjs.org/docs/messages/module-not-found)
[browser] ./Desktop/hyperlocal-frontend/src/app/profile/notifications/page.tsx:6:1
Module not found: Can't resolve '@/components/ui/switch'
  4 | import { useRouter } from 'next/navigation';
  5 | import { ArrowLeft, Bell, Tag, Shield, Megaphone } from 'lucide-react';
> 6 | import { Switch } from '@/components/ui/switch';
    | ^^^^^^^^^^^^^^^^^^^^^^^^^^^^^^^^^^^^^^^^^^^^^^^^
  7 |
  8 | interface NotifPref {
  9 |   id: string;

Import map: aliased to relative './src/components/ui/switch' inside of [project]/Desktop/hyperlocal-frontend

Import traces:
  Client Component Browser:
    ./Desktop/hyperlocal-frontend/src/app/profile/notifications/page.tsx [Client Component Browser]
    ./Desktop/hyperlocal-frontend/src/app/profile/notifications/page.tsx [Server Component]

  Client Component SSR:
    ./Desktop/hyperlocal-frontend/src/app/profile/notifications/page.tsx [Client Component SSR]
    ./Desktop/hyperlocal-frontend/src/app/profile/notifications/page.tsx [Server Component]

https://nextjs.org/docs/messages/module-not-found 
[browser] ./Desktop/hyperlocal-frontend/src/app/profile/notifications/page.tsx:6:1
Module not found: Can't resolve '@/components/ui/switch'
  4 | import { useRouter } from 'next/navigation';
  5 | import { ArrowLeft, Bell, Tag, Shield, Megaphone } from 'lucide-react';
> 6 | import { Switch } from '@/components/ui/switch';
    | ^^^^^^^^^^^^^^^^^^^^^^^^^^^^^^^^^^^^^^^^^^^^^^^^
  7 |
  8 | interface NotifPref {
  9 |   id: string;

Import map: aliased to relative './src/components/ui/switch' inside of [project]/Desktop/hyperlocal-frontend

Import traces:
  Client Component Browser:
    ./Desktop/hyperlocal-frontend/src/app/profile/notifications/page.tsx [Client Component Browser]
    ./Desktop/hyperlocal-frontend/src/app/profile/notifications/page.tsx [Server Component]

  Client Component SSR:
    ./Desktop/hyperlocal-frontend/src/app/profile/notifications/page.tsx [Client Component SSR]
    ./Desktop/hyperlocal-frontend/src/app/profile/notifications/page.tsx [Server Component]

https://nextjs.org/docs/messages/module-not-found 
[browser] Uncaught Error: ./Desktop/hyperlocal-frontend/src/app/profile/notifications/page.tsx:6:1
Module not found: Can't resolve '@/components/ui/switch'
  4 | import { useRouter } from 'next/navigation';
  5 | import { ArrowLeft, Bell, Tag, Shield, Megaphone } from 'lucide-react';
> 6 | import { Switch } from '@/components/ui/switch';
    | ^^^^^^^^^^^^^^^^^^^^^^^^^^^^^^^^^^^^^^^^^^^^^^^^
  7 |
  8 | interface NotifPref {
  9 |   id: string;

Import map: aliased to relative './src/components/ui/switch' inside of [project]/Desktop/hyperlocal-frontend


Import traces:
  Client Component Browser:
    ./Desktop/hyperlocal-frontend/src/app/profile/notifications/page.tsx [Client Component Browser]
    ./Desktop/hyperlocal-frontend/src/app/profile/notifications/page.tsx [Server Component]

  Client Component SSR:
    ./Desktop/hyperlocal-frontend/src/app/profile/notifications/page.tsx [Client Component SSR]
    ./Desktop/hyperlocal-frontend/src/app/profile/notifications/page.tsx [Server Component]

https://nextjs.org/docs/messages/module-not-found


    at <unknown> (Error: ./Desktop/hyperlocal-frontend/src/app/profile/notifications/page.tsx:6:1)
    at <unknown> (https://nextjs.org/docs/messages/module-not-found)
    at <unknown> (Error: (./Desktop/hyperlocal-frontend/src/app/profile/notifications/page.tsx:6:1)
    at <unknown> (https://nextjs.org/docs/messages/module-not-found)
[browser] ./Desktop/hyperlocal-frontend/src/app/profile/notifications/page.tsx:6:1
Module not found: Can't resolve '@/components/ui/switch'
  4 | import { useRouter } from 'next/navigation';
  5 | import { ArrowLeft, Bell, Tag, Shield, Megaphone } from 'lucide-react';
> 6 | import { Switch } from '@/components/ui/switch';
    | ^^^^^^^^^^^^^^^^^^^^^^^^^^^^^^^^^^^^^^^^^^^^^^^^
  7 |
  8 | interface NotifPref {
  9 |   id: string;

Import map: aliased to relative './src/components/ui/switch' inside of [project]/Desktop/hyperlocal-frontend

Import traces:
  Client Component Browser:
    ./Desktop/hyperlocal-frontend/src/app/profile/notifications/page.tsx [Client Component Browser]
    ./Desktop/hyperlocal-frontend/src/app/profile/notifications/page.tsx [Server Component]

  Client Component SSR:
    ./Desktop/hyperlocal-frontend/src/app/profile/notifications/page.tsx [Client Component SSR]
    ./Desktop/hyperlocal-frontend/src/app/profile/notifications/page.tsx [Server Component]

https://nextjs.org/docs/messages/module-not-found 
[browser] ./Desktop/hyperlocal-frontend/src/app/profile/notifications/page.tsx:6:1
Module not found: Can't resolve '@/components/ui/switch'
  4 | import { useRouter } from 'next/navigation';
  5 | import { ArrowLeft, Bell, Tag, Shield, Megaphone } from 'lucide-react';
> 6 | import { Switch } from '@/components/ui/switch';
    | ^^^^^^^^^^^^^^^^^^^^^^^^^^^^^^^^^^^^^^^^^^^^^^^^
  7 |
  8 | interface NotifPref {
  9 |   id: string;

Import map: aliased to relative './src/components/ui/switch' inside of [project]/Desktop/hyperlocal-frontend

Import traces:
  Client Component Browser:
    ./Desktop/hyperlocal-frontend/src/app/profile/notifications/page.tsx [Client Component Browser]
    ./Desktop/hyperlocal-frontend/src/app/profile/notifications/page.tsx [Server Component]

  Client Component SSR:
    ./Desktop/hyperlocal-frontend/src/app/profile/notifications/page.tsx [Client Component SSR]
    ./Desktop/hyperlocal-frontend/src/app/profile/notifications/page.tsx [Server Component]

https://nextjs.org/docs/messages/module-not-found 
[browser] Uncaught Error: ./Desktop/hyperlocal-frontend/src/app/profile/notifications/page.tsx:6:1
Module not found: Can't resolve '@/components/ui/switch'
  4 | import { useRouter } from 'next/navigation';
  5 | import { ArrowLeft, Bell, Tag, Shield, Megaphone } from 'lucide-react';
> 6 | import { Switch } from '@/components/ui/switch';
    | ^^^^^^^^^^^^^^^^^^^^^^^^^^^^^^^^^^^^^^^^^^^^^^^^
  7 |
  8 | interface NotifPref {
  9 |   id: string;

Import map: aliased to relative './src/components/ui/switch' inside of [project]/Desktop/hyperlocal-frontend


Import traces:
  Client Component Browser:
    ./Desktop/hyperlocal-frontend/src/app/profile/notifications/page.tsx [Client Component Browser]
    ./Desktop/hyperlocal-frontend/src/app/profile/notifications/page.tsx [Server Component]

  Client Component SSR:
    ./Desktop/hyperlocal-frontend/src/app/profile/notifications/page.tsx [Client Component SSR]
    ./Desktop/hyperlocal-frontend/src/app/profile/notifications/page.tsx [Server Component]

https://nextjs.org/docs/messages/module-not-found


    at <unknown> (Error: ./Desktop/hyperlocal-frontend/src/app/profile/notifications/page.tsx:6:1)
    at <unknown> (https://nextjs.org/docs/messages/module-not-found)
    at <unknown> (Error: (./Desktop/hyperlocal-frontend/src/app/profile/notifications/page.tsx:6:1)
    at <unknown> (https://nextjs.org/docs/messages/module-not-found)
[browser] ./Desktop/hyperlocal-frontend/src/app/profile/notifications/page.tsx:6:1
Module not found: Can't resolve '@/components/ui/switch'
  4 | import { useRouter } from 'next/navigation';
  5 | import { ArrowLeft, Bell, Tag, Shield, Megaphone } from 'lucide-react';
> 6 | import { Switch } from '@/components/ui/switch';
    | ^^^^^^^^^^^^^^^^^^^^^^^^^^^^^^^^^^^^^^^^^^^^^^^^
  7 |
  8 | interface NotifPref {
  9 |   id: string;

Import map: aliased to relative './src/components/ui/switch' inside of [project]/Desktop/hyperlocal-frontend

Import traces:
  Client Component Browser:
    ./Desktop/hyperlocal-frontend/src/app/profile/notifications/page.tsx [Client Component Browser]
    ./Desktop/hyperlocal-frontend/src/app/profile/notifications/page.tsx [Server Component]

  Client Component SSR:
    ./Desktop/hyperlocal-frontend/src/app/profile/notifications/page.tsx [Client Component SSR]
    ./Desktop/hyperlocal-frontend/src/app/profile/notifications/page.tsx [Server Component]

https://nextjs.org/docs/messages/module-not-found 
[browser] ./Desktop/hyperlocal-frontend/src/app/profile/notifications/page.tsx:6:1
Module not found: Can't resolve '@/components/ui/switch'
  4 | import { useRouter } from 'next/navigation';
  5 | import { ArrowLeft, Bell, Tag, Shield, Megaphone } from 'lucide-react';
> 6 | import { Switch } from '@/components/ui/switch';
    | ^^^^^^^^^^^^^^^^^^^^^^^^^^^^^^^^^^^^^^^^^^^^^^^^
  7 |
  8 | interface NotifPref {
  9 |   id: string;

Import map: aliased to relative './src/components/ui/switch' inside of [project]/Desktop/hyperlocal-frontend

Import traces:
  Client Component Browser:
    ./Desktop/hyperlocal-frontend/src/app/profile/notifications/page.tsx [Client Component Browser]
    ./Desktop/hyperlocal-frontend/src/app/profile/notifications/page.tsx [Server Component]

  Client Component SSR:
    ./Desktop/hyperlocal-frontend/src/app/profile/notifications/page.tsx [Client Component SSR]
    ./Desktop/hyperlocal-frontend/src/app/profile/notifications/page.tsx [Server Component]

https://nextjs.org/docs/messages/module-not-found 
[browser] Uncaught Error: ./Desktop/hyperlocal-frontend/src/app/profile/notifications/page.tsx:6:1
Module not found: Can't resolve '@/components/ui/switch'
  4 | import { useRouter } from 'next/navigation';
  5 | import { ArrowLeft, Bell, Tag, Shield, Megaphone } from 'lucide-react';
> 6 | import { Switch } from '@/components/ui/switch';
    | ^^^^^^^^^^^^^^^^^^^^^^^^^^^^^^^^^^^^^^^^^^^^^^^^
  7 |
  8 | interface NotifPref {
  9 |   id: string;

Import map: aliased to relative './src/components/ui/switch' inside of [project]/Desktop/hyperlocal-frontend


Import traces:
  Client Component Browser:
    ./Desktop/hyperlocal-frontend/src/app/profile/notifications/page.tsx [Client Component Browser]
    ./Desktop/hyperlocal-frontend/src/app/profile/notifications/page.tsx [Server Component]

  Client Component SSR:
    ./Desktop/hyperlocal-frontend/src/app/profile/notifications/page.tsx [Client Component SSR]
    ./Desktop/hyperlocal-frontend/src/app/profile/notifications/page.tsx [Server Component]

https://nextjs.org/docs/messages/module-not-found


    at <unknown> (Error: ./Desktop/hyperlocal-frontend/src/app/profile/notifications/page.tsx:6:1)
    at <unknown> (https://nextjs.org/docs/messages/module-not-found)
    at <unknown> (Error: (./Desktop/hyperlocal-frontend/src/app/profile/notifications/page.tsx:6:1)
    at <unknown> (https://nextjs.org/docs/messages/module-not-found)
[browser] ./Desktop/hyperlocal-frontend/src/app/profile/notifications/page.tsx:6:1
Module not found: Can't resolve '@/components/ui/switch'
  4 | import { useRouter } from 'next/navigation';
  5 | import { ArrowLeft, Bell, Tag, Shield, Megaphone } from 'lucide-react';
> 6 | import { Switch } from '@/components/ui/switch';
    | ^^^^^^^^^^^^^^^^^^^^^^^^^^^^^^^^^^^^^^^^^^^^^^^^
  7 |
  8 | interface NotifPref {
  9 |   id: string;

Import map: aliased to relative './src/components/ui/switch' inside of [project]/Desktop/hyperlocal-frontend

Import traces:
  Client Component Browser:
    ./Desktop/hyperlocal-frontend/src/app/profile/notifications/page.tsx [Client Component Browser]
    ./Desktop/hyperlocal-frontend/src/app/profile/notifications/page.tsx [Server Component]

  Client Component SSR:
    ./Desktop/hyperlocal-frontend/src/app/profile/notifications/page.tsx [Client Component SSR]
    ./Desktop/hyperlocal-frontend/src/app/profile/notifications/page.tsx [Server Component]

https://nextjs.org/docs/messages/module-not-found 
[browser] ./Desktop/hyperlocal-frontend/src/app/profile/notifications/page.tsx:6:1
Module not found: Can't resolve '@/components/ui/switch'
  4 | import { useRouter } from 'next/navigation';
  5 | import { ArrowLeft, Bell, Tag, Shield, Megaphone } from 'lucide-react';
> 6 | import { Switch } from '@/components/ui/switch';
    | ^^^^^^^^^^^^^^^^^^^^^^^^^^^^^^^^^^^^^^^^^^^^^^^^
  7 |
  8 | interface NotifPref {
  9 |   id: string;

Import map: aliased to relative './src/components/ui/switch' inside of [project]/Desktop/hyperlocal-frontend

Import traces:
  Client Component Browser:
    ./Desktop/hyperlocal-frontend/src/app/profile/notifications/page.tsx [Client Component Browser]
    ./Desktop/hyperlocal-frontend/src/app/profile/notifications/page.tsx [Server Component]

  Client Component SSR:
    ./Desktop/hyperlocal-frontend/src/app/profile/notifications/page.tsx [Client Component SSR]
    ./Desktop/hyperlocal-frontend/src/app/profile/notifications/page.tsx [Server Component]

https://nextjs.org/docs/messages/module-not-found 
[browser] Uncaught Error: ./Desktop/hyperlocal-frontend/src/app/profile/notifications/page.tsx:6:1
Module not found: Can't resolve '@/components/ui/switch'
  4 | import { useRouter } from 'next/navigation';
  5 | import { ArrowLeft, Bell, Tag, Shield, Megaphone } from 'lucide-react';
> 6 | import { Switch } from '@/components/ui/switch';
    | ^^^^^^^^^^^^^^^^^^^^^^^^^^^^^^^^^^^^^^^^^^^^^^^^
  7 |
  8 | interface NotifPref {
  9 |   id: string;

Import map: aliased to relative './src/components/ui/switch' inside of [project]/Desktop/hyperlocal-frontend


Import traces:
  Client Component Browser:
    ./Desktop/hyperlocal-frontend/src/app/profile/notifications/page.tsx [Client Component Browser]
    ./Desktop/hyperlocal-frontend/src/app/profile/notifications/page.tsx [Server Component]

  Client Component SSR:
    ./Desktop/hyperlocal-frontend/src/app/profile/notifications/page.tsx [Client Component SSR]
    ./Desktop/hyperlocal-frontend/src/app/profile/notifications/page.tsx [Server Component]

https://nextjs.org/docs/messages/module-not-found


    at <unknown> (Error: ./Desktop/hyperlocal-frontend/src/app/profile/notifications/page.tsx:6:1)
    at <unknown> (https://nextjs.org/docs/messages/module-not-found)
    at <unknown> (Error: (./Desktop/hyperlocal-frontend/src/app/profile/notifications/page.tsx:6:1)
    at <unknown> (https://nextjs.org/docs/messages/module-not-found)
[browser] ./Desktop/hyperlocal-frontend/src/app/profile/notifications/page.tsx:6:1
Module not found: Can't resolve '@/components/ui/switch'
  4 | import { useRouter } from 'next/navigation';
  5 | import { ArrowLeft, Bell, Tag, Shield, Megaphone } from 'lucide-react';
> 6 | import { Switch } from '@/components/ui/switch';
    | ^^^^^^^^^^^^^^^^^^^^^^^^^^^^^^^^^^^^^^^^^^^^^^^^
  7 |
  8 | interface NotifPref {
  9 |   id: string;

Import map: aliased to relative './src/components/ui/switch' inside of [project]/Desktop/hyperlocal-frontend

Import traces:
  Client Component Browser:
    ./Desktop/hyperlocal-frontend/src/app/profile/notifications/page.tsx [Client Component Browser]
    ./Desktop/hyperlocal-frontend/src/app/profile/notifications/page.tsx [Server Component]

  Client Component SSR:
    ./Desktop/hyperlocal-frontend/src/app/profile/notifications/page.tsx [Client Component SSR]
    ./Desktop/hyperlocal-frontend/src/app/profile/notifications/page.tsx [Server Component]

https://nextjs.org/docs/messages/module-not-found 
[browser] ./Desktop/hyperlocal-frontend/src/app/profile/notifications/page.tsx:6:1
Module not found: Can't resolve '@/components/ui/switch'
  4 | import { useRouter } from 'next/navigation';
  5 | import { ArrowLeft, Bell, Tag, Shield, Megaphone } from 'lucide-react';
> 6 | import { Switch } from '@/components/ui/switch';
    | ^^^^^^^^^^^^^^^^^^^^^^^^^^^^^^^^^^^^^^^^^^^^^^^^
  7 |
  8 | interface NotifPref {
  9 |   id: string;

Import map: aliased to relative './src/components/ui/switch' inside of [project]/Desktop/hyperlocal-frontend

Import traces:
  Client Component Browser:
    ./Desktop/hyperlocal-frontend/src/app/profile/notifications/page.tsx [Client Component Browser]
    ./Desktop/hyperlocal-frontend/src/app/profile/notifications/page.tsx [Server Component]

  Client Component SSR:
    ./Desktop/hyperlocal-frontend/src/app/profile/notifications/page.tsx [Client Component SSR]
    ./Desktop/hyperlocal-frontend/src/app/profile/notifications/page.tsx [Server Component]

https://nextjs.org/docs/messages/module-not-found 
[browser] AxiosError: Request failed with status code 403 (src/app/vendor-dashboard/page.tsx:158:15)
[browser] AxiosError: Request failed with status code 403 (src/app/vendor-dashboard/page.tsx:158:15)
[browser] Failed to fetch items AxiosError: Network Error (src/app/explore/page.tsx:53:15)
[browser] Failed to fetch items AxiosError: Network Error (src/app/explore/page.tsx:53:15)
[browser] AxiosError: Network Error (src/app/vendor-dashboard/page.tsx:158:15)
[browser] AxiosError: Network Error (src/app/vendor-dashboard/page.tsx:158:15)
[browser] AxiosError: Request failed with status code 401 (src/app/vendor-dashboard/page.tsx:158:15)
⚠ Fast Refresh had to perform a full reload due to a runtime error.
⚠ Fast Refresh had to perform a full reload due to a runtime error.
⚠ Fast Refresh had to perform a full reload due to a runtime error.
⚠ Fast Refresh had to perform a full reload due to a runtime error.
[browser] The final argument passed to useEffect changed size between renders. The order and size of this array must remain constant.

Previous: []
Incoming: [fatehabad, (city)=>set({
                selectedCity: city,
                page: 1
            })] 
    at Home (src/app/page.tsx:56:12)
    at Set.forEach (<anonymous>)
  54 |
  55 |   // Fetch cities and showcase items on mount
> 56 |   useEffect(() => {
     |            ^
  57 |     const initPage = async () => {
  58 |       try {
  59 |         const [citiesRes, catalogRes] = await Promise.all([ (src/app/page.tsx:56:12)
[browser] Failed to initialize homepage data AxiosError: Request failed with status code 400
    at async Home.useEffect.initPage (src/app/page.tsx:59:41)
  57 |     const initPage = async () => {
  58 |       try {
> 59 |         const [citiesRes, catalogRes] = await Promise.all([
     |                                         ^
  60 |           apiClient.get('/search/cities'),
  61 |           apiClient.get('/catalog/explore', { params: { limit: 6 } })
  62 |         ]); (src/app/page.tsx:77:17)
[browser] Failed to initialize homepage data AxiosError: Request failed with status code 400
    at async Home.useEffect.initPage (src/app/page.tsx:59:41)
  57 |     const initPage = async () => {
  58 |       try {
> 59 |         const [citiesRes, catalogRes] = await Promise.all([
     |                                         ^
  60 |           apiClient.get('/search/cities'),
  61 |           apiClient.get('/catalog/explore', { params: { limit: 6 } })
  62 |         ]); (src/app/page.tsx:77:17)
[browser] Failed to fetch cities list AxiosError: Network Error (src/app/explore/page.tsx:142:17)
[browser] Failed to fetch items AxiosError: Network Error (src/app/explore/page.tsx:182:15)
[browser] Failed to fetch cities list AxiosError: Network Error (src/app/explore/page.tsx:142:17)
[browser] Failed to fetch items AxiosError: Network Error (src/app/explore/page.tsx:182:15)
[browser] Failed to fetch items AxiosError: Network Error (src/app/explore/page.tsx:182:15)
[browser] Failed to initialize homepage data AxiosError: Network Error
    at async Home.useEffect.initPage (src/app/page.tsx:59:41)
  57 |     const initPage = async () => {
  58 |       try {
> 59 |         const [citiesRes, catalogRes] = await Promise.all([
     |                                         ^
  60 |           apiClient.get('/search/cities'),
  61 |           apiClient.get('/catalog/explore', { params: { limit: 6 } })
  62 |         ]); (src/app/page.tsx:77:17)
[browser] Failed to initialize homepage data AxiosError: Network Error
    at async Home.useEffect.initPage (src/app/page.tsx:59:41)
  57 |     const initPage = async () => {
  58 |       try {
> 59 |         const [citiesRes, catalogRes] = await Promise.all([
     |                                         ^
  60 |           apiClient.get('/search/cities'),
  61 |           apiClient.get('/catalog/explore', { params: { limit: 6 } })
  62 |         ]); (src/app/page.tsx:77:17)
[browser] Failed to initialize homepage data AxiosError: Network Error
    at async Home.useEffect.initPage (src/app/page.tsx:59:41)
  57 |     const initPage = async () => {
  58 |       try {
> 59 |         const [citiesRes, catalogRes] = await Promise.all([
     |                                         ^
  60 |           apiClient.get('/search/cities'),
  61 |           apiClient.get('/catalog/explore', { params: { limit: 6 } })
  62 |         ]); (src/app/page.tsx:77:17)
[browser] Failed to initialize homepage data AxiosError: Network Error
    at async Home.useEffect.initPage (src/app/page.tsx:59:41)
  57 |     const initPage = async () => {
  58 |       try {
> 59 |         const [citiesRes, catalogRes] = await Promise.all([
     |                                         ^
  60 |           apiClient.get('/search/cities'),
  61 |           apiClient.get('/catalog/explore', { params: { limit: 6 } })
  62 |         ]); (src/app/page.tsx:77:17)
[browser] Failed to initialize homepage data AxiosError: Network Error
    at async Home.useEffect.initPage (src/app/page.tsx:59:41)
  57 |     const initPage = async () => {
  58 |       try {
> 59 |         const [citiesRes, catalogRes] = await Promise.all([
     |                                         ^
  60 |           apiClient.get('/search/cities'),
  61 |           apiClient.get('/catalog/explore', { params: { limit: 6 } })
  62 |         ]); (src/app/page.tsx:77:17)
[browser] Failed to initialize homepage data AxiosError: Network Error
    at async Home.useEffect.initPage (src/app/page.tsx:59:41)
  57 |     const initPage = async () => {
  58 |       try {
> 59 |         const [citiesRes, catalogRes] = await Promise.all([
     |                                         ^
  60 |           apiClient.get('/search/cities'),
  61 |           apiClient.get('/catalog/explore', { params: { limit: 6 } })
  62 |         ]); (src/app/page.tsx:77:17)
[browser] Failed to initialize homepage data AxiosError: Network Error
    at async Home.useEffect.initPage (src/app/page.tsx:59:41)
  57 |     const initPage = async () => {
  58 |       try {
> 59 |         const [citiesRes, catalogRes] = await Promise.all([
     |                                         ^
  60 |           apiClient.get('/search/cities'),
  61 |           apiClient.get('/catalog/explore', { params: { limit: 6 } })
  62 |         ]); (src/app/page.tsx:77:17)
[browser] Failed to initialize homepage data AxiosError: Network Error
    at async Home.useEffect.initPage (src/app/page.tsx:59:41)
  57 |     const initPage = async () => {
  58 |       try {
> 59 |         const [citiesRes, catalogRes] = await Promise.all([
     |                                         ^
  60 |           apiClient.get('/search/cities'),
  61 |           apiClient.get('/catalog/explore', { params: { limit: 6 } })
  62 |         ]); (src/app/page.tsx:77:17)
[browser] Failed to initialize homepage data AxiosError: Network Error
    at async Home.useEffect.initPage (src/app/page.tsx:59:41)
  57 |     const initPage = async () => {
  58 |       try {
> 59 |         const [citiesRes, catalogRes] = await Promise.all([
     |                                         ^
  60 |           apiClient.get('/search/cities'),
  61 |           apiClient.get('/catalog/explore', { params: { limit: 6 } })
  62 |         ]); (src/app/page.tsx:77:17)
[browser] Failed to initialize homepage data AxiosError: Network Error
    at async Home.useEffect.initPage (src/app/page.tsx:59:41)
  57 |     const initPage = async () => {
  58 |       try {
> 59 |         const [citiesRes, catalogRes] = await Promise.all([
     |                                         ^
  60 |           apiClient.get('/search/cities'),
  61 |           apiClient.get('/catalog/explore', { params: { limit: 6 } })
  62 |         ]); (src/app/page.tsx:77:17)
⨯ ./Desktop/hyperlocal-frontend/src/app/layout.tsx:9:1
Module not found: Can't resolve '@/components/auth/AuthInitializer'
  [90m 7 |[0m [36mimport[0m { [33mToaster[0m } [36mfrom[0m [32m"@/components/ui/sonner"[0m;
  [90m 8 |[0m [36mimport[0m [33mErrorDiagnosticsModal[0m [36mfrom[0m [32m"@/components/shared/ErrorDiagnosticsModal"[0m;
[31m[1m>[0m [90m 9 |[0m [36mimport[0m { [33mAuthInitializer[0m } [36mfrom[0m [32m'@/components/auth/AuthInitializer'[0m;
  [90m   |[0m [31m[1m^^^^^^^^^^^^^^^^^^^^^^^^^^^^^^^^^^^^^^^^^^^^^^^^^^^^^^^^^^^^^^^^^^^^[0m
  [90m10 |[0m [36mimport[0m { [33mTutorialModal[0m } [36mfrom[0m [32m'@/components/shared/TutorialModal'[0m;
  [90m11 |[0m
  [90m12 |[0m [36mconst[0m inter = [33mInter[0m({ subsets: [[32m"latin"[0m] });

Import map: aliased to relative './src/components/auth/AuthInitializer' inside of [project]/Desktop/hyperlocal-frontend


https://nextjs.org/docs/messages/module-not-found


⨯ ./Desktop/hyperlocal-frontend/src/app/layout.tsx:9:1
Module not found: Can't resolve '@/components/auth/AuthInitializer'
  [90m 7 |[0m [36mimport[0m { [33mToaster[0m } [36mfrom[0m [32m"@/components/ui/sonner"[0m;
  [90m 8 |[0m [36mimport[0m [33mErrorDiagnosticsModal[0m [36mfrom[0m [32m"@/components/shared/ErrorDiagnosticsModal"[0m;
[31m[1m>[0m [90m 9 |[0m [36mimport[0m { [33mAuthInitializer[0m } [36mfrom[0m [32m'@/components/auth/AuthInitializer'[0m;
  [90m   |[0m [31m[1m^^^^^^^^^^^^^^^^^^^^^^^^^^^^^^^^^^^^^^^^^^^^^^^^^^^^^^^^^^^^^^^^^^^^[0m
  [90m10 |[0m [36mimport[0m { [33mTutorialModal[0m } [36mfrom[0m [32m'@/components/shared/TutorialModal'[0m;
  [90m11 |[0m
  [90m12 |[0m [36mconst[0m inter = [33mInter[0m({ subsets: [[32m"latin"[0m] });

Import map: aliased to relative './src/components/auth/AuthInitializer' inside of [project]/Desktop/hyperlocal-frontend


https://nextjs.org/docs/messages/module-not-found


⨯ ./Desktop/hyperlocal-frontend/src/app/layout.tsx:9:1
Module not found: Can't resolve '@/components/auth/AuthInitializer'
  [90m 7 |[0m [36mimport[0m { [33mToaster[0m } [36mfrom[0m [32m"@/components/ui/sonner"[0m;
  [90m 8 |[0m [36mimport[0m [33mErrorDiagnosticsModal[0m [36mfrom[0m [32m"@/components/shared/ErrorDiagnosticsModal"[0m;
[31m[1m>[0m [90m 9 |[0m [36mimport[0m { [33mAuthInitializer[0m } [36mfrom[0m [32m'@/components/auth/AuthInitializer'[0m;
  [90m   |[0m [31m[1m^^^^^^^^^^^^^^^^^^^^^^^^^^^^^^^^^^^^^^^^^^^^^^^^^^^^^^^^^^^^^^^^^^^^[0m
  [90m10 |[0m [36mimport[0m { [33mTutorialModal[0m } [36mfrom[0m [32m'@/components/shared/TutorialModal'[0m;
  [90m11 |[0m
  [90m12 |[0m [36mconst[0m inter = [33mInter[0m({ subsets: [[32m"latin"[0m] });

Import map: aliased to relative './src/components/auth/AuthInitializer' inside of [project]/Desktop/hyperlocal-frontend


https://nextjs.org/docs/messages/module-not-found


⨯ ./Desktop/hyperlocal-frontend/src/app/layout.tsx:9:1
Module not found: Can't resolve '@/components/auth/AuthInitializer'
  [90m 7 |[0m [36mimport[0m { [33mToaster[0m } [36mfrom[0m [32m"@/components/ui/sonner"[0m;
  [90m 8 |[0m [36mimport[0m [33mErrorDiagnosticsModal[0m [36mfrom[0m [32m"@/components/shared/ErrorDiagnosticsModal"[0m;
[31m[1m>[0m [90m 9 |[0m [36mimport[0m { [33mAuthInitializer[0m } [36mfrom[0m [32m'@/components/auth/AuthInitializer'[0m;
  [90m   |[0m [31m[1m^^^^^^^^^^^^^^^^^^^^^^^^^^^^^^^^^^^^^^^^^^^^^^^^^^^^^^^^^^^^^^^^^^^^[0m
  [90m10 |[0m [36mimport[0m { [33mTutorialModal[0m } [36mfrom[0m [32m'@/components/shared/TutorialModal'[0m;
  [90m11 |[0m
  [90m12 |[0m [36mconst[0m inter = [33mInter[0m({ subsets: [[32m"latin"[0m] });

Import map: aliased to relative './src/components/auth/AuthInitializer' inside of [project]/Desktop/hyperlocal-frontend


https://nextjs.org/docs/messages/module-not-found


⨯ ./Desktop/hyperlocal-frontend/src/app/layout.tsx:9:1
Module not found: Can't resolve '@/components/auth/AuthInitializer'
  [90m 7 |[0m [36mimport[0m { [33mToaster[0m } [36mfrom[0m [32m"@/components/ui/sonner"[0m;
  [90m 8 |[0m [36mimport[0m [33mErrorDiagnosticsModal[0m [36mfrom[0m [32m"@/components/shared/ErrorDiagnosticsModal"[0m;
[31m[1m>[0m [90m 9 |[0m [36mimport[0m { [33mAuthInitializer[0m } [36mfrom[0m [32m'@/components/auth/AuthInitializer'[0m;
  [90m   |[0m [31m[1m^^^^^^^^^^^^^^^^^^^^^^^^^^^^^^^^^^^^^^^^^^^^^^^^^^^^^^^^^^^^^^^^^^^^[0m
  [90m10 |[0m [36mimport[0m { [33mTutorialModal[0m } [36mfrom[0m [32m'@/components/shared/TutorialModal'[0m;
  [90m11 |[0m
  [90m12 |[0m [36mconst[0m inter = [33mInter[0m({ subsets: [[32m"latin"[0m] });

Import map: aliased to relative './src/components/auth/AuthInitializer' inside of [project]/Desktop/hyperlocal-frontend


https://nextjs.org/docs/messages/module-not-found


⨯ ./Desktop/hyperlocal-frontend/src/app/layout.tsx:9:1
Module not found: Can't resolve '@/components/auth/AuthInitializer'
  [90m 7 |[0m [36mimport[0m { [33mToaster[0m } [36mfrom[0m [32m"@/components/ui/sonner"[0m;
  [90m 8 |[0m [36mimport[0m [33mErrorDiagnosticsModal[0m [36mfrom[0m [32m"@/components/shared/ErrorDiagnosticsModal"[0m;
[31m[1m>[0m [90m 9 |[0m [36mimport[0m { [33mAuthInitializer[0m } [36mfrom[0m [32m'@/components/auth/AuthInitializer'[0m;
  [90m   |[0m [31m[1m^^^^^^^^^^^^^^^^^^^^^^^^^^^^^^^^^^^^^^^^^^^^^^^^^^^^^^^^^^^^^^^^^^^^[0m
  [90m10 |[0m [36mimport[0m { [33mTutorialModal[0m } [36mfrom[0m [32m'@/components/shared/TutorialModal'[0m;
  [90m11 |[0m
  [90m12 |[0m [36mconst[0m inter = [33mInter[0m({ subsets: [[32m"latin"[0m] });

Import map: aliased to relative './src/components/auth/AuthInitializer' inside of [project]/Desktop/hyperlocal-frontend


https://nextjs.org/docs/messages/module-not-found


⨯ ./Desktop/hyperlocal-frontend/src/app/layout.tsx:9:1
Module not found: Can't resolve '@/components/auth/AuthInitializer'
  [90m 7 |[0m [36mimport[0m { [33mToaster[0m } [36mfrom[0m [32m"@/components/ui/sonner"[0m;
  [90m 8 |[0m [36mimport[0m [33mErrorDiagnosticsModal[0m [36mfrom[0m [32m"@/components/shared/ErrorDiagnosticsModal"[0m;
[31m[1m>[0m [90m 9 |[0m [36mimport[0m { [33mAuthInitializer[0m } [36mfrom[0m [32m'@/components/auth/AuthInitializer'[0m;
  [90m   |[0m [31m[1m^^^^^^^^^^^^^^^^^^^^^^^^^^^^^^^^^^^^^^^^^^^^^^^^^^^^^^^^^^^^^^^^^^^^[0m
  [90m10 |[0m [36mimport[0m { [33mTutorialModal[0m } [36mfrom[0m [32m'@/components/shared/TutorialModal'[0m;
  [90m11 |[0m
  [90m12 |[0m [36mconst[0m inter = [33mInter[0m({ subsets: [[32m"latin"[0m] });

Import map: aliased to relative './src/components/auth/AuthInitializer' inside of [project]/Desktop/hyperlocal-frontend


https://nextjs.org/docs/messages/module-not-found


⨯ ./Desktop/hyperlocal-frontend/src/app/layout.tsx:9:1
Module not found: Can't resolve '@/components/auth/AuthInitializer'
  [90m 7 |[0m [36mimport[0m { [33mToaster[0m } [36mfrom[0m [32m"@/components/ui/sonner"[0m;
  [90m 8 |[0m [36mimport[0m [33mErrorDiagnosticsModal[0m [36mfrom[0m [32m"@/components/shared/ErrorDiagnosticsModal"[0m;
[31m[1m>[0m [90m 9 |[0m [36mimport[0m { [33mAuthInitializer[0m } [36mfrom[0m [32m'@/components/auth/AuthInitializer'[0m;
  [90m   |[0m [31m[1m^^^^^^^^^^^^^^^^^^^^^^^^^^^^^^^^^^^^^^^^^^^^^^^^^^^^^^^^^^^^^^^^^^^^[0m
  [90m10 |[0m [36mimport[0m { [33mTutorialModal[0m } [36mfrom[0m [32m'@/components/shared/TutorialModal'[0m;
  [90m11 |[0m
  [90m12 |[0m [36mconst[0m inter = [33mInter[0m({ subsets: [[32m"latin"[0m] });

Import map: aliased to relative './src/components/auth/AuthInitializer' inside of [project]/Desktop/hyperlocal-frontend


https://nextjs.org/docs/messages/module-not-found


⨯ ./Desktop/hyperlocal-frontend/src/app/layout.tsx:9:1
Module not found: Can't resolve '@/components/auth/AuthInitializer'
  [90m 7 |[0m [36mimport[0m { [33mToaster[0m } [36mfrom[0m [32m"@/components/ui/sonner"[0m;
  [90m 8 |[0m [36mimport[0m [33mErrorDiagnosticsModal[0m [36mfrom[0m [32m"@/components/shared/ErrorDiagnosticsModal"[0m;
[31m[1m>[0m [90m 9 |[0m [36mimport[0m { [33mAuthInitializer[0m } [36mfrom[0m [32m'@/components/auth/AuthInitializer'[0m;
  [90m   |[0m [31m[1m^^^^^^^^^^^^^^^^^^^^^^^^^^^^^^^^^^^^^^^^^^^^^^^^^^^^^^^^^^^^^^^^^^^^[0m
  [90m10 |[0m [36mimport[0m { [33mTutorialModal[0m } [36mfrom[0m [32m'@/components/shared/TutorialModal'[0m;
  [90m11 |[0m
  [90m12 |[0m [36mconst[0m inter = [33mInter[0m({ subsets: [[32m"latin"[0m] });

Import map: aliased to relative './src/components/auth/AuthInitializer' inside of [project]/Desktop/hyperlocal-frontend


https://nextjs.org/docs/messages/module-not-found


⨯ ./Desktop/hyperlocal-frontend/src/app/layout.tsx:9:1
Module not found: Can't resolve '@/components/auth/AuthInitializer'
  [90m 7 |[0m [36mimport[0m { [33mToaster[0m } [36mfrom[0m [32m"@/components/ui/sonner"[0m;
  [90m 8 |[0m [36mimport[0m [33mErrorDiagnosticsModal[0m [36mfrom[0m [32m"@/components/shared/ErrorDiagnosticsModal"[0m;
[31m[1m>[0m [90m 9 |[0m [36mimport[0m { [33mAuthInitializer[0m } [36mfrom[0m [32m'@/components/auth/AuthInitializer'[0m;
  [90m   |[0m [31m[1m^^^^^^^^^^^^^^^^^^^^^^^^^^^^^^^^^^^^^^^^^^^^^^^^^^^^^^^^^^^^^^^^^^^^[0m
  [90m10 |[0m [36mimport[0m { [33mTutorialModal[0m } [36mfrom[0m [32m'@/components/shared/TutorialModal'[0m;
  [90m11 |[0m
  [90m12 |[0m [36mconst[0m inter = [33mInter[0m({ subsets: [[32m"latin"[0m] });

Import map: aliased to relative './src/components/auth/AuthInitializer' inside of [project]/Desktop/hyperlocal-frontend


https://nextjs.org/docs/messages/module-not-found


⨯ ./Desktop/hyperlocal-frontend/src/app/layout.tsx:9:1
Module not found: Can't resolve '@/components/auth/AuthInitializer'
  [90m 7 |[0m [36mimport[0m { [33mToaster[0m } [36mfrom[0m [32m"@/components/ui/sonner"[0m;
  [90m 8 |[0m [36mimport[0m [33mErrorDiagnosticsModal[0m [36mfrom[0m [32m"@/components/shared/ErrorDiagnosticsModal"[0m;
[31m[1m>[0m [90m 9 |[0m [36mimport[0m { [33mAuthInitializer[0m } [36mfrom[0m [32m'@/components/auth/AuthInitializer'[0m;
  [90m   |[0m [31m[1m^^^^^^^^^^^^^^^^^^^^^^^^^^^^^^^^^^^^^^^^^^^^^^^^^^^^^^^^^^^^^^^^^^^^[0m
  [90m10 |[0m [36mimport[0m { [33mTutorialModal[0m } [36mfrom[0m [32m'@/components/shared/TutorialModal'[0m;
  [90m11 |[0m
  [90m12 |[0m [36mconst[0m inter = [33mInter[0m({ subsets: [[32m"latin"[0m] });

Import map: aliased to relative './src/components/auth/AuthInitializer' inside of [project]/Desktop/hyperlocal-frontend


https://nextjs.org/docs/messages/module-not-found


⨯ ./Desktop/hyperlocal-frontend/src/app/layout.tsx:9:1
Module not found: Can't resolve '@/components/auth/AuthInitializer'
  [90m 7 |[0m [36mimport[0m { [33mToaster[0m } [36mfrom[0m [32m"@/components/ui/sonner"[0m;
  [90m 8 |[0m [36mimport[0m [33mErrorDiagnosticsModal[0m [36mfrom[0m [32m"@/components/shared/ErrorDiagnosticsModal"[0m;
[31m[1m>[0m [90m 9 |[0m [36mimport[0m { [33mAuthInitializer[0m } [36mfrom[0m [32m'@/components/auth/AuthInitializer'[0m;
  [90m   |[0m [31m[1m^^^^^^^^^^^^^^^^^^^^^^^^^^^^^^^^^^^^^^^^^^^^^^^^^^^^^^^^^^^^^^^^^^^^[0m
  [90m10 |[0m [36mimport[0m { [33mTutorialModal[0m } [36mfrom[0m [32m'@/components/shared/TutorialModal'[0m;
  [90m11 |[0m
  [90m12 |[0m [36mconst[0m inter = [33mInter[0m({ subsets: [[32m"latin"[0m] });

Import map: aliased to relative './src/components/auth/AuthInitializer' inside of [project]/Desktop/hyperlocal-frontend


https://nextjs.org/docs/messages/module-not-found


⨯ ./Desktop/hyperlocal-frontend/src/app/layout.tsx:9:1
Module not found: Can't resolve '@/components/auth/AuthInitializer'
  [90m 7 |[0m [36mimport[0m { [33mToaster[0m } [36mfrom[0m [32m"@/components/ui/sonner"[0m;
  [90m 8 |[0m [36mimport[0m [33mErrorDiagnosticsModal[0m [36mfrom[0m [32m"@/components/shared/ErrorDiagnosticsModal"[0m;
[31m[1m>[0m [90m 9 |[0m [36mimport[0m { [33mAuthInitializer[0m } [36mfrom[0m [32m'@/components/auth/AuthInitializer'[0m;
  [90m   |[0m [31m[1m^^^^^^^^^^^^^^^^^^^^^^^^^^^^^^^^^^^^^^^^^^^^^^^^^^^^^^^^^^^^^^^^^^^^[0m
  [90m10 |[0m [36mimport[0m { [33mTutorialModal[0m } [36mfrom[0m [32m'@/components/shared/TutorialModal'[0m;
  [90m11 |[0m
  [90m12 |[0m [36mconst[0m inter = [33mInter[0m({ subsets: [[32m"latin"[0m] });

Import map: aliased to relative './src/components/auth/AuthInitializer' inside of [project]/Desktop/hyperlocal-frontend


https://nextjs.org/docs/messages/module-not-found


⨯ ./Desktop/hyperlocal-frontend/src/app/layout.tsx:9:1
Module not found: Can't resolve '@/components/auth/AuthInitializer'
  [90m 7 |[0m [36mimport[0m { [33mToaster[0m } [36mfrom[0m [32m"@/components/ui/sonner"[0m;
  [90m 8 |[0m [36mimport[0m [33mErrorDiagnosticsModal[0m [36mfrom[0m [32m"@/components/shared/ErrorDiagnosticsModal"[0m;
[31m[1m>[0m [90m 9 |[0m [36mimport[0m { [33mAuthInitializer[0m } [36mfrom[0m [32m'@/components/auth/AuthInitializer'[0m;
  [90m   |[0m [31m[1m^^^^^^^^^^^^^^^^^^^^^^^^^^^^^^^^^^^^^^^^^^^^^^^^^^^^^^^^^^^^^^^^^^^^[0m
  [90m10 |[0m [36mimport[0m { [33mTutorialModal[0m } [36mfrom[0m [32m'@/components/shared/TutorialModal'[0m;
  [90m11 |[0m
  [90m12 |[0m [36mconst[0m inter = [33mInter[0m({ subsets: [[32m"latin"[0m] });

Import map: aliased to relative './src/components/auth/AuthInitializer' inside of [project]/Desktop/hyperlocal-frontend


https://nextjs.org/docs/messages/module-not-found


⨯ ./Desktop/hyperlocal-frontend/src/app/layout.tsx:9:1
Module not found: Can't resolve '@/components/auth/AuthInitializer'
  [90m 7 |[0m [36mimport[0m { [33mToaster[0m } [36mfrom[0m [32m"@/components/ui/sonner"[0m;
  [90m 8 |[0m [36mimport[0m [33mErrorDiagnosticsModal[0m [36mfrom[0m [32m"@/components/shared/ErrorDiagnosticsModal"[0m;
[31m[1m>[0m [90m 9 |[0m [36mimport[0m { [33mAuthInitializer[0m } [36mfrom[0m [32m'@/components/auth/AuthInitializer'[0m;
  [90m   |[0m [31m[1m^^^^^^^^^^^^^^^^^^^^^^^^^^^^^^^^^^^^^^^^^^^^^^^^^^^^^^^^^^^^^^^^^^^^[0m
  [90m10 |[0m [36mimport[0m { [33mTutorialModal[0m } [36mfrom[0m [32m'@/components/shared/TutorialModal'[0m;
  [90m11 |[0m
  [90m12 |[0m [36mconst[0m inter = [33mInter[0m({ subsets: [[32m"latin"[0m] });

Import map: aliased to relative './src/components/auth/AuthInitializer' inside of [project]/Desktop/hyperlocal-frontend


https://nextjs.org/docs/messages/module-not-found


⨯ ./Desktop/hyperlocal-frontend/src/app/layout.tsx:9:1
Module not found: Can't resolve '@/components/auth/AuthInitializer'
  [90m 7 |[0m [36mimport[0m { [33mToaster[0m } [36mfrom[0m [32m"@/components/ui/sonner"[0m;
  [90m 8 |[0m [36mimport[0m [33mErrorDiagnosticsModal[0m [36mfrom[0m [32m"@/components/shared/ErrorDiagnosticsModal"[0m;
[31m[1m>[0m [90m 9 |[0m [36mimport[0m { [33mAuthInitializer[0m } [36mfrom[0m [32m'@/components/auth/AuthInitializer'[0m;
  [90m   |[0m [31m[1m^^^^^^^^^^^^^^^^^^^^^^^^^^^^^^^^^^^^^^^^^^^^^^^^^^^^^^^^^^^^^^^^^^^^[0m
  [90m10 |[0m [36mimport[0m { [33mTutorialModal[0m } [36mfrom[0m [32m'@/components/shared/TutorialModal'[0m;
  [90m11 |[0m
  [90m12 |[0m [36mconst[0m inter = [33mInter[0m({ subsets: [[32m"latin"[0m] });

Import map: aliased to relative './src/components/auth/AuthInitializer' inside of [project]/Desktop/hyperlocal-frontend


https://nextjs.org/docs/messages/module-not-found


⨯ ./Desktop/hyperlocal-frontend/src/app/layout.tsx:9:1
Module not found: Can't resolve '@/components/auth/AuthInitializer'
  [90m 7 |[0m [36mimport[0m { [33mToaster[0m } [36mfrom[0m [32m"@/components/ui/sonner"[0m;
  [90m 8 |[0m [36mimport[0m [33mErrorDiagnosticsModal[0m [36mfrom[0m [32m"@/components/shared/ErrorDiagnosticsModal"[0m;
[31m[1m>[0m [90m 9 |[0m [36mimport[0m { [33mAuthInitializer[0m } [36mfrom[0m [32m'@/components/auth/AuthInitializer'[0m;
  [90m   |[0m [31m[1m^^^^^^^^^^^^^^^^^^^^^^^^^^^^^^^^^^^^^^^^^^^^^^^^^^^^^^^^^^^^^^^^^^^^[0m
  [90m10 |[0m [36mimport[0m { [33mTutorialModal[0m } [36mfrom[0m [32m'@/components/shared/TutorialModal'[0m;
  [90m11 |[0m
  [90m12 |[0m [36mconst[0m inter = [33mInter[0m({ subsets: [[32m"latin"[0m] });

Import map: aliased to relative './src/components/auth/AuthInitializer' inside of [project]/Desktop/hyperlocal-frontend


https://nextjs.org/docs/messages/module-not-found


⨯ ./Desktop/hyperlocal-frontend/src/app/layout.tsx:9:1
Module not found: Can't resolve '@/components/auth/AuthInitializer'
  [90m 7 |[0m [36mimport[0m { [33mToaster[0m } [36mfrom[0m [32m"@/components/ui/sonner"[0m;
  [90m 8 |[0m [36mimport[0m [33mErrorDiagnosticsModal[0m [36mfrom[0m [32m"@/components/shared/ErrorDiagnosticsModal"[0m;
[31m[1m>[0m [90m 9 |[0m [36mimport[0m { [33mAuthInitializer[0m } [36mfrom[0m [32m'@/components/auth/AuthInitializer'[0m;
  [90m   |[0m [31m[1m^^^^^^^^^^^^^^^^^^^^^^^^^^^^^^^^^^^^^^^^^^^^^^^^^^^^^^^^^^^^^^^^^^^^[0m
  [90m10 |[0m [36mimport[0m { [33mTutorialModal[0m } [36mfrom[0m [32m'@/components/shared/TutorialModal'[0m;
  [90m11 |[0m
  [90m12 |[0m [36mconst[0m inter = [33mInter[0m({ subsets: [[32m"latin"[0m] });

Import map: aliased to relative './src/components/auth/AuthInitializer' inside of [project]/Desktop/hyperlocal-frontend


https://nextjs.org/docs/messages/module-not-found


⨯ ./Desktop/hyperlocal-frontend/src/app/layout.tsx:9:1
Module not found: Can't resolve '@/components/auth/AuthInitializer'
  [90m 7 |[0m [36mimport[0m { [33mToaster[0m } [36mfrom[0m [32m"@/components/ui/sonner"[0m;
  [90m 8 |[0m [36mimport[0m [33mErrorDiagnosticsModal[0m [36mfrom[0m [32m"@/components/shared/ErrorDiagnosticsModal"[0m;
[31m[1m>[0m [90m 9 |[0m [36mimport[0m { [33mAuthInitializer[0m } [36mfrom[0m [32m'@/components/auth/AuthInitializer'[0m;
  [90m   |[0m [31m[1m^^^^^^^^^^^^^^^^^^^^^^^^^^^^^^^^^^^^^^^^^^^^^^^^^^^^^^^^^^^^^^^^^^^^[0m
  [90m10 |[0m [36mimport[0m { [33mTutorialModal[0m } [36mfrom[0m [32m'@/components/shared/TutorialModal'[0m;
  [90m11 |[0m
  [90m12 |[0m [36mconst[0m inter = [33mInter[0m({ subsets: [[32m"latin"[0m] });

Import map: aliased to relative './src/components/auth/AuthInitializer' inside of [project]/Desktop/hyperlocal-frontend


https://nextjs.org/docs/messages/module-not-found


⨯ ./Desktop/hyperlocal-frontend/src/app/layout.tsx:9:1
Module not found: Can't resolve '@/components/auth/AuthInitializer'
  [90m 7 |[0m [36mimport[0m { [33mToaster[0m } [36mfrom[0m [32m"@/components/ui/sonner"[0m;
  [90m 8 |[0m [36mimport[0m [33mErrorDiagnosticsModal[0m [36mfrom[0m [32m"@/components/shared/ErrorDiagnosticsModal"[0m;
[31m[1m>[0m [90m 9 |[0m [36mimport[0m { [33mAuthInitializer[0m } [36mfrom[0m [32m'@/components/auth/AuthInitializer'[0m;
  [90m   |[0m [31m[1m^^^^^^^^^^^^^^^^^^^^^^^^^^^^^^^^^^^^^^^^^^^^^^^^^^^^^^^^^^^^^^^^^^^^[0m
  [90m10 |[0m [36mimport[0m { [33mTutorialModal[0m } [36mfrom[0m [32m'@/components/shared/TutorialModal'[0m;
  [90m11 |[0m
  [90m12 |[0m [36mconst[0m inter = [33mInter[0m({ subsets: [[32m"latin"[0m] });

Import map: aliased to relative './src/components/auth/AuthInitializer' inside of [project]/Desktop/hyperlocal-frontend


https://nextjs.org/docs/messages/module-not-found


⨯ ./Desktop/hyperlocal-frontend/src/app/layout.tsx:9:1
Module not found: Can't resolve '@/components/auth/AuthInitializer'
  [90m 7 |[0m [36mimport[0m { [33mToaster[0m } [36mfrom[0m [32m"@/components/ui/sonner"[0m;
  [90m 8 |[0m [36mimport[0m [33mErrorDiagnosticsModal[0m [36mfrom[0m [32m"@/components/shared/ErrorDiagnosticsModal"[0m;
[31m[1m>[0m [90m 9 |[0m [36mimport[0m { [33mAuthInitializer[0m } [36mfrom[0m [32m'@/components/auth/AuthInitializer'[0m;
  [90m   |[0m [31m[1m^^^^^^^^^^^^^^^^^^^^^^^^^^^^^^^^^^^^^^^^^^^^^^^^^^^^^^^^^^^^^^^^^^^^[0m
  [90m10 |[0m [36mimport[0m { [33mTutorialModal[0m } [36mfrom[0m [32m'@/components/shared/TutorialModal'[0m;
  [90m11 |[0m
  [90m12 |[0m [36mconst[0m inter = [33mInter[0m({ subsets: [[32m"latin"[0m] });

Import map: aliased to relative './src/components/auth/AuthInitializer' inside of [project]/Desktop/hyperlocal-frontend


https://nextjs.org/docs/messages/module-not-found


⨯ ./Desktop/hyperlocal-frontend/src/app/layout.tsx:9:1
Module not found: Can't resolve '@/components/auth/AuthInitializer'
  [90m 7 |[0m [36mimport[0m { [33mToaster[0m } [36mfrom[0m [32m"@/components/ui/sonner"[0m;
  [90m 8 |[0m [36mimport[0m [33mErrorDiagnosticsModal[0m [36mfrom[0m [32m"@/components/shared/ErrorDiagnosticsModal"[0m;
[31m[1m>[0m [90m 9 |[0m [36mimport[0m { [33mAuthInitializer[0m } [36mfrom[0m [32m'@/components/auth/AuthInitializer'[0m;
  [90m   |[0m [31m[1m^^^^^^^^^^^^^^^^^^^^^^^^^^^^^^^^^^^^^^^^^^^^^^^^^^^^^^^^^^^^^^^^^^^^[0m
  [90m10 |[0m [36mimport[0m { [33mTutorialModal[0m } [36mfrom[0m [32m'@/components/shared/TutorialModal'[0m;
  [90m11 |[0m
  [90m12 |[0m [36mconst[0m inter = [33mInter[0m({ subsets: [[32m"latin"[0m] });

Import map: aliased to relative './src/components/auth/AuthInitializer' inside of [project]/Desktop/hyperlocal-frontend


https://nextjs.org/docs/messages/module-not-found


⨯ ./Desktop/hyperlocal-frontend/src/app/layout.tsx:9:1
Module not found: Can't resolve '@/components/auth/AuthInitializer'
  [90m 7 |[0m [36mimport[0m { [33mToaster[0m } [36mfrom[0m [32m"@/components/ui/sonner"[0m;
  [90m 8 |[0m [36mimport[0m [33mErrorDiagnosticsModal[0m [36mfrom[0m [32m"@/components/shared/ErrorDiagnosticsModal"[0m;
[31m[1m>[0m [90m 9 |[0m [36mimport[0m { [33mAuthInitializer[0m } [36mfrom[0m [32m'@/components/auth/AuthInitializer'[0m;
  [90m   |[0m [31m[1m^^^^^^^^^^^^^^^^^^^^^^^^^^^^^^^^^^^^^^^^^^^^^^^^^^^^^^^^^^^^^^^^^^^^[0m
  [90m10 |[0m [36mimport[0m { [33mTutorialModal[0m } [36mfrom[0m [32m'@/components/shared/TutorialModal'[0m;
  [90m11 |[0m
  [90m12 |[0m [36mconst[0m inter = [33mInter[0m({ subsets: [[32m"latin"[0m] });

Import map: aliased to relative './src/components/auth/AuthInitializer' inside of [project]/Desktop/hyperlocal-frontend


https://nextjs.org/docs/messages/module-not-found


⨯ ./Desktop/hyperlocal-frontend/src/app/layout.tsx:9:1
Module not found: Can't resolve '@/components/auth/AuthInitializer'
  [90m 7 |[0m [36mimport[0m { [33mToaster[0m } [36mfrom[0m [32m"@/components/ui/sonner"[0m;
  [90m 8 |[0m [36mimport[0m [33mErrorDiagnosticsModal[0m [36mfrom[0m [32m"@/components/shared/ErrorDiagnosticsModal"[0m;
[31m[1m>[0m [90m 9 |[0m [36mimport[0m { [33mAuthInitializer[0m } [36mfrom[0m [32m'@/components/auth/AuthInitializer'[0m;
  [90m   |[0m [31m[1m^^^^^^^^^^^^^^^^^^^^^^^^^^^^^^^^^^^^^^^^^^^^^^^^^^^^^^^^^^^^^^^^^^^^[0m
  [90m10 |[0m [36mimport[0m { [33mTutorialModal[0m } [36mfrom[0m [32m'@/components/shared/TutorialModal'[0m;
  [90m11 |[0m
  [90m12 |[0m [36mconst[0m inter = [33mInter[0m({ subsets: [[32m"latin"[0m] });

Import map: aliased to relative './src/components/auth/AuthInitializer' inside of [project]/Desktop/hyperlocal-frontend


https://nextjs.org/docs/messages/module-not-found


⨯ ./Desktop/hyperlocal-frontend/src/app/layout.tsx:9:1
Module not found: Can't resolve '@/components/auth/AuthInitializer'
  [90m 7 |[0m [36mimport[0m { [33mToaster[0m } [36mfrom[0m [32m"@/components/ui/sonner"[0m;
  [90m 8 |[0m [36mimport[0m [33mErrorDiagnosticsModal[0m [36mfrom[0m [32m"@/components/shared/ErrorDiagnosticsModal"[0m;
[31m[1m>[0m [90m 9 |[0m [36mimport[0m { [33mAuthInitializer[0m } [36mfrom[0m [32m'@/components/auth/AuthInitializer'[0m;
  [90m   |[0m [31m[1m^^^^^^^^^^^^^^^^^^^^^^^^^^^^^^^^^^^^^^^^^^^^^^^^^^^^^^^^^^^^^^^^^^^^[0m
  [90m10 |[0m [36mimport[0m { [33mTutorialModal[0m } [36mfrom[0m [32m'@/components/shared/TutorialModal'[0m;
  [90m11 |[0m
  [90m12 |[0m [36mconst[0m inter = [33mInter[0m({ subsets: [[32m"latin"[0m] });

Import map: aliased to relative './src/components/auth/AuthInitializer' inside of [project]/Desktop/hyperlocal-frontend


https://nextjs.org/docs/messages/module-not-found


⨯ ./Desktop/hyperlocal-frontend/src/app/layout.tsx:9:1
Module not found: Can't resolve '@/components/auth/AuthInitializer'
  [90m 7 |[0m [36mimport[0m { [33mToaster[0m } [36mfrom[0m [32m"@/components/ui/sonner"[0m;
  [90m 8 |[0m [36mimport[0m [33mErrorDiagnosticsModal[0m [36mfrom[0m [32m"@/components/shared/ErrorDiagnosticsModal"[0m;
[31m[1m>[0m [90m 9 |[0m [36mimport[0m { [33mAuthInitializer[0m } [36mfrom[0m [32m'@/components/auth/AuthInitializer'[0m;
  [90m   |[0m [31m[1m^^^^^^^^^^^^^^^^^^^^^^^^^^^^^^^^^^^^^^^^^^^^^^^^^^^^^^^^^^^^^^^^^^^^[0m
  [90m10 |[0m [36mimport[0m { [33mTutorialModal[0m } [36mfrom[0m [32m'@/components/shared/TutorialModal'[0m;
  [90m11 |[0m
  [90m12 |[0m [36mconst[0m inter = [33mInter[0m({ subsets: [[32m"latin"[0m] });

Import map: aliased to relative './src/components/auth/AuthInitializer' inside of [project]/Desktop/hyperlocal-frontend


https://nextjs.org/docs/messages/module-not-found


⨯ ./Desktop/hyperlocal-frontend/src/app/layout.tsx:9:1
Module not found: Can't resolve '@/components/auth/AuthInitializer'
  [90m 7 |[0m [36mimport[0m { [33mToaster[0m } [36mfrom[0m [32m"@/components/ui/sonner"[0m;
  [90m 8 |[0m [36mimport[0m [33mErrorDiagnosticsModal[0m [36mfrom[0m [32m"@/components/shared/ErrorDiagnosticsModal"[0m;
[31m[1m>[0m [90m 9 |[0m [36mimport[0m { [33mAuthInitializer[0m } [36mfrom[0m [32m'@/components/auth/AuthInitializer'[0m;
  [90m   |[0m [31m[1m^^^^^^^^^^^^^^^^^^^^^^^^^^^^^^^^^^^^^^^^^^^^^^^^^^^^^^^^^^^^^^^^^^^^[0m
  [90m10 |[0m [36mimport[0m { [33mTutorialModal[0m } [36mfrom[0m [32m'@/components/shared/TutorialModal'[0m;
  [90m11 |[0m
  [90m12 |[0m [36mconst[0m inter = [33mInter[0m({ subsets: [[32m"latin"[0m] });

Import map: aliased to relative './src/components/auth/AuthInitializer' inside of [project]/Desktop/hyperlocal-frontend


https://nextjs.org/docs/messages/module-not-found


⨯ ./Desktop/hyperlocal-frontend/src/app/layout.tsx:9:1
Module not found: Can't resolve '@/components/auth/AuthInitializer'
  [90m 7 |[0m [36mimport[0m { [33mToaster[0m } [36mfrom[0m [32m"@/components/ui/sonner"[0m;
  [90m 8 |[0m [36mimport[0m [33mErrorDiagnosticsModal[0m [36mfrom[0m [32m"@/components/shared/ErrorDiagnosticsModal"[0m;
[31m[1m>[0m [90m 9 |[0m [36mimport[0m { [33mAuthInitializer[0m } [36mfrom[0m [32m'@/components/auth/AuthInitializer'[0m;
  [90m   |[0m [31m[1m^^^^^^^^^^^^^^^^^^^^^^^^^^^^^^^^^^^^^^^^^^^^^^^^^^^^^^^^^^^^^^^^^^^^[0m
  [90m10 |[0m [36mimport[0m { [33mTutorialModal[0m } [36mfrom[0m [32m'@/components/shared/TutorialModal'[0m;
  [90m11 |[0m
  [90m12 |[0m [36mconst[0m inter = [33mInter[0m({ subsets: [[32m"latin"[0m] });

Import map: aliased to relative './src/components/auth/AuthInitializer' inside of [project]/Desktop/hyperlocal-frontend


https://nextjs.org/docs/messages/module-not-found


⨯ ./Desktop/hyperlocal-frontend/src/app/layout.tsx:9:1
Module not found: Can't resolve '@/components/auth/AuthInitializer'
  [90m 7 |[0m [36mimport[0m { [33mToaster[0m } [36mfrom[0m [32m"@/components/ui/sonner"[0m;
  [90m 8 |[0m [36mimport[0m [33mErrorDiagnosticsModal[0m [36mfrom[0m [32m"@/components/shared/ErrorDiagnosticsModal"[0m;
[31m[1m>[0m [90m 9 |[0m [36mimport[0m { [33mAuthInitializer[0m } [36mfrom[0m [32m'@/components/auth/AuthInitializer'[0m;
  [90m   |[0m [31m[1m^^^^^^^^^^^^^^^^^^^^^^^^^^^^^^^^^^^^^^^^^^^^^^^^^^^^^^^^^^^^^^^^^^^^[0m
  [90m10 |[0m [36mimport[0m { [33mTutorialModal[0m } [36mfrom[0m [32m'@/components/shared/TutorialModal'[0m;
  [90m11 |[0m
  [90m12 |[0m [36mconst[0m inter = [33mInter[0m({ subsets: [[32m"latin"[0m] });

Import map: aliased to relative './src/components/auth/AuthInitializer' inside of [project]/Desktop/hyperlocal-frontend


https://nextjs.org/docs/messages/module-not-found


⨯ ./Desktop/hyperlocal-frontend/src/app/layout.tsx:9:1
Module not found: Can't resolve '@/components/auth/AuthInitializer'
  [90m 7 |[0m [36mimport[0m { [33mToaster[0m } [36mfrom[0m [32m"@/components/ui/sonner"[0m;
  [90m 8 |[0m [36mimport[0m [33mErrorDiagnosticsModal[0m [36mfrom[0m [32m"@/components/shared/ErrorDiagnosticsModal"[0m;
[31m[1m>[0m [90m 9 |[0m [36mimport[0m { [33mAuthInitializer[0m } [36mfrom[0m [32m'@/components/auth/AuthInitializer'[0m;
  [90m   |[0m [31m[1m^^^^^^^^^^^^^^^^^^^^^^^^^^^^^^^^^^^^^^^^^^^^^^^^^^^^^^^^^^^^^^^^^^^^[0m
  [90m10 |[0m [36mimport[0m { [33mTutorialModal[0m } [36mfrom[0m [32m'@/components/shared/TutorialModal'[0m;
  [90m11 |[0m
  [90m12 |[0m [36mconst[0m inter = [33mInter[0m({ subsets: [[32m"latin"[0m] });

Import map: aliased to relative './src/components/auth/AuthInitializer' inside of [project]/Desktop/hyperlocal-frontend


https://nextjs.org/docs/messages/module-not-found


⨯ ./Desktop/hyperlocal-frontend/src/app/layout.tsx:9:1
Module not found: Can't resolve '@/components/auth/AuthInitializer'
  [90m 7 |[0m [36mimport[0m { [33mToaster[0m } [36mfrom[0m [32m"@/components/ui/sonner"[0m;
  [90m 8 |[0m [36mimport[0m [33mErrorDiagnosticsModal[0m [36mfrom[0m [32m"@/components/shared/ErrorDiagnosticsModal"[0m;
[31m[1m>[0m [90m 9 |[0m [36mimport[0m { [33mAuthInitializer[0m } [36mfrom[0m [32m'@/components/auth/AuthInitializer'[0m;
  [90m   |[0m [31m[1m^^^^^^^^^^^^^^^^^^^^^^^^^^^^^^^^^^^^^^^^^^^^^^^^^^^^^^^^^^^^^^^^^^^^[0m
  [90m10 |[0m [36mimport[0m { [33mTutorialModal[0m } [36mfrom[0m [32m'@/components/shared/TutorialModal'[0m;
  [90m11 |[0m
  [90m12 |[0m [36mconst[0m inter = [33mInter[0m({ subsets: [[32m"latin"[0m] });

Import map: aliased to relative './src/components/auth/AuthInitializer' inside of [project]/Desktop/hyperlocal-frontend


https://nextjs.org/docs/messages/module-not-found


⨯ ./Desktop/hyperlocal-frontend/src/app/layout.tsx:9:1
Module not found: Can't resolve '@/components/auth/AuthInitializer'
  [90m 7 |[0m [36mimport[0m { [33mToaster[0m } [36mfrom[0m [32m"@/components/ui/sonner"[0m;
  [90m 8 |[0m [36mimport[0m [33mErrorDiagnosticsModal[0m [36mfrom[0m [32m"@/components/shared/ErrorDiagnosticsModal"[0m;
[31m[1m>[0m [90m 9 |[0m [36mimport[0m { [33mAuthInitializer[0m } [36mfrom[0m [32m'@/components/auth/AuthInitializer'[0m;
  [90m   |[0m [31m[1m^^^^^^^^^^^^^^^^^^^^^^^^^^^^^^^^^^^^^^^^^^^^^^^^^^^^^^^^^^^^^^^^^^^^[0m
  [90m10 |[0m [36mimport[0m { [33mTutorialModal[0m } [36mfrom[0m [32m'@/components/shared/TutorialModal'[0m;
  [90m11 |[0m
  [90m12 |[0m [36mconst[0m inter = [33mInter[0m({ subsets: [[32m"latin"[0m] });

Import map: aliased to relative './src/components/auth/AuthInitializer' inside of [project]/Desktop/hyperlocal-frontend


https://nextjs.org/docs/messages/module-not-found


⨯ ./Desktop/hyperlocal-frontend/src/app/layout.tsx:9:1
Module not found: Can't resolve '@/components/auth/AuthInitializer'
  [90m 7 |[0m [36mimport[0m { [33mToaster[0m } [36mfrom[0m [32m"@/components/ui/sonner"[0m;
  [90m 8 |[0m [36mimport[0m [33mErrorDiagnosticsModal[0m [36mfrom[0m [32m"@/components/shared/ErrorDiagnosticsModal"[0m;
[31m[1m>[0m [90m 9 |[0m [36mimport[0m { [33mAuthInitializer[0m } [36mfrom[0m [32m'@/components/auth/AuthInitializer'[0m;
  [90m   |[0m [31m[1m^^^^^^^^^^^^^^^^^^^^^^^^^^^^^^^^^^^^^^^^^^^^^^^^^^^^^^^^^^^^^^^^^^^^[0m
  [90m10 |[0m [36mimport[0m { [33mTutorialModal[0m } [36mfrom[0m [32m'@/components/shared/TutorialModal'[0m;
  [90m11 |[0m
  [90m12 |[0m [36mconst[0m inter = [33mInter[0m({ subsets: [[32m"latin"[0m] });

Import map: aliased to relative './src/components/auth/AuthInitializer' inside of [project]/Desktop/hyperlocal-frontend


https://nextjs.org/docs/messages/module-not-found


⨯ ./Desktop/hyperlocal-frontend/src/app/layout.tsx:9:1
Module not found: Can't resolve '@/components/auth/AuthInitializer'
  [90m 7 |[0m [36mimport[0m { [33mToaster[0m } [36mfrom[0m [32m"@/components/ui/sonner"[0m;
  [90m 8 |[0m [36mimport[0m [33mErrorDiagnosticsModal[0m [36mfrom[0m [32m"@/components/shared/ErrorDiagnosticsModal"[0m;
[31m[1m>[0m [90m 9 |[0m [36mimport[0m { [33mAuthInitializer[0m } [36mfrom[0m [32m'@/components/auth/AuthInitializer'[0m;
  [90m   |[0m [31m[1m^^^^^^^^^^^^^^^^^^^^^^^^^^^^^^^^^^^^^^^^^^^^^^^^^^^^^^^^^^^^^^^^^^^^[0m
  [90m10 |[0m [36mimport[0m { [33mTutorialModal[0m } [36mfrom[0m [32m'@/components/shared/TutorialModal'[0m;
  [90m11 |[0m
  [90m12 |[0m [36mconst[0m inter = [33mInter[0m({ subsets: [[32m"latin"[0m] });

Import map: aliased to relative './src/components/auth/AuthInitializer' inside of [project]/Desktop/hyperlocal-frontend


https://nextjs.org/docs/messages/module-not-found


⨯ ./Desktop/hyperlocal-frontend/src/app/layout.tsx:9:1
Module not found: Can't resolve '@/components/auth/AuthInitializer'
  [90m 7 |[0m [36mimport[0m { [33mToaster[0m } [36mfrom[0m [32m"@/components/ui/sonner"[0m;
  [90m 8 |[0m [36mimport[0m [33mErrorDiagnosticsModal[0m [36mfrom[0m [32m"@/components/shared/ErrorDiagnosticsModal"[0m;
[31m[1m>[0m [90m 9 |[0m [36mimport[0m { [33mAuthInitializer[0m } [36mfrom[0m [32m'@/components/auth/AuthInitializer'[0m;
  [90m   |[0m [31m[1m^^^^^^^^^^^^^^^^^^^^^^^^^^^^^^^^^^^^^^^^^^^^^^^^^^^^^^^^^^^^^^^^^^^^[0m
  [90m10 |[0m [36mimport[0m { [33mTutorialModal[0m } [36mfrom[0m [32m'@/components/shared/TutorialModal'[0m;
  [90m11 |[0m
  [90m12 |[0m [36mconst[0m inter = [33mInter[0m({ subsets: [[32m"latin"[0m] });

Import map: aliased to relative './src/components/auth/AuthInitializer' inside of [project]/Desktop/hyperlocal-frontend


https://nextjs.org/docs/messages/module-not-found


⨯ ./Desktop/hyperlocal-frontend/src/app/layout.tsx:9:1
Module not found: Can't resolve '@/components/auth/AuthInitializer'
  [90m 7 |[0m [36mimport[0m { [33mToaster[0m } [36mfrom[0m [32m"@/components/ui/sonner"[0m;
  [90m 8 |[0m [36mimport[0m [33mErrorDiagnosticsModal[0m [36mfrom[0m [32m"@/components/shared/ErrorDiagnosticsModal"[0m;
[31m[1m>[0m [90m 9 |[0m [36mimport[0m { [33mAuthInitializer[0m } [36mfrom[0m [32m'@/components/auth/AuthInitializer'[0m;
  [90m   |[0m [31m[1m^^^^^^^^^^^^^^^^^^^^^^^^^^^^^^^^^^^^^^^^^^^^^^^^^^^^^^^^^^^^^^^^^^^^[0m
  [90m10 |[0m [36mimport[0m { [33mTutorialModal[0m } [36mfrom[0m [32m'@/components/shared/TutorialModal'[0m;
  [90m11 |[0m
  [90m12 |[0m [36mconst[0m inter = [33mInter[0m({ subsets: [[32m"latin"[0m] });

Import map: aliased to relative './src/components/auth/AuthInitializer' inside of [project]/Desktop/hyperlocal-frontend


https://nextjs.org/docs/messages/module-not-found


⨯ ./Desktop/hyperlocal-frontend/src/app/layout.tsx:9:1
Module not found: Can't resolve '@/components/auth/AuthInitializer'
  [90m 7 |[0m [36mimport[0m { [33mToaster[0m } [36mfrom[0m [32m"@/components/ui/sonner"[0m;
  [90m 8 |[0m [36mimport[0m [33mErrorDiagnosticsModal[0m [36mfrom[0m [32m"@/components/shared/ErrorDiagnosticsModal"[0m;
[31m[1m>[0m [90m 9 |[0m [36mimport[0m { [33mAuthInitializer[0m } [36mfrom[0m [32m'@/components/auth/AuthInitializer'[0m;
  [90m   |[0m [31m[1m^^^^^^^^^^^^^^^^^^^^^^^^^^^^^^^^^^^^^^^^^^^^^^^^^^^^^^^^^^^^^^^^^^^^[0m
  [90m10 |[0m [36mimport[0m { [33mTutorialModal[0m } [36mfrom[0m [32m'@/components/shared/TutorialModal'[0m;
  [90m11 |[0m
  [90m12 |[0m [36mconst[0m inter = [33mInter[0m({ subsets: [[32m"latin"[0m] });

Import map: aliased to relative './src/components/auth/AuthInitializer' inside of [project]/Desktop/hyperlocal-frontend


https://nextjs.org/docs/messages/module-not-found


⨯ ./Desktop/hyperlocal-frontend/src/app/layout.tsx:9:1
Module not found: Can't resolve '@/components/auth/AuthInitializer'
  [90m 7 |[0m [36mimport[0m { [33mToaster[0m } [36mfrom[0m [32m"@/components/ui/sonner"[0m;
  [90m 8 |[0m [36mimport[0m [33mErrorDiagnosticsModal[0m [36mfrom[0m [32m"@/components/shared/ErrorDiagnosticsModal"[0m;
[31m[1m>[0m [90m 9 |[0m [36mimport[0m { [33mAuthInitializer[0m } [36mfrom[0m [32m'@/components/auth/AuthInitializer'[0m;
  [90m   |[0m [31m[1m^^^^^^^^^^^^^^^^^^^^^^^^^^^^^^^^^^^^^^^^^^^^^^^^^^^^^^^^^^^^^^^^^^^^[0m
  [90m10 |[0m [36mimport[0m { [33mTutorialModal[0m } [36mfrom[0m [32m'@/components/shared/TutorialModal'[0m;
  [90m11 |[0m
  [90m12 |[0m [36mconst[0m inter = [33mInter[0m({ subsets: [[32m"latin"[0m] });

Import map: aliased to relative './src/components/auth/AuthInitializer' inside of [project]/Desktop/hyperlocal-frontend


https://nextjs.org/docs/messages/module-not-found


⨯ ./Desktop/hyperlocal-frontend/src/app/layout.tsx:9:1
Module not found: Can't resolve '@/components/auth/AuthInitializer'
  [90m 7 |[0m [36mimport[0m { [33mToaster[0m } [36mfrom[0m [32m"@/components/ui/sonner"[0m;
  [90m 8 |[0m [36mimport[0m [33mErrorDiagnosticsModal[0m [36mfrom[0m [32m"@/components/shared/ErrorDiagnosticsModal"[0m;
[31m[1m>[0m [90m 9 |[0m [36mimport[0m { [33mAuthInitializer[0m } [36mfrom[0m [32m'@/components/auth/AuthInitializer'[0m;
  [90m   |[0m [31m[1m^^^^^^^^^^^^^^^^^^^^^^^^^^^^^^^^^^^^^^^^^^^^^^^^^^^^^^^^^^^^^^^^^^^^[0m
  [90m10 |[0m [36mimport[0m { [33mTutorialModal[0m } [36mfrom[0m [32m'@/components/shared/TutorialModal'[0m;
  [90m11 |[0m
  [90m12 |[0m [36mconst[0m inter = [33mInter[0m({ subsets: [[32m"latin"[0m] });

Import map: aliased to relative './src/components/auth/AuthInitializer' inside of [project]/Desktop/hyperlocal-frontend


https://nextjs.org/docs/messages/module-not-found


⨯ ./Desktop/hyperlocal-frontend/src/app/layout.tsx:9:1
Module not found: Can't resolve '@/components/auth/AuthInitializer'
  [90m 7 |[0m [36mimport[0m { [33mToaster[0m } [36mfrom[0m [32m"@/components/ui/sonner"[0m;
  [90m 8 |[0m [36mimport[0m [33mErrorDiagnosticsModal[0m [36mfrom[0m [32m"@/components/shared/ErrorDiagnosticsModal"[0m;
[31m[1m>[0m [90m 9 |[0m [36mimport[0m { [33mAuthInitializer[0m } [36mfrom[0m [32m'@/components/auth/AuthInitializer'[0m;
  [90m   |[0m [31m[1m^^^^^^^^^^^^^^^^^^^^^^^^^^^^^^^^^^^^^^^^^^^^^^^^^^^^^^^^^^^^^^^^^^^^[0m
  [90m10 |[0m [36mimport[0m { [33mTutorialModal[0m } [36mfrom[0m [32m'@/components/shared/TutorialModal'[0m;
  [90m11 |[0m
  [90m12 |[0m [36mconst[0m inter = [33mInter[0m({ subsets: [[32m"latin"[0m] });

Import map: aliased to relative './src/components/auth/AuthInitializer' inside of [project]/Desktop/hyperlocal-frontend


https://nextjs.org/docs/messages/module-not-found


⨯ ./Desktop/hyperlocal-frontend/src/app/layout.tsx:9:1
Module not found: Can't resolve '@/components/auth/AuthInitializer'
  [90m 7 |[0m [36mimport[0m { [33mToaster[0m } [36mfrom[0m [32m"@/components/ui/sonner"[0m;
  [90m 8 |[0m [36mimport[0m [33mErrorDiagnosticsModal[0m [36mfrom[0m [32m"@/components/shared/ErrorDiagnosticsModal"[0m;
[31m[1m>[0m [90m 9 |[0m [36mimport[0m { [33mAuthInitializer[0m } [36mfrom[0m [32m'@/components/auth/AuthInitializer'[0m;
  [90m   |[0m [31m[1m^^^^^^^^^^^^^^^^^^^^^^^^^^^^^^^^^^^^^^^^^^^^^^^^^^^^^^^^^^^^^^^^^^^^[0m
  [90m10 |[0m [36mimport[0m { [33mTutorialModal[0m } [36mfrom[0m [32m'@/components/shared/TutorialModal'[0m;
  [90m11 |[0m
  [90m12 |[0m [36mconst[0m inter = [33mInter[0m({ subsets: [[32m"latin"[0m] });

Import map: aliased to relative './src/components/auth/AuthInitializer' inside of [project]/Desktop/hyperlocal-frontend


https://nextjs.org/docs/messages/module-not-found


⨯ ./Desktop/hyperlocal-frontend/src/app/layout.tsx:9:1
Module not found: Can't resolve '@/components/auth/AuthInitializer'
  [90m 7 |[0m [36mimport[0m { [33mToaster[0m } [36mfrom[0m [32m"@/components/ui/sonner"[0m;
  [90m 8 |[0m [36mimport[0m [33mErrorDiagnosticsModal[0m [36mfrom[0m [32m"@/components/shared/ErrorDiagnosticsModal"[0m;
[31m[1m>[0m [90m 9 |[0m [36mimport[0m { [33mAuthInitializer[0m } [36mfrom[0m [32m'@/components/auth/AuthInitializer'[0m;
  [90m   |[0m [31m[1m^^^^^^^^^^^^^^^^^^^^^^^^^^^^^^^^^^^^^^^^^^^^^^^^^^^^^^^^^^^^^^^^^^^^[0m
  [90m10 |[0m [36mimport[0m { [33mTutorialModal[0m } [36mfrom[0m [32m'@/components/shared/TutorialModal'[0m;
  [90m11 |[0m
  [90m12 |[0m [36mconst[0m inter = [33mInter[0m({ subsets: [[32m"latin"[0m] });

Import map: aliased to relative './src/components/auth/AuthInitializer' inside of [project]/Desktop/hyperlocal-frontend


https://nextjs.org/docs/messages/module-not-found


⨯ ./Desktop/hyperlocal-frontend/src/app/layout.tsx:9:1
Module not found: Can't resolve '@/components/auth/AuthInitializer'
  [90m 7 |[0m [36mimport[0m { [33mToaster[0m } [36mfrom[0m [32m"@/components/ui/sonner"[0m;
  [90m 8 |[0m [36mimport[0m [33mErrorDiagnosticsModal[0m [36mfrom[0m [32m"@/components/shared/ErrorDiagnosticsModal"[0m;
[31m[1m>[0m [90m 9 |[0m [36mimport[0m { [33mAuthInitializer[0m } [36mfrom[0m [32m'@/components/auth/AuthInitializer'[0m;
  [90m   |[0m [31m[1m^^^^^^^^^^^^^^^^^^^^^^^^^^^^^^^^^^^^^^^^^^^^^^^^^^^^^^^^^^^^^^^^^^^^[0m
  [90m10 |[0m [36mimport[0m { [33mTutorialModal[0m } [36mfrom[0m [32m'@/components/shared/TutorialModal'[0m;
  [90m11 |[0m
  [90m12 |[0m [36mconst[0m inter = [33mInter[0m({ subsets: [[32m"latin"[0m] });

Import map: aliased to relative './src/components/auth/AuthInitializer' inside of [project]/Desktop/hyperlocal-frontend


https://nextjs.org/docs/messages/module-not-found


⨯ ./Desktop/hyperlocal-frontend/src/app/layout.tsx:9:1
Module not found: Can't resolve '@/components/auth/AuthInitializer'
  [90m 7 |[0m [36mimport[0m { [33mToaster[0m } [36mfrom[0m [32m"@/components/ui/sonner"[0m;
  [90m 8 |[0m [36mimport[0m [33mErrorDiagnosticsModal[0m [36mfrom[0m [32m"@/components/shared/ErrorDiagnosticsModal"[0m;
[31m[1m>[0m [90m 9 |[0m [36mimport[0m { [33mAuthInitializer[0m } [36mfrom[0m [32m'@/components/auth/AuthInitializer'[0m;
  [90m   |[0m [31m[1m^^^^^^^^^^^^^^^^^^^^^^^^^^^^^^^^^^^^^^^^^^^^^^^^^^^^^^^^^^^^^^^^^^^^[0m
  [90m10 |[0m [36mimport[0m { [33mTutorialModal[0m } [36mfrom[0m [32m'@/components/shared/TutorialModal'[0m;
  [90m11 |[0m
  [90m12 |[0m [36mconst[0m inter = [33mInter[0m({ subsets: [[32m"latin"[0m] });

Import map: aliased to relative './src/components/auth/AuthInitializer' inside of [project]/Desktop/hyperlocal-frontend


https://nextjs.org/docs/messages/module-not-found


⨯ ./Desktop/hyperlocal-frontend/src/app/layout.tsx:9:1
Module not found: Can't resolve '@/components/auth/AuthInitializer'
  [90m 7 |[0m [36mimport[0m { [33mToaster[0m } [36mfrom[0m [32m"@/components/ui/sonner"[0m;
  [90m 8 |[0m [36mimport[0m [33mErrorDiagnosticsModal[0m [36mfrom[0m [32m"@/components/shared/ErrorDiagnosticsModal"[0m;
[31m[1m>[0m [90m 9 |[0m [36mimport[0m { [33mAuthInitializer[0m } [36mfrom[0m [32m'@/components/auth/AuthInitializer'[0m;
  [90m   |[0m [31m[1m^^^^^^^^^^^^^^^^^^^^^^^^^^^^^^^^^^^^^^^^^^^^^^^^^^^^^^^^^^^^^^^^^^^^[0m
  [90m10 |[0m [36mimport[0m { [33mTutorialModal[0m } [36mfrom[0m [32m'@/components/shared/TutorialModal'[0m;
  [90m11 |[0m
  [90m12 |[0m [36mconst[0m inter = [33mInter[0m({ subsets: [[32m"latin"[0m] });

Import map: aliased to relative './src/components/auth/AuthInitializer' inside of [project]/Desktop/hyperlocal-frontend


https://nextjs.org/docs/messages/module-not-found


⨯ ./Desktop/hyperlocal-frontend/src/app/layout.tsx:9:1
Module not found: Can't resolve '@/components/auth/AuthInitializer'
  [90m 7 |[0m [36mimport[0m { [33mToaster[0m } [36mfrom[0m [32m"@/components/ui/sonner"[0m;
  [90m 8 |[0m [36mimport[0m [33mErrorDiagnosticsModal[0m [36mfrom[0m [32m"@/components/shared/ErrorDiagnosticsModal"[0m;
[31m[1m>[0m [90m 9 |[0m [36mimport[0m { [33mAuthInitializer[0m } [36mfrom[0m [32m'@/components/auth/AuthInitializer'[0m;
  [90m   |[0m [31m[1m^^^^^^^^^^^^^^^^^^^^^^^^^^^^^^^^^^^^^^^^^^^^^^^^^^^^^^^^^^^^^^^^^^^^[0m
  [90m10 |[0m [36mimport[0m { [33mTutorialModal[0m } [36mfrom[0m [32m'@/components/shared/TutorialModal'[0m;
  [90m11 |[0m
  [90m12 |[0m [36mconst[0m inter = [33mInter[0m({ subsets: [[32m"latin"[0m] });

Import map: aliased to relative './src/components/auth/AuthInitializer' inside of [project]/Desktop/hyperlocal-frontend


https://nextjs.org/docs/messages/module-not-found


⨯ ./Desktop/hyperlocal-frontend/src/app/layout.tsx:9:1
Module not found: Can't resolve '@/components/auth/AuthInitializer'
  [90m 7 |[0m [36mimport[0m { [33mToaster[0m } [36mfrom[0m [32m"@/components/ui/sonner"[0m;
  [90m 8 |[0m [36mimport[0m [33mErrorDiagnosticsModal[0m [36mfrom[0m [32m"@/components/shared/ErrorDiagnosticsModal"[0m;
[31m[1m>[0m [90m 9 |[0m [36mimport[0m { [33mAuthInitializer[0m } [36mfrom[0m [32m'@/components/auth/AuthInitializer'[0m;
  [90m   |[0m [31m[1m^^^^^^^^^^^^^^^^^^^^^^^^^^^^^^^^^^^^^^^^^^^^^^^^^^^^^^^^^^^^^^^^^^^^[0m
  [90m10 |[0m [36mimport[0m { [33mTutorialModal[0m } [36mfrom[0m [32m'@/components/shared/TutorialModal'[0m;
  [90m11 |[0m
  [90m12 |[0m [36mconst[0m inter = [33mInter[0m({ subsets: [[32m"latin"[0m] });

Import map: aliased to relative './src/components/auth/AuthInitializer' inside of [project]/Desktop/hyperlocal-frontend


https://nextjs.org/docs/messages/module-not-found


⨯ ./Desktop/hyperlocal-frontend/src/app/layout.tsx:9:1
Module not found: Can't resolve '@/components/auth/AuthInitializer'
  [90m 7 |[0m [36mimport[0m { [33mToaster[0m } [36mfrom[0m [32m"@/components/ui/sonner"[0m;
  [90m 8 |[0m [36mimport[0m [33mErrorDiagnosticsModal[0m [36mfrom[0m [32m"@/components/shared/ErrorDiagnosticsModal"[0m;
[31m[1m>[0m [90m 9 |[0m [36mimport[0m { [33mAuthInitializer[0m } [36mfrom[0m [32m'@/components/auth/AuthInitializer'[0m;
  [90m   |[0m [31m[1m^^^^^^^^^^^^^^^^^^^^^^^^^^^^^^^^^^^^^^^^^^^^^^^^^^^^^^^^^^^^^^^^^^^^[0m
  [90m10 |[0m [36mimport[0m { [33mTutorialModal[0m } [36mfrom[0m [32m'@/components/shared/TutorialModal'[0m;
  [90m11 |[0m
  [90m12 |[0m [36mconst[0m inter = [33mInter[0m({ subsets: [[32m"latin"[0m] });

Import map: aliased to relative './src/components/auth/AuthInitializer' inside of [project]/Desktop/hyperlocal-frontend


https://nextjs.org/docs/messages/module-not-found


⨯ ./Desktop/hyperlocal-frontend/src/app/layout.tsx:9:1
Module not found: Can't resolve '@/components/auth/AuthInitializer'
  [90m 7 |[0m [36mimport[0m { [33mToaster[0m } [36mfrom[0m [32m"@/components/ui/sonner"[0m;
  [90m 8 |[0m [36mimport[0m [33mErrorDiagnosticsModal[0m [36mfrom[0m [32m"@/components/shared/ErrorDiagnosticsModal"[0m;
[31m[1m>[0m [90m 9 |[0m [36mimport[0m { [33mAuthInitializer[0m } [36mfrom[0m [32m'@/components/auth/AuthInitializer'[0m;
  [90m   |[0m [31m[1m^^^^^^^^^^^^^^^^^^^^^^^^^^^^^^^^^^^^^^^^^^^^^^^^^^^^^^^^^^^^^^^^^^^^[0m
  [90m10 |[0m [36mimport[0m { [33mTutorialModal[0m } [36mfrom[0m [32m'@/components/shared/TutorialModal'[0m;
  [90m11 |[0m
  [90m12 |[0m [36mconst[0m inter = [33mInter[0m({ subsets: [[32m"latin"[0m] });

Import map: aliased to relative './src/components/auth/AuthInitializer' inside of [project]/Desktop/hyperlocal-frontend


https://nextjs.org/docs/messages/module-not-found


⨯ ./Desktop/hyperlocal-frontend/src/app/layout.tsx:9:1
Module not found: Can't resolve '@/components/auth/AuthInitializer'
  [90m 7 |[0m [36mimport[0m { [33mToaster[0m } [36mfrom[0m [32m"@/components/ui/sonner"[0m;
  [90m 8 |[0m [36mimport[0m [33mErrorDiagnosticsModal[0m [36mfrom[0m [32m"@/components/shared/ErrorDiagnosticsModal"[0m;
[31m[1m>[0m [90m 9 |[0m [36mimport[0m { [33mAuthInitializer[0m } [36mfrom[0m [32m'@/components/auth/AuthInitializer'[0m;
  [90m   |[0m [31m[1m^^^^^^^^^^^^^^^^^^^^^^^^^^^^^^^^^^^^^^^^^^^^^^^^^^^^^^^^^^^^^^^^^^^^[0m
  [90m10 |[0m [36mimport[0m { [33mTutorialModal[0m } [36mfrom[0m [32m'@/components/shared/TutorialModal'[0m;
  [90m11 |[0m
  [90m12 |[0m [36mconst[0m inter = [33mInter[0m({ subsets: [[32m"latin"[0m] });

Import map: aliased to relative './src/components/auth/AuthInitializer' inside of [project]/Desktop/hyperlocal-frontend


https://nextjs.org/docs/messages/module-not-found


⨯ ./Desktop/hyperlocal-frontend/src/app/layout.tsx:9:1
Module not found: Can't resolve '@/components/auth/AuthInitializer'
  [90m 7 |[0m [36mimport[0m { [33mToaster[0m } [36mfrom[0m [32m"@/components/ui/sonner"[0m;
  [90m 8 |[0m [36mimport[0m [33mErrorDiagnosticsModal[0m [36mfrom[0m [32m"@/components/shared/ErrorDiagnosticsModal"[0m;
[31m[1m>[0m [90m 9 |[0m [36mimport[0m { [33mAuthInitializer[0m } [36mfrom[0m [32m'@/components/auth/AuthInitializer'[0m;
  [90m   |[0m [31m[1m^^^^^^^^^^^^^^^^^^^^^^^^^^^^^^^^^^^^^^^^^^^^^^^^^^^^^^^^^^^^^^^^^^^^[0m
  [90m10 |[0m [36mimport[0m { [33mTutorialModal[0m } [36mfrom[0m [32m'@/components/shared/TutorialModal'[0m;
  [90m11 |[0m
  [90m12 |[0m [36mconst[0m inter = [33mInter[0m({ subsets: [[32m"latin"[0m] });

Import map: aliased to relative './src/components/auth/AuthInitializer' inside of [project]/Desktop/hyperlocal-frontend


https://nextjs.org/docs/messages/module-not-found


⨯ ./Desktop/hyperlocal-frontend/src/app/layout.tsx:9:1
Module not found: Can't resolve '@/components/auth/AuthInitializer'
  [90m 7 |[0m [36mimport[0m { [33mToaster[0m } [36mfrom[0m [32m"@/components/ui/sonner"[0m;
  [90m 8 |[0m [36mimport[0m [33mErrorDiagnosticsModal[0m [36mfrom[0m [32m"@/components/shared/ErrorDiagnosticsModal"[0m;
[31m[1m>[0m [90m 9 |[0m [36mimport[0m { [33mAuthInitializer[0m } [36mfrom[0m [32m'@/components/auth/AuthInitializer'[0m;
  [90m   |[0m [31m[1m^^^^^^^^^^^^^^^^^^^^^^^^^^^^^^^^^^^^^^^^^^^^^^^^^^^^^^^^^^^^^^^^^^^^[0m
  [90m10 |[0m [36mimport[0m { [33mTutorialModal[0m } [36mfrom[0m [32m'@/components/shared/TutorialModal'[0m;
  [90m11 |[0m
  [90m12 |[0m [36mconst[0m inter = [33mInter[0m({ subsets: [[32m"latin"[0m] });

Import map: aliased to relative './src/components/auth/AuthInitializer' inside of [project]/Desktop/hyperlocal-frontend


https://nextjs.org/docs/messages/module-not-found


⨯ ./Desktop/hyperlocal-frontend/src/app/layout.tsx:9:1
Module not found: Can't resolve '@/components/auth/AuthInitializer'
  [90m 7 |[0m [36mimport[0m { [33mToaster[0m } [36mfrom[0m [32m"@/components/ui/sonner"[0m;
  [90m 8 |[0m [36mimport[0m [33mErrorDiagnosticsModal[0m [36mfrom[0m [32m"@/components/shared/ErrorDiagnosticsModal"[0m;
[31m[1m>[0m [90m 9 |[0m [36mimport[0m { [33mAuthInitializer[0m } [36mfrom[0m [32m'@/components/auth/AuthInitializer'[0m;
  [90m   |[0m [31m[1m^^^^^^^^^^^^^^^^^^^^^^^^^^^^^^^^^^^^^^^^^^^^^^^^^^^^^^^^^^^^^^^^^^^^[0m
  [90m10 |[0m [36mimport[0m { [33mTutorialModal[0m } [36mfrom[0m [32m'@/components/shared/TutorialModal'[0m;
  [90m11 |[0m
  [90m12 |[0m [36mconst[0m inter = [33mInter[0m({ subsets: [[32m"latin"[0m] });

Import map: aliased to relative './src/components/auth/AuthInitializer' inside of [project]/Desktop/hyperlocal-frontend


https://nextjs.org/docs/messages/module-not-found


⨯ ./Desktop/hyperlocal-frontend/src/app/layout.tsx:9:1
Module not found: Can't resolve '@/components/auth/AuthInitializer'
  [90m 7 |[0m [36mimport[0m { [33mToaster[0m } [36mfrom[0m [32m"@/components/ui/sonner"[0m;
  [90m 8 |[0m [36mimport[0m [33mErrorDiagnosticsModal[0m [36mfrom[0m [32m"@/components/shared/ErrorDiagnosticsModal"[0m;
[31m[1m>[0m [90m 9 |[0m [36mimport[0m { [33mAuthInitializer[0m } [36mfrom[0m [32m'@/components/auth/AuthInitializer'[0m;
  [90m   |[0m [31m[1m^^^^^^^^^^^^^^^^^^^^^^^^^^^^^^^^^^^^^^^^^^^^^^^^^^^^^^^^^^^^^^^^^^^^[0m
  [90m10 |[0m [36mimport[0m { [33mTutorialModal[0m } [36mfrom[0m [32m'@/components/shared/TutorialModal'[0m;
  [90m11 |[0m
  [90m12 |[0m [36mconst[0m inter = [33mInter[0m({ subsets: [[32m"latin"[0m] });

Import map: aliased to relative './src/components/auth/AuthInitializer' inside of [project]/Desktop/hyperlocal-frontend


https://nextjs.org/docs/messages/module-not-found


⨯ ./Desktop/hyperlocal-frontend/src/app/layout.tsx:9:1
Module not found: Can't resolve '@/components/auth/AuthInitializer'
  [90m 7 |[0m [36mimport[0m { [33mToaster[0m } [36mfrom[0m [32m"@/components/ui/sonner"[0m;
  [90m 8 |[0m [36mimport[0m [33mErrorDiagnosticsModal[0m [36mfrom[0m [32m"@/components/shared/ErrorDiagnosticsModal"[0m;
[31m[1m>[0m [90m 9 |[0m [36mimport[0m { [33mAuthInitializer[0m } [36mfrom[0m [32m'@/components/auth/AuthInitializer'[0m;
  [90m   |[0m [31m[1m^^^^^^^^^^^^^^^^^^^^^^^^^^^^^^^^^^^^^^^^^^^^^^^^^^^^^^^^^^^^^^^^^^^^[0m
  [90m10 |[0m [36mimport[0m { [33mTutorialModal[0m } [36mfrom[0m [32m'@/components/shared/TutorialModal'[0m;
  [90m11 |[0m
  [90m12 |[0m [36mconst[0m inter = [33mInter[0m({ subsets: [[32m"latin"[0m] });

Import map: aliased to relative './src/components/auth/AuthInitializer' inside of [project]/Desktop/hyperlocal-frontend


https://nextjs.org/docs/messages/module-not-found


⨯ ./Desktop/hyperlocal-frontend/src/app/layout.tsx:9:1
Module not found: Can't resolve '@/components/auth/AuthInitializer'
  [90m 7 |[0m [36mimport[0m { [33mToaster[0m } [36mfrom[0m [32m"@/components/ui/sonner"[0m;
  [90m 8 |[0m [36mimport[0m [33mErrorDiagnosticsModal[0m [36mfrom[0m [32m"@/components/shared/ErrorDiagnosticsModal"[0m;
[31m[1m>[0m [90m 9 |[0m [36mimport[0m { [33mAuthInitializer[0m } [36mfrom[0m [32m'@/components/auth/AuthInitializer'[0m;
  [90m   |[0m [31m[1m^^^^^^^^^^^^^^^^^^^^^^^^^^^^^^^^^^^^^^^^^^^^^^^^^^^^^^^^^^^^^^^^^^^^[0m
  [90m10 |[0m [36mimport[0m { [33mTutorialModal[0m } [36mfrom[0m [32m'@/components/shared/TutorialModal'[0m;
  [90m11 |[0m
  [90m12 |[0m [36mconst[0m inter = [33mInter[0m({ subsets: [[32m"latin"[0m] });

Import map: aliased to relative './src/components/auth/AuthInitializer' inside of [project]/Desktop/hyperlocal-frontend


https://nextjs.org/docs/messages/module-not-found


⨯ ./Desktop/hyperlocal-frontend/src/app/layout.tsx:9:1
Module not found: Can't resolve '@/components/auth/AuthInitializer'
  [90m 7 |[0m [36mimport[0m { [33mToaster[0m } [36mfrom[0m [32m"@/components/ui/sonner"[0m;
  [90m 8 |[0m [36mimport[0m [33mErrorDiagnosticsModal[0m [36mfrom[0m [32m"@/components/shared/ErrorDiagnosticsModal"[0m;
[31m[1m>[0m [90m 9 |[0m [36mimport[0m { [33mAuthInitializer[0m } [36mfrom[0m [32m'@/components/auth/AuthInitializer'[0m;
  [90m   |[0m [31m[1m^^^^^^^^^^^^^^^^^^^^^^^^^^^^^^^^^^^^^^^^^^^^^^^^^^^^^^^^^^^^^^^^^^^^[0m
  [90m10 |[0m [36mimport[0m { [33mTutorialModal[0m } [36mfrom[0m [32m'@/components/shared/TutorialModal'[0m;
  [90m11 |[0m
  [90m12 |[0m [36mconst[0m inter = [33mInter[0m({ subsets: [[32m"latin"[0m] });

Import map: aliased to relative './src/components/auth/AuthInitializer' inside of [project]/Desktop/hyperlocal-frontend


https://nextjs.org/docs/messages/module-not-found


⨯ ./Desktop/hyperlocal-frontend/src/app/layout.tsx:9:1
Module not found: Can't resolve '@/components/auth/AuthInitializer'
  [90m 7 |[0m [36mimport[0m { [33mToaster[0m } [36mfrom[0m [32m"@/components/ui/sonner"[0m;
  [90m 8 |[0m [36mimport[0m [33mErrorDiagnosticsModal[0m [36mfrom[0m [32m"@/components/shared/ErrorDiagnosticsModal"[0m;
[31m[1m>[0m [90m 9 |[0m [36mimport[0m { [33mAuthInitializer[0m } [36mfrom[0m [32m'@/components/auth/AuthInitializer'[0m;
  [90m   |[0m [31m[1m^^^^^^^^^^^^^^^^^^^^^^^^^^^^^^^^^^^^^^^^^^^^^^^^^^^^^^^^^^^^^^^^^^^^[0m
  [90m10 |[0m [36mimport[0m { [33mTutorialModal[0m } [36mfrom[0m [32m'@/components/shared/TutorialModal'[0m;
  [90m11 |[0m
  [90m12 |[0m [36mconst[0m inter = [33mInter[0m({ subsets: [[32m"latin"[0m] });

Import map: aliased to relative './src/components/auth/AuthInitializer' inside of [project]/Desktop/hyperlocal-frontend


https://nextjs.org/docs/messages/module-not-found


⨯ ./Desktop/hyperlocal-frontend/src/app/layout.tsx:9:1
Module not found: Can't resolve '@/components/auth/AuthInitializer'
  [90m 7 |[0m [36mimport[0m { [33mToaster[0m } [36mfrom[0m [32m"@/components/ui/sonner"[0m;
  [90m 8 |[0m [36mimport[0m [33mErrorDiagnosticsModal[0m [36mfrom[0m [32m"@/components/shared/ErrorDiagnosticsModal"[0m;
[31m[1m>[0m [90m 9 |[0m [36mimport[0m { [33mAuthInitializer[0m } [36mfrom[0m [32m'@/components/auth/AuthInitializer'[0m;
  [90m   |[0m [31m[1m^^^^^^^^^^^^^^^^^^^^^^^^^^^^^^^^^^^^^^^^^^^^^^^^^^^^^^^^^^^^^^^^^^^^[0m
  [90m10 |[0m [36mimport[0m { [33mTutorialModal[0m } [36mfrom[0m [32m'@/components/shared/TutorialModal'[0m;
  [90m11 |[0m
  [90m12 |[0m [36mconst[0m inter = [33mInter[0m({ subsets: [[32m"latin"[0m] });

Import map: aliased to relative './src/components/auth/AuthInitializer' inside of [project]/Desktop/hyperlocal-frontend


https://nextjs.org/docs/messages/module-not-found


⨯ ./Desktop/hyperlocal-frontend/src/app/layout.tsx:9:1
Module not found: Can't resolve '@/components/auth/AuthInitializer'
  [90m 7 |[0m [36mimport[0m { [33mToaster[0m } [36mfrom[0m [32m"@/components/ui/sonner"[0m;
  [90m 8 |[0m [36mimport[0m [33mErrorDiagnosticsModal[0m [36mfrom[0m [32m"@/components/shared/ErrorDiagnosticsModal"[0m;
[31m[1m>[0m [90m 9 |[0m [36mimport[0m { [33mAuthInitializer[0m } [36mfrom[0m [32m'@/components/auth/AuthInitializer'[0m;
  [90m   |[0m [31m[1m^^^^^^^^^^^^^^^^^^^^^^^^^^^^^^^^^^^^^^^^^^^^^^^^^^^^^^^^^^^^^^^^^^^^[0m
  [90m10 |[0m [36mimport[0m { [33mTutorialModal[0m } [36mfrom[0m [32m'@/components/shared/TutorialModal'[0m;
  [90m11 |[0m
  [90m12 |[0m [36mconst[0m inter = [33mInter[0m({ subsets: [[32m"latin"[0m] });

Import map: aliased to relative './src/components/auth/AuthInitializer' inside of [project]/Desktop/hyperlocal-frontend


https://nextjs.org/docs/messages/module-not-found


⨯ ./Desktop/hyperlocal-frontend/src/app/layout.tsx:9:1
Module not found: Can't resolve '@/components/auth/AuthInitializer'
  [90m 7 |[0m [36mimport[0m { [33mToaster[0m } [36mfrom[0m [32m"@/components/ui/sonner"[0m;
  [90m 8 |[0m [36mimport[0m [33mErrorDiagnosticsModal[0m [36mfrom[0m [32m"@/components/shared/ErrorDiagnosticsModal"[0m;
[31m[1m>[0m [90m 9 |[0m [36mimport[0m { [33mAuthInitializer[0m } [36mfrom[0m [32m'@/components/auth/AuthInitializer'[0m;
  [90m   |[0m [31m[1m^^^^^^^^^^^^^^^^^^^^^^^^^^^^^^^^^^^^^^^^^^^^^^^^^^^^^^^^^^^^^^^^^^^^[0m
  [90m10 |[0m [36mimport[0m { [33mTutorialModal[0m } [36mfrom[0m [32m'@/components/shared/TutorialModal'[0m;
  [90m11 |[0m
  [90m12 |[0m [36mconst[0m inter = [33mInter[0m({ subsets: [[32m"latin"[0m] });

Import map: aliased to relative './src/components/auth/AuthInitializer' inside of [project]/Desktop/hyperlocal-frontend


https://nextjs.org/docs/messages/module-not-found


⨯ ./Desktop/hyperlocal-frontend/src/app/layout.tsx:9:1
Module not found: Can't resolve '@/components/auth/AuthInitializer'
  [90m 7 |[0m [36mimport[0m { [33mToaster[0m } [36mfrom[0m [32m"@/components/ui/sonner"[0m;
  [90m 8 |[0m [36mimport[0m [33mErrorDiagnosticsModal[0m [36mfrom[0m [32m"@/components/shared/ErrorDiagnosticsModal"[0m;
[31m[1m>[0m [90m 9 |[0m [36mimport[0m { [33mAuthInitializer[0m } [36mfrom[0m [32m'@/components/auth/AuthInitializer'[0m;
  [90m   |[0m [31m[1m^^^^^^^^^^^^^^^^^^^^^^^^^^^^^^^^^^^^^^^^^^^^^^^^^^^^^^^^^^^^^^^^^^^^[0m
  [90m10 |[0m [36mimport[0m { [33mTutorialModal[0m } [36mfrom[0m [32m'@/components/shared/TutorialModal'[0m;
  [90m11 |[0m
  [90m12 |[0m [36mconst[0m inter = [33mInter[0m({ subsets: [[32m"latin"[0m] });

Import map: aliased to relative './src/components/auth/AuthInitializer' inside of [project]/Desktop/hyperlocal-frontend


https://nextjs.org/docs/messages/module-not-found


⨯ ./Desktop/hyperlocal-frontend/src/app/layout.tsx:9:1
Module not found: Can't resolve '@/components/auth/AuthInitializer'
  [90m 7 |[0m [36mimport[0m { [33mToaster[0m } [36mfrom[0m [32m"@/components/ui/sonner"[0m;
  [90m 8 |[0m [36mimport[0m [33mErrorDiagnosticsModal[0m [36mfrom[0m [32m"@/components/shared/ErrorDiagnosticsModal"[0m;
[31m[1m>[0m [90m 9 |[0m [36mimport[0m { [33mAuthInitializer[0m } [36mfrom[0m [32m'@/components/auth/AuthInitializer'[0m;
  [90m   |[0m [31m[1m^^^^^^^^^^^^^^^^^^^^^^^^^^^^^^^^^^^^^^^^^^^^^^^^^^^^^^^^^^^^^^^^^^^^[0m
  [90m10 |[0m [36mimport[0m { [33mTutorialModal[0m } [36mfrom[0m [32m'@/components/shared/TutorialModal'[0m;
  [90m11 |[0m
  [90m12 |[0m [36mconst[0m inter = [33mInter[0m({ subsets: [[32m"latin"[0m] });

Import map: aliased to relative './src/components/auth/AuthInitializer' inside of [project]/Desktop/hyperlocal-frontend


https://nextjs.org/docs/messages/module-not-found


⨯ ./Desktop/hyperlocal-frontend/src/app/layout.tsx:9:1
Module not found: Can't resolve '@/components/auth/AuthInitializer'
  [90m 7 |[0m [36mimport[0m { [33mToaster[0m } [36mfrom[0m [32m"@/components/ui/sonner"[0m;
  [90m 8 |[0m [36mimport[0m [33mErrorDiagnosticsModal[0m [36mfrom[0m [32m"@/components/shared/ErrorDiagnosticsModal"[0m;
[31m[1m>[0m [90m 9 |[0m [36mimport[0m { [33mAuthInitializer[0m } [36mfrom[0m [32m'@/components/auth/AuthInitializer'[0m;
  [90m   |[0m [31m[1m^^^^^^^^^^^^^^^^^^^^^^^^^^^^^^^^^^^^^^^^^^^^^^^^^^^^^^^^^^^^^^^^^^^^[0m
  [90m10 |[0m [36mimport[0m { [33mTutorialModal[0m } [36mfrom[0m [32m'@/components/shared/TutorialModal'[0m;
  [90m11 |[0m
  [90m12 |[0m [36mconst[0m inter = [33mInter[0m({ subsets: [[32m"latin"[0m] });

Import map: aliased to relative './src/components/auth/AuthInitializer' inside of [project]/Desktop/hyperlocal-frontend


https://nextjs.org/docs/messages/module-not-found


⨯ ./Desktop/hyperlocal-frontend/src/app/layout.tsx:9:1
Module not found: Can't resolve '@/components/auth/AuthInitializer'
  [90m 7 |[0m [36mimport[0m { [33mToaster[0m } [36mfrom[0m [32m"@/components/ui/sonner"[0m;
  [90m 8 |[0m [36mimport[0m [33mErrorDiagnosticsModal[0m [36mfrom[0m [32m"@/components/shared/ErrorDiagnosticsModal"[0m;
[31m[1m>[0m [90m 9 |[0m [36mimport[0m { [33mAuthInitializer[0m } [36mfrom[0m [32m'@/components/auth/AuthInitializer'[0m;
  [90m   |[0m [31m[1m^^^^^^^^^^^^^^^^^^^^^^^^^^^^^^^^^^^^^^^^^^^^^^^^^^^^^^^^^^^^^^^^^^^^[0m
  [90m10 |[0m [36mimport[0m { [33mTutorialModal[0m } [36mfrom[0m [32m'@/components/shared/TutorialModal'[0m;
  [90m11 |[0m
  [90m12 |[0m [36mconst[0m inter = [33mInter[0m({ subsets: [[32m"latin"[0m] });

Import map: aliased to relative './src/components/auth/AuthInitializer' inside of [project]/Desktop/hyperlocal-frontend


https://nextjs.org/docs/messages/module-not-found


⨯ ./Desktop/hyperlocal-frontend/src/app/layout.tsx:9:1
Module not found: Can't resolve '@/components/auth/AuthInitializer'
  [90m 7 |[0m [36mimport[0m { [33mToaster[0m } [36mfrom[0m [32m"@/components/ui/sonner"[0m;
  [90m 8 |[0m [36mimport[0m [33mErrorDiagnosticsModal[0m [36mfrom[0m [32m"@/components/shared/ErrorDiagnosticsModal"[0m;
[31m[1m>[0m [90m 9 |[0m [36mimport[0m { [33mAuthInitializer[0m } [36mfrom[0m [32m'@/components/auth/AuthInitializer'[0m;
  [90m   |[0m [31m[1m^^^^^^^^^^^^^^^^^^^^^^^^^^^^^^^^^^^^^^^^^^^^^^^^^^^^^^^^^^^^^^^^^^^^[0m
  [90m10 |[0m [36mimport[0m { [33mTutorialModal[0m } [36mfrom[0m [32m'@/components/shared/TutorialModal'[0m;
  [90m11 |[0m
  [90m12 |[0m [36mconst[0m inter = [33mInter[0m({ subsets: [[32m"latin"[0m] });

Import map: aliased to relative './src/components/auth/AuthInitializer' inside of [project]/Desktop/hyperlocal-frontend


https://nextjs.org/docs/messages/module-not-found


⨯ ./Desktop/hyperlocal-frontend/src/app/layout.tsx:9:1
Module not found: Can't resolve '@/components/auth/AuthInitializer'
  [90m 7 |[0m [36mimport[0m { [33mToaster[0m } [36mfrom[0m [32m"@/components/ui/sonner"[0m;
  [90m 8 |[0m [36mimport[0m [33mErrorDiagnosticsModal[0m [36mfrom[0m [32m"@/components/shared/ErrorDiagnosticsModal"[0m;
[31m[1m>[0m [90m 9 |[0m [36mimport[0m { [33mAuthInitializer[0m } [36mfrom[0m [32m'@/components/auth/AuthInitializer'[0m;
  [90m   |[0m [31m[1m^^^^^^^^^^^^^^^^^^^^^^^^^^^^^^^^^^^^^^^^^^^^^^^^^^^^^^^^^^^^^^^^^^^^[0m
  [90m10 |[0m [36mimport[0m { [33mTutorialModal[0m } [36mfrom[0m [32m'@/components/shared/TutorialModal'[0m;
  [90m11 |[0m
  [90m12 |[0m [36mconst[0m inter = [33mInter[0m({ subsets: [[32m"latin"[0m] });

Import map: aliased to relative './src/components/auth/AuthInitializer' inside of [project]/Desktop/hyperlocal-frontend


https://nextjs.org/docs/messages/module-not-found


⨯ ./Desktop/hyperlocal-frontend/src/app/layout.tsx:9:1
Module not found: Can't resolve '@/components/auth/AuthInitializer'
  [90m 7 |[0m [36mimport[0m { [33mToaster[0m } [36mfrom[0m [32m"@/components/ui/sonner"[0m;
  [90m 8 |[0m [36mimport[0m [33mErrorDiagnosticsModal[0m [36mfrom[0m [32m"@/components/shared/ErrorDiagnosticsModal"[0m;
[31m[1m>[0m [90m 9 |[0m [36mimport[0m { [33mAuthInitializer[0m } [36mfrom[0m [32m'@/components/auth/AuthInitializer'[0m;
  [90m   |[0m [31m[1m^^^^^^^^^^^^^^^^^^^^^^^^^^^^^^^^^^^^^^^^^^^^^^^^^^^^^^^^^^^^^^^^^^^^[0m
  [90m10 |[0m [36mimport[0m { [33mTutorialModal[0m } [36mfrom[0m [32m'@/components/shared/TutorialModal'[0m;
  [90m11 |[0m
  [90m12 |[0m [36mconst[0m inter = [33mInter[0m({ subsets: [[32m"latin"[0m] });

Import map: aliased to relative './src/components/auth/AuthInitializer' inside of [project]/Desktop/hyperlocal-frontend


https://nextjs.org/docs/messages/module-not-found


⨯ ./Desktop/hyperlocal-frontend/src/app/layout.tsx:9:1
Module not found: Can't resolve '@/components/auth/AuthInitializer'
  [90m 7 |[0m [36mimport[0m { [33mToaster[0m } [36mfrom[0m [32m"@/components/ui/sonner"[0m;
  [90m 8 |[0m [36mimport[0m [33mErrorDiagnosticsModal[0m [36mfrom[0m [32m"@/components/shared/ErrorDiagnosticsModal"[0m;
[31m[1m>[0m [90m 9 |[0m [36mimport[0m { [33mAuthInitializer[0m } [36mfrom[0m [32m'@/components/auth/AuthInitializer'[0m;
  [90m   |[0m [31m[1m^^^^^^^^^^^^^^^^^^^^^^^^^^^^^^^^^^^^^^^^^^^^^^^^^^^^^^^^^^^^^^^^^^^^[0m
  [90m10 |[0m [36mimport[0m { [33mTutorialModal[0m } [36mfrom[0m [32m'@/components/shared/TutorialModal'[0m;
  [90m11 |[0m
  [90m12 |[0m [36mconst[0m inter = [33mInter[0m({ subsets: [[32m"latin"[0m] });

Import map: aliased to relative './src/components/auth/AuthInitializer' inside of [project]/Desktop/hyperlocal-frontend


https://nextjs.org/docs/messages/module-not-found


⨯ ./Desktop/hyperlocal-frontend/src/app/layout.tsx:9:1
Module not found: Can't resolve '@/components/auth/AuthInitializer'
  [90m 7 |[0m [36mimport[0m { [33mToaster[0m } [36mfrom[0m [32m"@/components/ui/sonner"[0m;
  [90m 8 |[0m [36mimport[0m [33mErrorDiagnosticsModal[0m [36mfrom[0m [32m"@/components/shared/ErrorDiagnosticsModal"[0m;
[31m[1m>[0m [90m 9 |[0m [36mimport[0m { [33mAuthInitializer[0m } [36mfrom[0m [32m'@/components/auth/AuthInitializer'[0m;
  [90m   |[0m [31m[1m^^^^^^^^^^^^^^^^^^^^^^^^^^^^^^^^^^^^^^^^^^^^^^^^^^^^^^^^^^^^^^^^^^^^[0m
  [90m10 |[0m [36mimport[0m { [33mTutorialModal[0m } [36mfrom[0m [32m'@/components/shared/TutorialModal'[0m;
  [90m11 |[0m
  [90m12 |[0m [36mconst[0m inter = [33mInter[0m({ subsets: [[32m"latin"[0m] });

Import map: aliased to relative './src/components/auth/AuthInitializer' inside of [project]/Desktop/hyperlocal-frontend


https://nextjs.org/docs/messages/module-not-found


[browser] Uncaught Error: ./Desktop/hyperlocal-frontend/src/app/layout.tsx:9:1
Module not found: Can't resolve '@/components/auth/AuthInitializer'
   7 | import { Toaster } from "@/components/ui/sonner";
   8 | import ErrorDiagnosticsModal from "@/components/shared/ErrorDiagnosticsModal";
>  9 | import { AuthInitializer } from '@/components/auth/AuthInitializer';
     | ^^^^^^^^^^^^^^^^^^^^^^^^^^^^^^^^^^^^^^^^^^^^^^^^^^^^^^^^^^^^^^^^^^^^
  10 | import { TutorialModal } from '@/components/shared/TutorialModal';
  11 |
  12 | const inter = Inter({ subsets: ["latin"] });

Import map: aliased to relative './src/components/auth/AuthInitializer' inside of [project]/Desktop/hyperlocal-frontend


https://nextjs.org/docs/messages/module-not-found


    at <unknown> (Error: ./Desktop/hyperlocal-frontend/src/app/layout.tsx:9:1)
    at <unknown> (https://nextjs.org/docs/messages/module-not-found)
    at <unknown> (Error: (./Desktop/hyperlocal-frontend/src/app/layout.tsx:9:1)
    at <unknown> (https://nextjs.org/docs/messages/module-not-found)
[browser] Uncaught Error: ./Desktop/hyperlocal-frontend/src/app/layout.tsx:9:1
Module not found: Can't resolve '@/components/auth/AuthInitializer'
   7 | import { Toaster } from "@/components/ui/sonner";
   8 | import ErrorDiagnosticsModal from "@/components/shared/ErrorDiagnosticsModal";
>  9 | import { AuthInitializer } from '@/components/auth/AuthInitializer';
     | ^^^^^^^^^^^^^^^^^^^^^^^^^^^^^^^^^^^^^^^^^^^^^^^^^^^^^^^^^^^^^^^^^^^^
  10 | import { TutorialModal } from '@/components/shared/TutorialModal';
  11 |
  12 | const inter = Inter({ subsets: ["latin"] });

Import map: aliased to relative './src/components/auth/AuthInitializer' inside of [project]/Desktop/hyperlocal-frontend


https://nextjs.org/docs/messages/module-not-found


    at <unknown> (Error: ./Desktop/hyperlocal-frontend/src/app/layout.tsx:9:1)
    at <unknown> (https://nextjs.org/docs/messages/module-not-found)
    at <unknown> (Error: (./Desktop/hyperlocal-frontend/src/app/layout.tsx:9:1)
    at <unknown> (https://nextjs.org/docs/messages/module-not-found)
⨯ ./Desktop/hyperlocal-frontend/src/app/layout.tsx:9:1
Module not found: Can't resolve '@/components/auth/AuthInitializer'
  [90m 7 |[0m [36mimport[0m { [33mToaster[0m } [36mfrom[0m [32m"@/components/ui/sonner"[0m;
  [90m 8 |[0m [36mimport[0m [33mErrorDiagnosticsModal[0m [36mfrom[0m [32m"@/components/shared/ErrorDiagnosticsModal"[0m;
[31m[1m>[0m [90m 9 |[0m [36mimport[0m { [33mAuthInitializer[0m } [36mfrom[0m [32m'@/components/auth/AuthInitializer'[0m;
  [90m   |[0m [31m[1m^^^^^^^^^^^^^^^^^^^^^^^^^^^^^^^^^^^^^^^^^^^^^^^^^^^^^^^^^^^^^^^^^^^^[0m
  [90m10 |[0m [36mimport[0m { [33mTutorialModal[0m } [36mfrom[0m [32m'@/components/shared/TutorialModal'[0m;
  [90m11 |[0m
  [90m12 |[0m [36mconst[0m inter = [33mInter[0m({ subsets: [[32m"latin"[0m] });

Import map: aliased to relative './src/components/auth/AuthInitializer' inside of [project]/Desktop/hyperlocal-frontend


https://nextjs.org/docs/messages/module-not-found


⨯ ./Desktop/hyperlocal-frontend/src/app/layout.tsx:9:1
Module not found: Can't resolve '@/components/auth/AuthInitializer'
  [90m 7 |[0m [36mimport[0m { [33mToaster[0m } [36mfrom[0m [32m"@/components/ui/sonner"[0m;
  [90m 8 |[0m [36mimport[0m [33mErrorDiagnosticsModal[0m [36mfrom[0m [32m"@/components/shared/ErrorDiagnosticsModal"[0m;
[31m[1m>[0m [90m 9 |[0m [36mimport[0m { [33mAuthInitializer[0m } [36mfrom[0m [32m'@/components/auth/AuthInitializer'[0m;
  [90m   |[0m [31m[1m^^^^^^^^^^^^^^^^^^^^^^^^^^^^^^^^^^^^^^^^^^^^^^^^^^^^^^^^^^^^^^^^^^^^[0m
  [90m10 |[0m [36mimport[0m { [33mTutorialModal[0m } [36mfrom[0m [32m'@/components/shared/TutorialModal'[0m;
  [90m11 |[0m
  [90m12 |[0m [36mconst[0m inter = [33mInter[0m({ subsets: [[32m"latin"[0m] });

Import map: aliased to relative './src/components/auth/AuthInitializer' inside of [project]/Desktop/hyperlocal-frontend


https://nextjs.org/docs/messages/module-not-found


⨯ ./Desktop/hyperlocal-frontend/src/app/layout.tsx:9:1
Module not found: Can't resolve '@/components/auth/AuthInitializer'
  [90m 7 |[0m [36mimport[0m { [33mToaster[0m } [36mfrom[0m [32m"@/components/ui/sonner"[0m;
  [90m 8 |[0m [36mimport[0m [33mErrorDiagnosticsModal[0m [36mfrom[0m [32m"@/components/shared/ErrorDiagnosticsModal"[0m;
[31m[1m>[0m [90m 9 |[0m [36mimport[0m { [33mAuthInitializer[0m } [36mfrom[0m [32m'@/components/auth/AuthInitializer'[0m;
  [90m   |[0m [31m[1m^^^^^^^^^^^^^^^^^^^^^^^^^^^^^^^^^^^^^^^^^^^^^^^^^^^^^^^^^^^^^^^^^^^^[0m
  [90m10 |[0m [36mimport[0m { [33mTutorialModal[0m } [36mfrom[0m [32m'@/components/shared/TutorialModal'[0m;
  [90m11 |[0m
  [90m12 |[0m [36mconst[0m inter = [33mInter[0m({ subsets: [[32m"latin"[0m] });

Import map: aliased to relative './src/components/auth/AuthInitializer' inside of [project]/Desktop/hyperlocal-frontend


https://nextjs.org/docs/messages/module-not-found


⨯ ./Desktop/hyperlocal-frontend/src/app/layout.tsx:9:1
Module not found: Can't resolve '@/components/auth/AuthInitializer'
  [90m 7 |[0m [36mimport[0m { [33mToaster[0m } [36mfrom[0m [32m"@/components/ui/sonner"[0m;
  [90m 8 |[0m [36mimport[0m [33mErrorDiagnosticsModal[0m [36mfrom[0m [32m"@/components/shared/ErrorDiagnosticsModal"[0m;
[31m[1m>[0m [90m 9 |[0m [36mimport[0m { [33mAuthInitializer[0m } [36mfrom[0m [32m'@/components/auth/AuthInitializer'[0m;
  [90m   |[0m [31m[1m^^^^^^^^^^^^^^^^^^^^^^^^^^^^^^^^^^^^^^^^^^^^^^^^^^^^^^^^^^^^^^^^^^^^[0m
  [90m10 |[0m [36mimport[0m { [33mTutorialModal[0m } [36mfrom[0m [32m'@/components/shared/TutorialModal'[0m;
  [90m11 |[0m
  [90m12 |[0m [36mconst[0m inter = [33mInter[0m({ subsets: [[32m"latin"[0m] });

Import map: aliased to relative './src/components/auth/AuthInitializer' inside of [project]/Desktop/hyperlocal-frontend


https://nextjs.org/docs/messages/module-not-found


⨯ ./Desktop/hyperlocal-frontend/src/app/layout.tsx:9:1
Module not found: Can't resolve '@/components/auth/AuthInitializer'
  [90m 7 |[0m [36mimport[0m { [33mToaster[0m } [36mfrom[0m [32m"@/components/ui/sonner"[0m;
  [90m 8 |[0m [36mimport[0m [33mErrorDiagnosticsModal[0m [36mfrom[0m [32m"@/components/shared/ErrorDiagnosticsModal"[0m;
[31m[1m>[0m [90m 9 |[0m [36mimport[0m { [33mAuthInitializer[0m } [36mfrom[0m [32m'@/components/auth/AuthInitializer'[0m;
  [90m   |[0m [31m[1m^^^^^^^^^^^^^^^^^^^^^^^^^^^^^^^^^^^^^^^^^^^^^^^^^^^^^^^^^^^^^^^^^^^^[0m
  [90m10 |[0m [36mimport[0m { [33mTutorialModal[0m } [36mfrom[0m [32m'@/components/shared/TutorialModal'[0m;
  [90m11 |[0m
  [90m12 |[0m [36mconst[0m inter = [33mInter[0m({ subsets: [[32m"latin"[0m] });

Import map: aliased to relative './src/components/auth/AuthInitializer' inside of [project]/Desktop/hyperlocal-frontend


https://nextjs.org/docs/messages/module-not-found


⨯ ./Desktop/hyperlocal-frontend/src/app/layout.tsx:9:1
Module not found: Can't resolve '@/components/auth/AuthInitializer'
  [90m 7 |[0m [36mimport[0m { [33mToaster[0m } [36mfrom[0m [32m"@/components/ui/sonner"[0m;
  [90m 8 |[0m [36mimport[0m [33mErrorDiagnosticsModal[0m [36mfrom[0m [32m"@/components/shared/ErrorDiagnosticsModal"[0m;
[31m[1m>[0m [90m 9 |[0m [36mimport[0m { [33mAuthInitializer[0m } [36mfrom[0m [32m'@/components/auth/AuthInitializer'[0m;
  [90m   |[0m [31m[1m^^^^^^^^^^^^^^^^^^^^^^^^^^^^^^^^^^^^^^^^^^^^^^^^^^^^^^^^^^^^^^^^^^^^[0m
  [90m10 |[0m [36mimport[0m { [33mTutorialModal[0m } [36mfrom[0m [32m'@/components/shared/TutorialModal'[0m;
  [90m11 |[0m
  [90m12 |[0m [36mconst[0m inter = [33mInter[0m({ subsets: [[32m"latin"[0m] });

Import map: aliased to relative './src/components/auth/AuthInitializer' inside of [project]/Desktop/hyperlocal-frontend


https://nextjs.org/docs/messages/module-not-found


⨯ ./Desktop/hyperlocal-frontend/src/app/layout.tsx:9:1
Module not found: Can't resolve '@/components/auth/AuthInitializer'
  [90m 7 |[0m [36mimport[0m { [33mToaster[0m } [36mfrom[0m [32m"@/components/ui/sonner"[0m;
  [90m 8 |[0m [36mimport[0m [33mErrorDiagnosticsModal[0m [36mfrom[0m [32m"@/components/shared/ErrorDiagnosticsModal"[0m;
[31m[1m>[0m [90m 9 |[0m [36mimport[0m { [33mAuthInitializer[0m } [36mfrom[0m [32m'@/components/auth/AuthInitializer'[0m;
  [90m   |[0m [31m[1m^^^^^^^^^^^^^^^^^^^^^^^^^^^^^^^^^^^^^^^^^^^^^^^^^^^^^^^^^^^^^^^^^^^^[0m
  [90m10 |[0m [36mimport[0m { [33mTutorialModal[0m } [36mfrom[0m [32m'@/components/shared/TutorialModal'[0m;
  [90m11 |[0m
  [90m12 |[0m [36mconst[0m inter = [33mInter[0m({ subsets: [[32m"latin"[0m] });

Import map: aliased to relative './src/components/auth/AuthInitializer' inside of [project]/Desktop/hyperlocal-frontend


https://nextjs.org/docs/messages/module-not-found


⨯ ./Desktop/hyperlocal-frontend/src/app/layout.tsx:9:1
Module not found: Can't resolve '@/components/auth/AuthInitializer'
  [90m 7 |[0m [36mimport[0m { [33mToaster[0m } [36mfrom[0m [32m"@/components/ui/sonner"[0m;
  [90m 8 |[0m [36mimport[0m [33mErrorDiagnosticsModal[0m [36mfrom[0m [32m"@/components/shared/ErrorDiagnosticsModal"[0m;
[31m[1m>[0m [90m 9 |[0m [36mimport[0m { [33mAuthInitializer[0m } [36mfrom[0m [32m'@/components/auth/AuthInitializer'[0m;
  [90m   |[0m [31m[1m^^^^^^^^^^^^^^^^^^^^^^^^^^^^^^^^^^^^^^^^^^^^^^^^^^^^^^^^^^^^^^^^^^^^[0m
  [90m10 |[0m [36mimport[0m { [33mTutorialModal[0m } [36mfrom[0m [32m'@/components/shared/TutorialModal'[0m;
  [90m11 |[0m
  [90m12 |[0m [36mconst[0m inter = [33mInter[0m({ subsets: [[32m"latin"[0m] });

Import map: aliased to relative './src/components/auth/AuthInitializer' inside of [project]/Desktop/hyperlocal-frontend


https://nextjs.org/docs/messages/module-not-found


⨯ ./Desktop/hyperlocal-frontend/src/app/layout.tsx:9:1
Module not found: Can't resolve '@/components/auth/AuthInitializer'
  [90m 7 |[0m [36mimport[0m { [33mToaster[0m } [36mfrom[0m [32m"@/components/ui/sonner"[0m;
  [90m 8 |[0m [36mimport[0m [33mErrorDiagnosticsModal[0m [36mfrom[0m [32m"@/components/shared/ErrorDiagnosticsModal"[0m;
[31m[1m>[0m [90m 9 |[0m [36mimport[0m { [33mAuthInitializer[0m } [36mfrom[0m [32m'@/components/auth/AuthInitializer'[0m;
  [90m   |[0m [31m[1m^^^^^^^^^^^^^^^^^^^^^^^^^^^^^^^^^^^^^^^^^^^^^^^^^^^^^^^^^^^^^^^^^^^^[0m
  [90m10 |[0m [36mimport[0m { [33mTutorialModal[0m } [36mfrom[0m [32m'@/components/shared/TutorialModal'[0m;
  [90m11 |[0m
  [90m12 |[0m [36mconst[0m inter = [33mInter[0m({ subsets: [[32m"latin"[0m] });

Import map: aliased to relative './src/components/auth/AuthInitializer' inside of [project]/Desktop/hyperlocal-frontend


https://nextjs.org/docs/messages/module-not-found


⨯ ./Desktop/hyperlocal-frontend/src/app/layout.tsx:9:1
Module not found: Can't resolve '@/components/auth/AuthInitializer'
  [90m 7 |[0m [36mimport[0m { [33mToaster[0m } [36mfrom[0m [32m"@/components/ui/sonner"[0m;
  [90m 8 |[0m [36mimport[0m [33mErrorDiagnosticsModal[0m [36mfrom[0m [32m"@/components/shared/ErrorDiagnosticsModal"[0m;
[31m[1m>[0m [90m 9 |[0m [36mimport[0m { [33mAuthInitializer[0m } [36mfrom[0m [32m'@/components/auth/AuthInitializer'[0m;
  [90m   |[0m [31m[1m^^^^^^^^^^^^^^^^^^^^^^^^^^^^^^^^^^^^^^^^^^^^^^^^^^^^^^^^^^^^^^^^^^^^[0m
  [90m10 |[0m [36mimport[0m { [33mTutorialModal[0m } [36mfrom[0m [32m'@/components/shared/TutorialModal'[0m;
  [90m11 |[0m
  [90m12 |[0m [36mconst[0m inter = [33mInter[0m({ subsets: [[32m"latin"[0m] });

Import map: aliased to relative './src/components/auth/AuthInitializer' inside of [project]/Desktop/hyperlocal-frontend


https://nextjs.org/docs/messages/module-not-found


⨯ ./Desktop/hyperlocal-frontend/src/app/layout.tsx:9:1
Module not found: Can't resolve '@/components/auth/AuthInitializer'
  [90m 7 |[0m [36mimport[0m { [33mToaster[0m } [36mfrom[0m [32m"@/components/ui/sonner"[0m;
  [90m 8 |[0m [36mimport[0m [33mErrorDiagnosticsModal[0m [36mfrom[0m [32m"@/components/shared/ErrorDiagnosticsModal"[0m;
[31m[1m>[0m [90m 9 |[0m [36mimport[0m { [33mAuthInitializer[0m } [36mfrom[0m [32m'@/components/auth/AuthInitializer'[0m;
  [90m   |[0m [31m[1m^^^^^^^^^^^^^^^^^^^^^^^^^^^^^^^^^^^^^^^^^^^^^^^^^^^^^^^^^^^^^^^^^^^^[0m
  [90m10 |[0m [36mimport[0m { [33mTutorialModal[0m } [36mfrom[0m [32m'@/components/shared/TutorialModal'[0m;
  [90m11 |[0m
  [90m12 |[0m [36mconst[0m inter = [33mInter[0m({ subsets: [[32m"latin"[0m] });

Import map: aliased to relative './src/components/auth/AuthInitializer' inside of [project]/Desktop/hyperlocal-frontend


https://nextjs.org/docs/messages/module-not-found


⨯ ./Desktop/hyperlocal-frontend/src/app/layout.tsx:9:1
Module not found: Can't resolve '@/components/auth/AuthInitializer'
  [90m 7 |[0m [36mimport[0m { [33mToaster[0m } [36mfrom[0m [32m"@/components/ui/sonner"[0m;
  [90m 8 |[0m [36mimport[0m [33mErrorDiagnosticsModal[0m [36mfrom[0m [32m"@/components/shared/ErrorDiagnosticsModal"[0m;
[31m[1m>[0m [90m 9 |[0m [36mimport[0m { [33mAuthInitializer[0m } [36mfrom[0m [32m'@/components/auth/AuthInitializer'[0m;
  [90m   |[0m [31m[1m^^^^^^^^^^^^^^^^^^^^^^^^^^^^^^^^^^^^^^^^^^^^^^^^^^^^^^^^^^^^^^^^^^^^[0m
  [90m10 |[0m [36mimport[0m { [33mTutorialModal[0m } [36mfrom[0m [32m'@/components/shared/TutorialModal'[0m;
  [90m11 |[0m
  [90m12 |[0m [36mconst[0m inter = [33mInter[0m({ subsets: [[32m"latin"[0m] });

Import map: aliased to relative './src/components/auth/AuthInitializer' inside of [project]/Desktop/hyperlocal-frontend


https://nextjs.org/docs/messages/module-not-found


⨯ ./Desktop/hyperlocal-frontend/src/app/layout.tsx:9:1
Module not found: Can't resolve '@/components/auth/AuthInitializer'
  [90m 7 |[0m [36mimport[0m { [33mToaster[0m } [36mfrom[0m [32m"@/components/ui/sonner"[0m;
  [90m 8 |[0m [36mimport[0m [33mErrorDiagnosticsModal[0m [36mfrom[0m [32m"@/components/shared/ErrorDiagnosticsModal"[0m;
[31m[1m>[0m [90m 9 |[0m [36mimport[0m { [33mAuthInitializer[0m } [36mfrom[0m [32m'@/components/auth/AuthInitializer'[0m;
  [90m   |[0m [31m[1m^^^^^^^^^^^^^^^^^^^^^^^^^^^^^^^^^^^^^^^^^^^^^^^^^^^^^^^^^^^^^^^^^^^^[0m
  [90m10 |[0m [36mimport[0m { [33mTutorialModal[0m } [36mfrom[0m [32m'@/components/shared/TutorialModal'[0m;
  [90m11 |[0m
  [90m12 |[0m [36mconst[0m inter = [33mInter[0m({ subsets: [[32m"latin"[0m] });

Import map: aliased to relative './src/components/auth/AuthInitializer' inside of [project]/Desktop/hyperlocal-frontend


https://nextjs.org/docs/messages/module-not-found


⨯ ./Desktop/hyperlocal-frontend/src/app/layout.tsx:9:1
Module not found: Can't resolve '@/components/auth/AuthInitializer'
  [90m 7 |[0m [36mimport[0m { [33mToaster[0m } [36mfrom[0m [32m"@/components/ui/sonner"[0m;
  [90m 8 |[0m [36mimport[0m [33mErrorDiagnosticsModal[0m [36mfrom[0m [32m"@/components/shared/ErrorDiagnosticsModal"[0m;
[31m[1m>[0m [90m 9 |[0m [36mimport[0m { [33mAuthInitializer[0m } [36mfrom[0m [32m'@/components/auth/AuthInitializer'[0m;
  [90m   |[0m [31m[1m^^^^^^^^^^^^^^^^^^^^^^^^^^^^^^^^^^^^^^^^^^^^^^^^^^^^^^^^^^^^^^^^^^^^[0m
  [90m10 |[0m [36mimport[0m { [33mTutorialModal[0m } [36mfrom[0m [32m'@/components/shared/TutorialModal'[0m;
  [90m11 |[0m
  [90m12 |[0m [36mconst[0m inter = [33mInter[0m({ subsets: [[32m"latin"[0m] });

Import map: aliased to relative './src/components/auth/AuthInitializer' inside of [project]/Desktop/hyperlocal-frontend


https://nextjs.org/docs/messages/module-not-found


⨯ ./Desktop/hyperlocal-frontend/src/app/layout.tsx:9:1
Module not found: Can't resolve '@/components/auth/AuthInitializer'
  [90m 7 |[0m [36mimport[0m { [33mToaster[0m } [36mfrom[0m [32m"@/components/ui/sonner"[0m;
  [90m 8 |[0m [36mimport[0m [33mErrorDiagnosticsModal[0m [36mfrom[0m [32m"@/components/shared/ErrorDiagnosticsModal"[0m;
[31m[1m>[0m [90m 9 |[0m [36mimport[0m { [33mAuthInitializer[0m } [36mfrom[0m [32m'@/components/auth/AuthInitializer'[0m;
  [90m   |[0m [31m[1m^^^^^^^^^^^^^^^^^^^^^^^^^^^^^^^^^^^^^^^^^^^^^^^^^^^^^^^^^^^^^^^^^^^^[0m
  [90m10 |[0m [36mimport[0m { [33mTutorialModal[0m } [36mfrom[0m [32m'@/components/shared/TutorialModal'[0m;
  [90m11 |[0m
  [90m12 |[0m [36mconst[0m inter = [33mInter[0m({ subsets: [[32m"latin"[0m] });

Import map: aliased to relative './src/components/auth/AuthInitializer' inside of [project]/Desktop/hyperlocal-frontend


https://nextjs.org/docs/messages/module-not-found


⨯ ./Desktop/hyperlocal-frontend/src/app/layout.tsx:9:1
Module not found: Can't resolve '@/components/auth/AuthInitializer'
  [90m 7 |[0m [36mimport[0m { [33mToaster[0m } [36mfrom[0m [32m"@/components/ui/sonner"[0m;
  [90m 8 |[0m [36mimport[0m [33mErrorDiagnosticsModal[0m [36mfrom[0m [32m"@/components/shared/ErrorDiagnosticsModal"[0m;
[31m[1m>[0m [90m 9 |[0m [36mimport[0m { [33mAuthInitializer[0m } [36mfrom[0m [32m'@/components/auth/AuthInitializer'[0m;
  [90m   |[0m [31m[1m^^^^^^^^^^^^^^^^^^^^^^^^^^^^^^^^^^^^^^^^^^^^^^^^^^^^^^^^^^^^^^^^^^^^[0m
  [90m10 |[0m [36mimport[0m { [33mTutorialModal[0m } [36mfrom[0m [32m'@/components/shared/TutorialModal'[0m;
  [90m11 |[0m
  [90m12 |[0m [36mconst[0m inter = [33mInter[0m({ subsets: [[32m"latin"[0m] });

Import map: aliased to relative './src/components/auth/AuthInitializer' inside of [project]/Desktop/hyperlocal-frontend


https://nextjs.org/docs/messages/module-not-found


⨯ ./Desktop/hyperlocal-frontend/src/app/layout.tsx:9:1
Module not found: Can't resolve '@/components/auth/AuthInitializer'
  [90m 7 |[0m [36mimport[0m { [33mToaster[0m } [36mfrom[0m [32m"@/components/ui/sonner"[0m;
  [90m 8 |[0m [36mimport[0m [33mErrorDiagnosticsModal[0m [36mfrom[0m [32m"@/components/shared/ErrorDiagnosticsModal"[0m;
[31m[1m>[0m [90m 9 |[0m [36mimport[0m { [33mAuthInitializer[0m } [36mfrom[0m [32m'@/components/auth/AuthInitializer'[0m;
  [90m   |[0m [31m[1m^^^^^^^^^^^^^^^^^^^^^^^^^^^^^^^^^^^^^^^^^^^^^^^^^^^^^^^^^^^^^^^^^^^^[0m
  [90m10 |[0m [36mimport[0m { [33mTutorialModal[0m } [36mfrom[0m [32m'@/components/shared/TutorialModal'[0m;
  [90m11 |[0m
  [90m12 |[0m [36mconst[0m inter = [33mInter[0m({ subsets: [[32m"latin"[0m] });

Import map: aliased to relative './src/components/auth/AuthInitializer' inside of [project]/Desktop/hyperlocal-frontend


https://nextjs.org/docs/messages/module-not-found


⨯ ./Desktop/hyperlocal-frontend/src/app/layout.tsx:9:1
Module not found: Can't resolve '@/components/auth/AuthInitializer'
  [90m 7 |[0m [36mimport[0m { [33mToaster[0m } [36mfrom[0m [32m"@/components/ui/sonner"[0m;
  [90m 8 |[0m [36mimport[0m [33mErrorDiagnosticsModal[0m [36mfrom[0m [32m"@/components/shared/ErrorDiagnosticsModal"[0m;
[31m[1m>[0m [90m 9 |[0m [36mimport[0m { [33mAuthInitializer[0m } [36mfrom[0m [32m'@/components/auth/AuthInitializer'[0m;
  [90m   |[0m [31m[1m^^^^^^^^^^^^^^^^^^^^^^^^^^^^^^^^^^^^^^^^^^^^^^^^^^^^^^^^^^^^^^^^^^^^[0m
  [90m10 |[0m [36mimport[0m { [33mTutorialModal[0m } [36mfrom[0m [32m'@/components/shared/TutorialModal'[0m;
  [90m11 |[0m
  [90m12 |[0m [36mconst[0m inter = [33mInter[0m({ subsets: [[32m"latin"[0m] });

Import map: aliased to relative './src/components/auth/AuthInitializer' inside of [project]/Desktop/hyperlocal-frontend


https://nextjs.org/docs/messages/module-not-found


[browser] Uncaught Error: ./Desktop/hyperlocal-frontend/src/app/layout.tsx:9:1
Module not found: Can't resolve '@/components/auth/AuthInitializer'
   7 | import { Toaster } from "@/components/ui/sonner";
   8 | import ErrorDiagnosticsModal from "@/components/shared/ErrorDiagnosticsModal";
>  9 | import { AuthInitializer } from '@/components/auth/AuthInitializer';
     | ^^^^^^^^^^^^^^^^^^^^^^^^^^^^^^^^^^^^^^^^^^^^^^^^^^^^^^^^^^^^^^^^^^^^
  10 | import { TutorialModal } from '@/components/shared/TutorialModal';
  11 |
  12 | const inter = Inter({ subsets: ["latin"] });

Import map: aliased to relative './src/components/auth/AuthInitializer' inside of [project]/Desktop/hyperlocal-frontend


https://nextjs.org/docs/messages/module-not-found


    at <unknown> (Error: ./Desktop/hyperlocal-frontend/src/app/layout.tsx:9:1)
    at <unknown> (https://nextjs.org/docs/messages/module-not-found)
    at <unknown> (Error: (./Desktop/hyperlocal-frontend/src/app/layout.tsx:9:1)
    at <unknown> (https://nextjs.org/docs/messages/module-not-found)
[browser] Uncaught Error: ./Desktop/hyperlocal-frontend/src/app/layout.tsx:9:1
Module not found: Can't resolve '@/components/auth/AuthInitializer'
   7 | import { Toaster } from "@/components/ui/sonner";
   8 | import ErrorDiagnosticsModal from "@/components/shared/ErrorDiagnosticsModal";
>  9 | import { AuthInitializer } from '@/components/auth/AuthInitializer';
     | ^^^^^^^^^^^^^^^^^^^^^^^^^^^^^^^^^^^^^^^^^^^^^^^^^^^^^^^^^^^^^^^^^^^^
  10 | import { TutorialModal } from '@/components/shared/TutorialModal';
  11 |
  12 | const inter = Inter({ subsets: ["latin"] });

Import map: aliased to relative './src/components/auth/AuthInitializer' inside of [project]/Desktop/hyperlocal-frontend


https://nextjs.org/docs/messages/module-not-found


    at <unknown> (Error: ./Desktop/hyperlocal-frontend/src/app/layout.tsx:9:1)
    at <unknown> (https://nextjs.org/docs/messages/module-not-found)
    at <unknown> (Error: (./Desktop/hyperlocal-frontend/src/app/layout.tsx:9:1)
    at <unknown> (https://nextjs.org/docs/messages/module-not-found)
⨯ ./Desktop/hyperlocal-frontend/src/app/layout.tsx:9:1
Module not found: Can't resolve '@/components/auth/AuthInitializer'
  [90m 7 |[0m [36mimport[0m { [33mToaster[0m } [36mfrom[0m [32m"@/components/ui/sonner"[0m;
  [90m 8 |[0m [36mimport[0m [33mErrorDiagnosticsModal[0m [36mfrom[0m [32m"@/components/shared/ErrorDiagnosticsModal"[0m;
[31m[1m>[0m [90m 9 |[0m [36mimport[0m { [33mAuthInitializer[0m } [36mfrom[0m [32m'@/components/auth/AuthInitializer'[0m;
  [90m   |[0m [31m[1m^^^^^^^^^^^^^^^^^^^^^^^^^^^^^^^^^^^^^^^^^^^^^^^^^^^^^^^^^^^^^^^^^^^^[0m
  [90m10 |[0m [36mimport[0m { [33mTutorialModal[0m } [36mfrom[0m [32m'@/components/shared/TutorialModal'[0m;
  [90m11 |[0m
  [90m12 |[0m [36mconst[0m inter = [33mInter[0m({ subsets: [[32m"latin"[0m] });

Import map: aliased to relative './src/components/auth/AuthInitializer' inside of [project]/Desktop/hyperlocal-frontend


https://nextjs.org/docs/messages/module-not-found


⨯ ./Desktop/hyperlocal-frontend/src/app/layout.tsx:9:1
Module not found: Can't resolve '@/components/auth/AuthInitializer'
  [90m 7 |[0m [36mimport[0m { [33mToaster[0m } [36mfrom[0m [32m"@/components/ui/sonner"[0m;
  [90m 8 |[0m [36mimport[0m [33mErrorDiagnosticsModal[0m [36mfrom[0m [32m"@/components/shared/ErrorDiagnosticsModal"[0m;
[31m[1m>[0m [90m 9 |[0m [36mimport[0m { [33mAuthInitializer[0m } [36mfrom[0m [32m'@/components/auth/AuthInitializer'[0m;
  [90m   |[0m [31m[1m^^^^^^^^^^^^^^^^^^^^^^^^^^^^^^^^^^^^^^^^^^^^^^^^^^^^^^^^^^^^^^^^^^^^[0m
  [90m10 |[0m [36mimport[0m { [33mTutorialModal[0m } [36mfrom[0m [32m'@/components/shared/TutorialModal'[0m;
  [90m11 |[0m
  [90m12 |[0m [36mconst[0m inter = [33mInter[0m({ subsets: [[32m"latin"[0m] });

Import map: aliased to relative './src/components/auth/AuthInitializer' inside of [project]/Desktop/hyperlocal-frontend


https://nextjs.org/docs/messages/module-not-found


[browser] Uncaught Error: ./Desktop/hyperlocal-frontend/src/app/layout.tsx:9:1
Module not found: Can't resolve '@/components/auth/AuthInitializer'
   7 | import { Toaster } from "@/components/ui/sonner";
   8 | import ErrorDiagnosticsModal from "@/components/shared/ErrorDiagnosticsModal";
>  9 | import { AuthInitializer } from '@/components/auth/AuthInitializer';
     | ^^^^^^^^^^^^^^^^^^^^^^^^^^^^^^^^^^^^^^^^^^^^^^^^^^^^^^^^^^^^^^^^^^^^
  10 | import { TutorialModal } from '@/components/shared/TutorialModal';
  11 |
  12 | const inter = Inter({ subsets: ["latin"] });

Import map: aliased to relative './src/components/auth/AuthInitializer' inside of [project]/Desktop/hyperlocal-frontend


https://nextjs.org/docs/messages/module-not-found


    at <unknown> (Error: ./Desktop/hyperlocal-frontend/src/app/layout.tsx:9:1)
    at <unknown> (https://nextjs.org/docs/messages/module-not-found)
    at <unknown> (Error: (./Desktop/hyperlocal-frontend/src/app/layout.tsx:9:1)
    at <unknown> (https://nextjs.org/docs/messages/module-not-found)
[browser] Uncaught Error: ./Desktop/hyperlocal-frontend/src/app/layout.tsx:9:1
Module not found: Can't resolve '@/components/auth/AuthInitializer'
   7 | import { Toaster } from "@/components/ui/sonner";
   8 | import ErrorDiagnosticsModal from "@/components/shared/ErrorDiagnosticsModal";
>  9 | import { AuthInitializer } from '@/components/auth/AuthInitializer';
     | ^^^^^^^^^^^^^^^^^^^^^^^^^^^^^^^^^^^^^^^^^^^^^^^^^^^^^^^^^^^^^^^^^^^^
  10 | import { TutorialModal } from '@/components/shared/TutorialModal';
  11 |
  12 | const inter = Inter({ subsets: ["latin"] });

Import map: aliased to relative './src/components/auth/AuthInitializer' inside of [project]/Desktop/hyperlocal-frontend


https://nextjs.org/docs/messages/module-not-found


    at <unknown> (Error: ./Desktop/hyperlocal-frontend/src/app/layout.tsx:9:1)
    at <unknown> (https://nextjs.org/docs/messages/module-not-found)
    at <unknown> (Error: (./Desktop/hyperlocal-frontend/src/app/layout.tsx:9:1)
    at <unknown> (https://nextjs.org/docs/messages/module-not-found)
⨯ ./Desktop/hyperlocal-frontend/src/app/layout.tsx:9:1
Module not found: Can't resolve '@/components/auth/AuthInitializer'
  [90m 7 |[0m [36mimport[0m { [33mToaster[0m } [36mfrom[0m [32m"@/components/ui/sonner"[0m;
  [90m 8 |[0m [36mimport[0m [33mErrorDiagnosticsModal[0m [36mfrom[0m [32m"@/components/shared/ErrorDiagnosticsModal"[0m;
[31m[1m>[0m [90m 9 |[0m [36mimport[0m { [33mAuthInitializer[0m } [36mfrom[0m [32m'@/components/auth/AuthInitializer'[0m;
  [90m   |[0m [31m[1m^^^^^^^^^^^^^^^^^^^^^^^^^^^^^^^^^^^^^^^^^^^^^^^^^^^^^^^^^^^^^^^^^^^^[0m
  [90m10 |[0m [36mimport[0m { [33mTutorialModal[0m } [36mfrom[0m [32m'@/components/shared/TutorialModal'[0m;
  [90m11 |[0m
  [90m12 |[0m [36mconst[0m inter = [33mInter[0m({ subsets: [[32m"latin"[0m] });

Import map: aliased to relative './src/components/auth/AuthInitializer' inside of [project]/Desktop/hyperlocal-frontend


https://nextjs.org/docs/messages/module-not-found


⨯ ./Desktop/hyperlocal-frontend/src/app/layout.tsx:9:1
Module not found: Can't resolve '@/components/auth/AuthInitializer'
  [90m 7 |[0m [36mimport[0m { [33mToaster[0m } [36mfrom[0m [32m"@/components/ui/sonner"[0m;
  [90m 8 |[0m [36mimport[0m [33mErrorDiagnosticsModal[0m [36mfrom[0m [32m"@/components/shared/ErrorDiagnosticsModal"[0m;
[31m[1m>[0m [90m 9 |[0m [36mimport[0m { [33mAuthInitializer[0m } [36mfrom[0m [32m'@/components/auth/AuthInitializer'[0m;
  [90m   |[0m [31m[1m^^^^^^^^^^^^^^^^^^^^^^^^^^^^^^^^^^^^^^^^^^^^^^^^^^^^^^^^^^^^^^^^^^^^[0m
  [90m10 |[0m [36mimport[0m { [33mTutorialModal[0m } [36mfrom[0m [32m'@/components/shared/TutorialModal'[0m;
  [90m11 |[0m
  [90m12 |[0m [36mconst[0m inter = [33mInter[0m({ subsets: [[32m"latin"[0m] });

Import map: aliased to relative './src/components/auth/AuthInitializer' inside of [project]/Desktop/hyperlocal-frontend


https://nextjs.org/docs/messages/module-not-found


⨯ ./Desktop/hyperlocal-frontend/src/app/layout.tsx:9:1
Module not found: Can't resolve '@/components/auth/AuthInitializer'
  [90m 7 |[0m [36mimport[0m { [33mToaster[0m } [36mfrom[0m [32m"@/components/ui/sonner"[0m;
  [90m 8 |[0m [36mimport[0m [33mErrorDiagnosticsModal[0m [36mfrom[0m [32m"@/components/shared/ErrorDiagnosticsModal"[0m;
[31m[1m>[0m [90m 9 |[0m [36mimport[0m { [33mAuthInitializer[0m } [36mfrom[0m [32m'@/components/auth/AuthInitializer'[0m;
  [90m   |[0m [31m[1m^^^^^^^^^^^^^^^^^^^^^^^^^^^^^^^^^^^^^^^^^^^^^^^^^^^^^^^^^^^^^^^^^^^^[0m
  [90m10 |[0m [36mimport[0m { [33mTutorialModal[0m } [36mfrom[0m [32m'@/components/shared/TutorialModal'[0m;
  [90m11 |[0m
  [90m12 |[0m [36mconst[0m inter = [33mInter[0m({ subsets: [[32m"latin"[0m] });

Import map: aliased to relative './src/components/auth/AuthInitializer' inside of [project]/Desktop/hyperlocal-frontend


https://nextjs.org/docs/messages/module-not-found


⨯ ./Desktop/hyperlocal-frontend/src/app/layout.tsx:9:1
Module not found: Can't resolve '@/components/auth/AuthInitializer'
  [90m 7 |[0m [36mimport[0m { [33mToaster[0m } [36mfrom[0m [32m"@/components/ui/sonner"[0m;
  [90m 8 |[0m [36mimport[0m [33mErrorDiagnosticsModal[0m [36mfrom[0m [32m"@/components/shared/ErrorDiagnosticsModal"[0m;
[31m[1m>[0m [90m 9 |[0m [36mimport[0m { [33mAuthInitializer[0m } [36mfrom[0m [32m'@/components/auth/AuthInitializer'[0m;
  [90m   |[0m [31m[1m^^^^^^^^^^^^^^^^^^^^^^^^^^^^^^^^^^^^^^^^^^^^^^^^^^^^^^^^^^^^^^^^^^^^[0m
  [90m10 |[0m [36mimport[0m { [33mTutorialModal[0m } [36mfrom[0m [32m'@/components/shared/TutorialModal'[0m;
  [90m11 |[0m
  [90m12 |[0m [36mconst[0m inter = [33mInter[0m({ subsets: [[32m"latin"[0m] });

Import map: aliased to relative './src/components/auth/AuthInitializer' inside of [project]/Desktop/hyperlocal-frontend


https://nextjs.org/docs/messages/module-not-found


⨯ ./Desktop/hyperlocal-frontend/src/app/layout.tsx:9:1
Module not found: Can't resolve '@/components/auth/AuthInitializer'
  [90m 7 |[0m [36mimport[0m { [33mToaster[0m } [36mfrom[0m [32m"@/components/ui/sonner"[0m;
  [90m 8 |[0m [36mimport[0m [33mErrorDiagnosticsModal[0m [36mfrom[0m [32m"@/components/shared/ErrorDiagnosticsModal"[0m;
[31m[1m>[0m [90m 9 |[0m [36mimport[0m { [33mAuthInitializer[0m } [36mfrom[0m [32m'@/components/auth/AuthInitializer'[0m;
  [90m   |[0m [31m[1m^^^^^^^^^^^^^^^^^^^^^^^^^^^^^^^^^^^^^^^^^^^^^^^^^^^^^^^^^^^^^^^^^^^^[0m
  [90m10 |[0m [36mimport[0m { [33mTutorialModal[0m } [36mfrom[0m [32m'@/components/shared/TutorialModal'[0m;
  [90m11 |[0m
  [90m12 |[0m [36mconst[0m inter = [33mInter[0m({ subsets: [[32m"latin"[0m] });

Import map: aliased to relative './src/components/auth/AuthInitializer' inside of [project]/Desktop/hyperlocal-frontend


https://nextjs.org/docs/messages/module-not-found


⨯ ./Desktop/hyperlocal-frontend/src/app/layout.tsx:9:1
Module not found: Can't resolve '@/components/auth/AuthInitializer'
  [90m 7 |[0m [36mimport[0m { [33mToaster[0m } [36mfrom[0m [32m"@/components/ui/sonner"[0m;
  [90m 8 |[0m [36mimport[0m [33mErrorDiagnosticsModal[0m [36mfrom[0m [32m"@/components/shared/ErrorDiagnosticsModal"[0m;
[31m[1m>[0m [90m 9 |[0m [36mimport[0m { [33mAuthInitializer[0m } [36mfrom[0m [32m'@/components/auth/AuthInitializer'[0m;
  [90m   |[0m [31m[1m^^^^^^^^^^^^^^^^^^^^^^^^^^^^^^^^^^^^^^^^^^^^^^^^^^^^^^^^^^^^^^^^^^^^[0m
  [90m10 |[0m [36mimport[0m { [33mTutorialModal[0m } [36mfrom[0m [32m'@/components/shared/TutorialModal'[0m;
  [90m11 |[0m
  [90m12 |[0m [36mconst[0m inter = [33mInter[0m({ subsets: [[32m"latin"[0m] });

Import map: aliased to relative './src/components/auth/AuthInitializer' inside of [project]/Desktop/hyperlocal-frontend


https://nextjs.org/docs/messages/module-not-found


⨯ ./Desktop/hyperlocal-frontend/src/app/layout.tsx:9:1
Module not found: Can't resolve '@/components/auth/AuthInitializer'
  [90m 7 |[0m [36mimport[0m { [33mToaster[0m } [36mfrom[0m [32m"@/components/ui/sonner"[0m;
  [90m 8 |[0m [36mimport[0m [33mErrorDiagnosticsModal[0m [36mfrom[0m [32m"@/components/shared/ErrorDiagnosticsModal"[0m;
[31m[1m>[0m [90m 9 |[0m [36mimport[0m { [33mAuthInitializer[0m } [36mfrom[0m [32m'@/components/auth/AuthInitializer'[0m;
  [90m   |[0m [31m[1m^^^^^^^^^^^^^^^^^^^^^^^^^^^^^^^^^^^^^^^^^^^^^^^^^^^^^^^^^^^^^^^^^^^^[0m
  [90m10 |[0m [36mimport[0m { [33mTutorialModal[0m } [36mfrom[0m [32m'@/components/shared/TutorialModal'[0m;
  [90m11 |[0m
  [90m12 |[0m [36mconst[0m inter = [33mInter[0m({ subsets: [[32m"latin"[0m] });

Import map: aliased to relative './src/components/auth/AuthInitializer' inside of [project]/Desktop/hyperlocal-frontend


https://nextjs.org/docs/messages/module-not-found


⨯ ./Desktop/hyperlocal-frontend/src/app/layout.tsx:9:1
Module not found: Can't resolve '@/components/auth/AuthInitializer'
  [90m 7 |[0m [36mimport[0m { [33mToaster[0m } [36mfrom[0m [32m"@/components/ui/sonner"[0m;
  [90m 8 |[0m [36mimport[0m [33mErrorDiagnosticsModal[0m [36mfrom[0m [32m"@/components/shared/ErrorDiagnosticsModal"[0m;
[31m[1m>[0m [90m 9 |[0m [36mimport[0m { [33mAuthInitializer[0m } [36mfrom[0m [32m'@/components/auth/AuthInitializer'[0m;
  [90m   |[0m [31m[1m^^^^^^^^^^^^^^^^^^^^^^^^^^^^^^^^^^^^^^^^^^^^^^^^^^^^^^^^^^^^^^^^^^^^[0m
  [90m10 |[0m [36mimport[0m { [33mTutorialModal[0m } [36mfrom[0m [32m'@/components/shared/TutorialModal'[0m;
  [90m11 |[0m
  [90m12 |[0m [36mconst[0m inter = [33mInter[0m({ subsets: [[32m"latin"[0m] });

Import map: aliased to relative './src/components/auth/AuthInitializer' inside of [project]/Desktop/hyperlocal-frontend


https://nextjs.org/docs/messages/module-not-found


⨯ ./Desktop/hyperlocal-frontend/src/app/layout.tsx:9:1
Module not found: Can't resolve '@/components/auth/AuthInitializer'
  [90m 7 |[0m [36mimport[0m { [33mToaster[0m } [36mfrom[0m [32m"@/components/ui/sonner"[0m;
  [90m 8 |[0m [36mimport[0m [33mErrorDiagnosticsModal[0m [36mfrom[0m [32m"@/components/shared/ErrorDiagnosticsModal"[0m;
[31m[1m>[0m [90m 9 |[0m [36mimport[0m { [33mAuthInitializer[0m } [36mfrom[0m [32m'@/components/auth/AuthInitializer'[0m;
  [90m   |[0m [31m[1m^^^^^^^^^^^^^^^^^^^^^^^^^^^^^^^^^^^^^^^^^^^^^^^^^^^^^^^^^^^^^^^^^^^^[0m
  [90m10 |[0m [36mimport[0m { [33mTutorialModal[0m } [36mfrom[0m [32m'@/components/shared/TutorialModal'[0m;
  [90m11 |[0m
  [90m12 |[0m [36mconst[0m inter = [33mInter[0m({ subsets: [[32m"latin"[0m] });

Import map: aliased to relative './src/components/auth/AuthInitializer' inside of [project]/Desktop/hyperlocal-frontend


https://nextjs.org/docs/messages/module-not-found


⨯ ./Desktop/hyperlocal-frontend/src/app/layout.tsx:9:1
Module not found: Can't resolve '@/components/auth/AuthInitializer'
  [90m 7 |[0m [36mimport[0m { [33mToaster[0m } [36mfrom[0m [32m"@/components/ui/sonner"[0m;
  [90m 8 |[0m [36mimport[0m [33mErrorDiagnosticsModal[0m [36mfrom[0m [32m"@/components/shared/ErrorDiagnosticsModal"[0m;
[31m[1m>[0m [90m 9 |[0m [36mimport[0m { [33mAuthInitializer[0m } [36mfrom[0m [32m'@/components/auth/AuthInitializer'[0m;
  [90m   |[0m [31m[1m^^^^^^^^^^^^^^^^^^^^^^^^^^^^^^^^^^^^^^^^^^^^^^^^^^^^^^^^^^^^^^^^^^^^[0m
  [90m10 |[0m [36mimport[0m { [33mTutorialModal[0m } [36mfrom[0m [32m'@/components/shared/TutorialModal'[0m;
  [90m11 |[0m
  [90m12 |[0m [36mconst[0m inter = [33mInter[0m({ subsets: [[32m"latin"[0m] });

Import map: aliased to relative './src/components/auth/AuthInitializer' inside of [project]/Desktop/hyperlocal-frontend


https://nextjs.org/docs/messages/module-not-found


⨯ ./Desktop/hyperlocal-frontend/src/app/layout.tsx:9:1
Module not found: Can't resolve '@/components/auth/AuthInitializer'
  [90m 7 |[0m [36mimport[0m { [33mToaster[0m } [36mfrom[0m [32m"@/components/ui/sonner"[0m;
  [90m 8 |[0m [36mimport[0m [33mErrorDiagnosticsModal[0m [36mfrom[0m [32m"@/components/shared/ErrorDiagnosticsModal"[0m;
[31m[1m>[0m [90m 9 |[0m [36mimport[0m { [33mAuthInitializer[0m } [36mfrom[0m [32m'@/components/auth/AuthInitializer'[0m;
  [90m   |[0m [31m[1m^^^^^^^^^^^^^^^^^^^^^^^^^^^^^^^^^^^^^^^^^^^^^^^^^^^^^^^^^^^^^^^^^^^^[0m
  [90m10 |[0m [36mimport[0m { [33mTutorialModal[0m } [36mfrom[0m [32m'@/components/shared/TutorialModal'[0m;
  [90m11 |[0m
  [90m12 |[0m [36mconst[0m inter = [33mInter[0m({ subsets: [[32m"latin"[0m] });

Import map: aliased to relative './src/components/auth/AuthInitializer' inside of [project]/Desktop/hyperlocal-frontend


https://nextjs.org/docs/messages/module-not-found


⨯ ./Desktop/hyperlocal-frontend/src/app/layout.tsx:9:1
Module not found: Can't resolve '@/components/auth/AuthInitializer'
  [90m 7 |[0m [36mimport[0m { [33mToaster[0m } [36mfrom[0m [32m"@/components/ui/sonner"[0m;
  [90m 8 |[0m [36mimport[0m [33mErrorDiagnosticsModal[0m [36mfrom[0m [32m"@/components/shared/ErrorDiagnosticsModal"[0m;
[31m[1m>[0m [90m 9 |[0m [36mimport[0m { [33mAuthInitializer[0m } [36mfrom[0m [32m'@/components/auth/AuthInitializer'[0m;
  [90m   |[0m [31m[1m^^^^^^^^^^^^^^^^^^^^^^^^^^^^^^^^^^^^^^^^^^^^^^^^^^^^^^^^^^^^^^^^^^^^[0m
  [90m10 |[0m [36mimport[0m { [33mTutorialModal[0m } [36mfrom[0m [32m'@/components/shared/TutorialModal'[0m;
  [90m11 |[0m
  [90m12 |[0m [36mconst[0m inter = [33mInter[0m({ subsets: [[32m"latin"[0m] });

Import map: aliased to relative './src/components/auth/AuthInitializer' inside of [project]/Desktop/hyperlocal-frontend


https://nextjs.org/docs/messages/module-not-found


⨯ ./Desktop/hyperlocal-frontend/src/app/layout.tsx:9:1
Module not found: Can't resolve '@/components/auth/AuthInitializer'
  [90m 7 |[0m [36mimport[0m { [33mToaster[0m } [36mfrom[0m [32m"@/components/ui/sonner"[0m;
  [90m 8 |[0m [36mimport[0m [33mErrorDiagnosticsModal[0m [36mfrom[0m [32m"@/components/shared/ErrorDiagnosticsModal"[0m;
[31m[1m>[0m [90m 9 |[0m [36mimport[0m { [33mAuthInitializer[0m } [36mfrom[0m [32m'@/components/auth/AuthInitializer'[0m;
  [90m   |[0m [31m[1m^^^^^^^^^^^^^^^^^^^^^^^^^^^^^^^^^^^^^^^^^^^^^^^^^^^^^^^^^^^^^^^^^^^^[0m
  [90m10 |[0m [36mimport[0m { [33mTutorialModal[0m } [36mfrom[0m [32m'@/components/shared/TutorialModal'[0m;
  [90m11 |[0m
  [90m12 |[0m [36mconst[0m inter = [33mInter[0m({ subsets: [[32m"latin"[0m] });

Import map: aliased to relative './src/components/auth/AuthInitializer' inside of [project]/Desktop/hyperlocal-frontend


https://nextjs.org/docs/messages/module-not-found


⨯ ./Desktop/hyperlocal-frontend/src/app/layout.tsx:9:1
Module not found: Can't resolve '@/components/auth/AuthInitializer'
  [90m 7 |[0m [36mimport[0m { [33mToaster[0m } [36mfrom[0m [32m"@/components/ui/sonner"[0m;
  [90m 8 |[0m [36mimport[0m [33mErrorDiagnosticsModal[0m [36mfrom[0m [32m"@/components/shared/ErrorDiagnosticsModal"[0m;
[31m[1m>[0m [90m 9 |[0m [36mimport[0m { [33mAuthInitializer[0m } [36mfrom[0m [32m'@/components/auth/AuthInitializer'[0m;
  [90m   |[0m [31m[1m^^^^^^^^^^^^^^^^^^^^^^^^^^^^^^^^^^^^^^^^^^^^^^^^^^^^^^^^^^^^^^^^^^^^[0m
  [90m10 |[0m [36mimport[0m { [33mTutorialModal[0m } [36mfrom[0m [32m'@/components/shared/TutorialModal'[0m;
  [90m11 |[0m
  [90m12 |[0m [36mconst[0m inter = [33mInter[0m({ subsets: [[32m"latin"[0m] });

Import map: aliased to relative './src/components/auth/AuthInitializer' inside of [project]/Desktop/hyperlocal-frontend


https://nextjs.org/docs/messages/module-not-found


⨯ ./Desktop/hyperlocal-frontend/src/app/layout.tsx:9:1
Module not found: Can't resolve '@/components/auth/AuthInitializer'
  [90m 7 |[0m [36mimport[0m { [33mToaster[0m } [36mfrom[0m [32m"@/components/ui/sonner"[0m;
  [90m 8 |[0m [36mimport[0m [33mErrorDiagnosticsModal[0m [36mfrom[0m [32m"@/components/shared/ErrorDiagnosticsModal"[0m;
[31m[1m>[0m [90m 9 |[0m [36mimport[0m { [33mAuthInitializer[0m } [36mfrom[0m [32m'@/components/auth/AuthInitializer'[0m;
  [90m   |[0m [31m[1m^^^^^^^^^^^^^^^^^^^^^^^^^^^^^^^^^^^^^^^^^^^^^^^^^^^^^^^^^^^^^^^^^^^^[0m
  [90m10 |[0m [36mimport[0m { [33mTutorialModal[0m } [36mfrom[0m [32m'@/components/shared/TutorialModal'[0m;
  [90m11 |[0m
  [90m12 |[0m [36mconst[0m inter = [33mInter[0m({ subsets: [[32m"latin"[0m] });

Import map: aliased to relative './src/components/auth/AuthInitializer' inside of [project]/Desktop/hyperlocal-frontend


https://nextjs.org/docs/messages/module-not-found


⨯ ./Desktop/hyperlocal-frontend/src/app/layout.tsx:9:1
Module not found: Can't resolve '@/components/auth/AuthInitializer'
  [90m 7 |[0m [36mimport[0m { [33mToaster[0m } [36mfrom[0m [32m"@/components/ui/sonner"[0m;
  [90m 8 |[0m [36mimport[0m [33mErrorDiagnosticsModal[0m [36mfrom[0m [32m"@/components/shared/ErrorDiagnosticsModal"[0m;
[31m[1m>[0m [90m 9 |[0m [36mimport[0m { [33mAuthInitializer[0m } [36mfrom[0m [32m'@/components/auth/AuthInitializer'[0m;
  [90m   |[0m [31m[1m^^^^^^^^^^^^^^^^^^^^^^^^^^^^^^^^^^^^^^^^^^^^^^^^^^^^^^^^^^^^^^^^^^^^[0m
  [90m10 |[0m [36mimport[0m { [33mTutorialModal[0m } [36mfrom[0m [32m'@/components/shared/TutorialModal'[0m;
  [90m11 |[0m
  [90m12 |[0m [36mconst[0m inter = [33mInter[0m({ subsets: [[32m"latin"[0m] });

Import map: aliased to relative './src/components/auth/AuthInitializer' inside of [project]/Desktop/hyperlocal-frontend


https://nextjs.org/docs/messages/module-not-found


⨯ ./Desktop/hyperlocal-frontend/src/app/layout.tsx:9:1
Module not found: Can't resolve '@/components/auth/AuthInitializer'
  [90m 7 |[0m [36mimport[0m { [33mToaster[0m } [36mfrom[0m [32m"@/components/ui/sonner"[0m;
  [90m 8 |[0m [36mimport[0m [33mErrorDiagnosticsModal[0m [36mfrom[0m [32m"@/components/shared/ErrorDiagnosticsModal"[0m;
[31m[1m>[0m [90m 9 |[0m [36mimport[0m { [33mAuthInitializer[0m } [36mfrom[0m [32m'@/components/auth/AuthInitializer'[0m;
  [90m   |[0m [31m[1m^^^^^^^^^^^^^^^^^^^^^^^^^^^^^^^^^^^^^^^^^^^^^^^^^^^^^^^^^^^^^^^^^^^^[0m
  [90m10 |[0m [36mimport[0m { [33mTutorialModal[0m } [36mfrom[0m [32m'@/components/shared/TutorialModal'[0m;
  [90m11 |[0m
  [90m12 |[0m [36mconst[0m inter = [33mInter[0m({ subsets: [[32m"latin"[0m] });

Import map: aliased to relative './src/components/auth/AuthInitializer' inside of [project]/Desktop/hyperlocal-frontend


https://nextjs.org/docs/messages/module-not-found


⨯ ./Desktop/hyperlocal-frontend/src/app/layout.tsx:9:1
Module not found: Can't resolve '@/components/auth/AuthInitializer'
  [90m 7 |[0m [36mimport[0m { [33mToaster[0m } [36mfrom[0m [32m"@/components/ui/sonner"[0m;
  [90m 8 |[0m [36mimport[0m [33mErrorDiagnosticsModal[0m [36mfrom[0m [32m"@/components/shared/ErrorDiagnosticsModal"[0m;
[31m[1m>[0m [90m 9 |[0m [36mimport[0m { [33mAuthInitializer[0m } [36mfrom[0m [32m'@/components/auth/AuthInitializer'[0m;
  [90m   |[0m [31m[1m^^^^^^^^^^^^^^^^^^^^^^^^^^^^^^^^^^^^^^^^^^^^^^^^^^^^^^^^^^^^^^^^^^^^[0m
  [90m10 |[0m [36mimport[0m { [33mTutorialModal[0m } [36mfrom[0m [32m'@/components/shared/TutorialModal'[0m;
  [90m11 |[0m
  [90m12 |[0m [36mconst[0m inter = [33mInter[0m({ subsets: [[32m"latin"[0m] });

Import map: aliased to relative './src/components/auth/AuthInitializer' inside of [project]/Desktop/hyperlocal-frontend


https://nextjs.org/docs/messages/module-not-found


⨯ ./Desktop/hyperlocal-frontend/src/app/layout.tsx:9:1
Module not found: Can't resolve '@/components/auth/AuthInitializer'
  [90m 7 |[0m [36mimport[0m { [33mToaster[0m } [36mfrom[0m [32m"@/components/ui/sonner"[0m;
  [90m 8 |[0m [36mimport[0m [33mErrorDiagnosticsModal[0m [36mfrom[0m [32m"@/components/shared/ErrorDiagnosticsModal"[0m;
[31m[1m>[0m [90m 9 |[0m [36mimport[0m { [33mAuthInitializer[0m } [36mfrom[0m [32m'@/components/auth/AuthInitializer'[0m;
  [90m   |[0m [31m[1m^^^^^^^^^^^^^^^^^^^^^^^^^^^^^^^^^^^^^^^^^^^^^^^^^^^^^^^^^^^^^^^^^^^^[0m
  [90m10 |[0m [36mimport[0m { [33mTutorialModal[0m } [36mfrom[0m [32m'@/components/shared/TutorialModal'[0m;
  [90m11 |[0m
  [90m12 |[0m [36mconst[0m inter = [33mInter[0m({ subsets: [[32m"latin"[0m] });

Import map: aliased to relative './src/components/auth/AuthInitializer' inside of [project]/Desktop/hyperlocal-frontend


https://nextjs.org/docs/messages/module-not-found


⨯ ./Desktop/hyperlocal-frontend/src/app/layout.tsx:9:1
Module not found: Can't resolve '@/components/auth/AuthInitializer'
  [90m 7 |[0m [36mimport[0m { [33mToaster[0m } [36mfrom[0m [32m"@/components/ui/sonner"[0m;
  [90m 8 |[0m [36mimport[0m [33mErrorDiagnosticsModal[0m [36mfrom[0m [32m"@/components/shared/ErrorDiagnosticsModal"[0m;
[31m[1m>[0m [90m 9 |[0m [36mimport[0m { [33mAuthInitializer[0m } [36mfrom[0m [32m'@/components/auth/AuthInitializer'[0m;
  [90m   |[0m [31m[1m^^^^^^^^^^^^^^^^^^^^^^^^^^^^^^^^^^^^^^^^^^^^^^^^^^^^^^^^^^^^^^^^^^^^[0m
  [90m10 |[0m [36mimport[0m { [33mTutorialModal[0m } [36mfrom[0m [32m'@/components/shared/TutorialModal'[0m;
  [90m11 |[0m
  [90m12 |[0m [36mconst[0m inter = [33mInter[0m({ subsets: [[32m"latin"[0m] });

Import map: aliased to relative './src/components/auth/AuthInitializer' inside of [project]/Desktop/hyperlocal-frontend


https://nextjs.org/docs/messages/module-not-found


⨯ ./Desktop/hyperlocal-frontend/src/app/layout.tsx:9:1
Module not found: Can't resolve '@/components/auth/AuthInitializer'
  [90m 7 |[0m [36mimport[0m { [33mToaster[0m } [36mfrom[0m [32m"@/components/ui/sonner"[0m;
  [90m 8 |[0m [36mimport[0m [33mErrorDiagnosticsModal[0m [36mfrom[0m [32m"@/components/shared/ErrorDiagnosticsModal"[0m;
[31m[1m>[0m [90m 9 |[0m [36mimport[0m { [33mAuthInitializer[0m } [36mfrom[0m [32m'@/components/auth/AuthInitializer'[0m;
  [90m   |[0m [31m[1m^^^^^^^^^^^^^^^^^^^^^^^^^^^^^^^^^^^^^^^^^^^^^^^^^^^^^^^^^^^^^^^^^^^^[0m
  [90m10 |[0m [36mimport[0m { [33mTutorialModal[0m } [36mfrom[0m [32m'@/components/shared/TutorialModal'[0m;
  [90m11 |[0m
  [90m12 |[0m [36mconst[0m inter = [33mInter[0m({ subsets: [[32m"latin"[0m] });

Import map: aliased to relative './src/components/auth/AuthInitializer' inside of [project]/Desktop/hyperlocal-frontend


https://nextjs.org/docs/messages/module-not-found


⨯ ./Desktop/hyperlocal-frontend/src/app/layout.tsx:9:1
Module not found: Can't resolve '@/components/auth/AuthInitializer'
  [90m 7 |[0m [36mimport[0m { [33mToaster[0m } [36mfrom[0m [32m"@/components/ui/sonner"[0m;
  [90m 8 |[0m [36mimport[0m [33mErrorDiagnosticsModal[0m [36mfrom[0m [32m"@/components/shared/ErrorDiagnosticsModal"[0m;
[31m[1m>[0m [90m 9 |[0m [36mimport[0m { [33mAuthInitializer[0m } [36mfrom[0m [32m'@/components/auth/AuthInitializer'[0m;
  [90m   |[0m [31m[1m^^^^^^^^^^^^^^^^^^^^^^^^^^^^^^^^^^^^^^^^^^^^^^^^^^^^^^^^^^^^^^^^^^^^[0m
  [90m10 |[0m [36mimport[0m { [33mTutorialModal[0m } [36mfrom[0m [32m'@/components/shared/TutorialModal'[0m;
  [90m11 |[0m
  [90m12 |[0m [36mconst[0m inter = [33mInter[0m({ subsets: [[32m"latin"[0m] });

Import map: aliased to relative './src/components/auth/AuthInitializer' inside of [project]/Desktop/hyperlocal-frontend


https://nextjs.org/docs/messages/module-not-found


⨯ ./Desktop/hyperlocal-frontend/src/app/layout.tsx:9:1
Module not found: Can't resolve '@/components/auth/AuthInitializer'
  [90m 7 |[0m [36mimport[0m { [33mToaster[0m } [36mfrom[0m [32m"@/components/ui/sonner"[0m;
  [90m 8 |[0m [36mimport[0m [33mErrorDiagnosticsModal[0m [36mfrom[0m [32m"@/components/shared/ErrorDiagnosticsModal"[0m;
[31m[1m>[0m [90m 9 |[0m [36mimport[0m { [33mAuthInitializer[0m } [36mfrom[0m [32m'@/components/auth/AuthInitializer'[0m;
  [90m   |[0m [31m[1m^^^^^^^^^^^^^^^^^^^^^^^^^^^^^^^^^^^^^^^^^^^^^^^^^^^^^^^^^^^^^^^^^^^^[0m
  [90m10 |[0m [36mimport[0m { [33mTutorialModal[0m } [36mfrom[0m [32m'@/components/shared/TutorialModal'[0m;
  [90m11 |[0m
  [90m12 |[0m [36mconst[0m inter = [33mInter[0m({ subsets: [[32m"latin"[0m] });

Import map: aliased to relative './src/components/auth/AuthInitializer' inside of [project]/Desktop/hyperlocal-frontend


https://nextjs.org/docs/messages/module-not-found


⨯ ./Desktop/hyperlocal-frontend/src/app/layout.tsx:9:1
Module not found: Can't resolve '@/components/auth/AuthInitializer'
  [90m 7 |[0m [36mimport[0m { [33mToaster[0m } [36mfrom[0m [32m"@/components/ui/sonner"[0m;
  [90m 8 |[0m [36mimport[0m [33mErrorDiagnosticsModal[0m [36mfrom[0m [32m"@/components/shared/ErrorDiagnosticsModal"[0m;
[31m[1m>[0m [90m 9 |[0m [36mimport[0m { [33mAuthInitializer[0m } [36mfrom[0m [32m'@/components/auth/AuthInitializer'[0m;
  [90m   |[0m [31m[1m^^^^^^^^^^^^^^^^^^^^^^^^^^^^^^^^^^^^^^^^^^^^^^^^^^^^^^^^^^^^^^^^^^^^[0m
  [90m10 |[0m [36mimport[0m { [33mTutorialModal[0m } [36mfrom[0m [32m'@/components/shared/TutorialModal'[0m;
  [90m11 |[0m
  [90m12 |[0m [36mconst[0m inter = [33mInter[0m({ subsets: [[32m"latin"[0m] });

Import map: aliased to relative './src/components/auth/AuthInitializer' inside of [project]/Desktop/hyperlocal-frontend


https://nextjs.org/docs/messages/module-not-found


⨯ ./Desktop/hyperlocal-frontend/src/app/layout.tsx:9:1
Module not found: Can't resolve '@/components/auth/AuthInitializer'
  [90m 7 |[0m [36mimport[0m { [33mToaster[0m } [36mfrom[0m [32m"@/components/ui/sonner"[0m;
  [90m 8 |[0m [36mimport[0m [33mErrorDiagnosticsModal[0m [36mfrom[0m [32m"@/components/shared/ErrorDiagnosticsModal"[0m;
[31m[1m>[0m [90m 9 |[0m [36mimport[0m { [33mAuthInitializer[0m } [36mfrom[0m [32m'@/components/auth/AuthInitializer'[0m;
  [90m   |[0m [31m[1m^^^^^^^^^^^^^^^^^^^^^^^^^^^^^^^^^^^^^^^^^^^^^^^^^^^^^^^^^^^^^^^^^^^^[0m
  [90m10 |[0m [36mimport[0m { [33mTutorialModal[0m } [36mfrom[0m [32m'@/components/shared/TutorialModal'[0m;
  [90m11 |[0m
  [90m12 |[0m [36mconst[0m inter = [33mInter[0m({ subsets: [[32m"latin"[0m] });

Import map: aliased to relative './src/components/auth/AuthInitializer' inside of [project]/Desktop/hyperlocal-frontend


https://nextjs.org/docs/messages/module-not-found


⨯ ./Desktop/hyperlocal-frontend/src/app/layout.tsx:9:1
Module not found: Can't resolve '@/components/auth/AuthInitializer'
  [90m 7 |[0m [36mimport[0m { [33mToaster[0m } [36mfrom[0m [32m"@/components/ui/sonner"[0m;
  [90m 8 |[0m [36mimport[0m [33mErrorDiagnosticsModal[0m [36mfrom[0m [32m"@/components/shared/ErrorDiagnosticsModal"[0m;
[31m[1m>[0m [90m 9 |[0m [36mimport[0m { [33mAuthInitializer[0m } [36mfrom[0m [32m'@/components/auth/AuthInitializer'[0m;
  [90m   |[0m [31m[1m^^^^^^^^^^^^^^^^^^^^^^^^^^^^^^^^^^^^^^^^^^^^^^^^^^^^^^^^^^^^^^^^^^^^[0m
  [90m10 |[0m [36mimport[0m { [33mTutorialModal[0m } [36mfrom[0m [32m'@/components/shared/TutorialModal'[0m;
  [90m11 |[0m
  [90m12 |[0m [36mconst[0m inter = [33mInter[0m({ subsets: [[32m"latin"[0m] });

Import map: aliased to relative './src/components/auth/AuthInitializer' inside of [project]/Desktop/hyperlocal-frontend


https://nextjs.org/docs/messages/module-not-found


⨯ ./Desktop/hyperlocal-frontend/src/app/layout.tsx:9:1
Module not found: Can't resolve '@/components/auth/AuthInitializer'
  [90m 7 |[0m [36mimport[0m { [33mToaster[0m } [36mfrom[0m [32m"@/components/ui/sonner"[0m;
  [90m 8 |[0m [36mimport[0m [33mErrorDiagnosticsModal[0m [36mfrom[0m [32m"@/components/shared/ErrorDiagnosticsModal"[0m;
[31m[1m>[0m [90m 9 |[0m [36mimport[0m { [33mAuthInitializer[0m } [36mfrom[0m [32m'@/components/auth/AuthInitializer'[0m;
  [90m   |[0m [31m[1m^^^^^^^^^^^^^^^^^^^^^^^^^^^^^^^^^^^^^^^^^^^^^^^^^^^^^^^^^^^^^^^^^^^^[0m
  [90m10 |[0m [36mimport[0m { [33mTutorialModal[0m } [36mfrom[0m [32m'@/components/shared/TutorialModal'[0m;
  [90m11 |[0m
  [90m12 |[0m [36mconst[0m inter = [33mInter[0m({ subsets: [[32m"latin"[0m] });

Import map: aliased to relative './src/components/auth/AuthInitializer' inside of [project]/Desktop/hyperlocal-frontend


https://nextjs.org/docs/messages/module-not-found


⨯ ./Desktop/hyperlocal-frontend/src/app/layout.tsx:9:1
Module not found: Can't resolve '@/components/auth/AuthInitializer'
  [90m 7 |[0m [36mimport[0m { [33mToaster[0m } [36mfrom[0m [32m"@/components/ui/sonner"[0m;
  [90m 8 |[0m [36mimport[0m [33mErrorDiagnosticsModal[0m [36mfrom[0m [32m"@/components/shared/ErrorDiagnosticsModal"[0m;
[31m[1m>[0m [90m 9 |[0m [36mimport[0m { [33mAuthInitializer[0m } [36mfrom[0m [32m'@/components/auth/AuthInitializer'[0m;
  [90m   |[0m [31m[1m^^^^^^^^^^^^^^^^^^^^^^^^^^^^^^^^^^^^^^^^^^^^^^^^^^^^^^^^^^^^^^^^^^^^[0m
  [90m10 |[0m [36mimport[0m { [33mTutorialModal[0m } [36mfrom[0m [32m'@/components/shared/TutorialModal'[0m;
  [90m11 |[0m
  [90m12 |[0m [36mconst[0m inter = [33mInter[0m({ subsets: [[32m"latin"[0m] });

Import map: aliased to relative './src/components/auth/AuthInitializer' inside of [project]/Desktop/hyperlocal-frontend


https://nextjs.org/docs/messages/module-not-found


⨯ ./Desktop/hyperlocal-frontend/src/app/layout.tsx:9:1
Module not found: Can't resolve '@/components/auth/AuthInitializer'
  [90m 7 |[0m [36mimport[0m { [33mToaster[0m } [36mfrom[0m [32m"@/components/ui/sonner"[0m;
  [90m 8 |[0m [36mimport[0m [33mErrorDiagnosticsModal[0m [36mfrom[0m [32m"@/components/shared/ErrorDiagnosticsModal"[0m;
[31m[1m>[0m [90m 9 |[0m [36mimport[0m { [33mAuthInitializer[0m } [36mfrom[0m [32m'@/components/auth/AuthInitializer'[0m;
  [90m   |[0m [31m[1m^^^^^^^^^^^^^^^^^^^^^^^^^^^^^^^^^^^^^^^^^^^^^^^^^^^^^^^^^^^^^^^^^^^^[0m
  [90m10 |[0m [36mimport[0m { [33mTutorialModal[0m } [36mfrom[0m [32m'@/components/shared/TutorialModal'[0m;
  [90m11 |[0m
  [90m12 |[0m [36mconst[0m inter = [33mInter[0m({ subsets: [[32m"latin"[0m] });

Import map: aliased to relative './src/components/auth/AuthInitializer' inside of [project]/Desktop/hyperlocal-frontend


https://nextjs.org/docs/messages/module-not-found


⨯ ./Desktop/hyperlocal-frontend/src/app/layout.tsx:9:1
Module not found: Can't resolve '@/components/auth/AuthInitializer'
  [90m 7 |[0m [36mimport[0m { [33mToaster[0m } [36mfrom[0m [32m"@/components/ui/sonner"[0m;
  [90m 8 |[0m [36mimport[0m [33mErrorDiagnosticsModal[0m [36mfrom[0m [32m"@/components/shared/ErrorDiagnosticsModal"[0m;
[31m[1m>[0m [90m 9 |[0m [36mimport[0m { [33mAuthInitializer[0m } [36mfrom[0m [32m'@/components/auth/AuthInitializer'[0m;
  [90m   |[0m [31m[1m^^^^^^^^^^^^^^^^^^^^^^^^^^^^^^^^^^^^^^^^^^^^^^^^^^^^^^^^^^^^^^^^^^^^[0m
  [90m10 |[0m [36mimport[0m { [33mTutorialModal[0m } [36mfrom[0m [32m'@/components/shared/TutorialModal'[0m;
  [90m11 |[0m
  [90m12 |[0m [36mconst[0m inter = [33mInter[0m({ subsets: [[32m"latin"[0m] });

Import map: aliased to relative './src/components/auth/AuthInitializer' inside of [project]/Desktop/hyperlocal-frontend


https://nextjs.org/docs/messages/module-not-found


⨯ ./Desktop/hyperlocal-frontend/src/app/layout.tsx:9:1
Module not found: Can't resolve '@/components/auth/AuthInitializer'
  [90m 7 |[0m [36mimport[0m { [33mToaster[0m } [36mfrom[0m [32m"@/components/ui/sonner"[0m;
  [90m 8 |[0m [36mimport[0m [33mErrorDiagnosticsModal[0m [36mfrom[0m [32m"@/components/shared/ErrorDiagnosticsModal"[0m;
[31m[1m>[0m [90m 9 |[0m [36mimport[0m { [33mAuthInitializer[0m } [36mfrom[0m [32m'@/components/auth/AuthInitializer'[0m;
  [90m   |[0m [31m[1m^^^^^^^^^^^^^^^^^^^^^^^^^^^^^^^^^^^^^^^^^^^^^^^^^^^^^^^^^^^^^^^^^^^^[0m
  [90m10 |[0m [36mimport[0m { [33mTutorialModal[0m } [36mfrom[0m [32m'@/components/shared/TutorialModal'[0m;
  [90m11 |[0m
  [90m12 |[0m [36mconst[0m inter = [33mInter[0m({ subsets: [[32m"latin"[0m] });

Import map: aliased to relative './src/components/auth/AuthInitializer' inside of [project]/Desktop/hyperlocal-frontend


https://nextjs.org/docs/messages/module-not-found


⨯ ./Desktop/hyperlocal-frontend/src/app/layout.tsx:9:1
Module not found: Can't resolve '@/components/auth/AuthInitializer'
  [90m 7 |[0m [36mimport[0m { [33mToaster[0m } [36mfrom[0m [32m"@/components/ui/sonner"[0m;
  [90m 8 |[0m [36mimport[0m [33mErrorDiagnosticsModal[0m [36mfrom[0m [32m"@/components/shared/ErrorDiagnosticsModal"[0m;
[31m[1m>[0m [90m 9 |[0m [36mimport[0m { [33mAuthInitializer[0m } [36mfrom[0m [32m'@/components/auth/AuthInitializer'[0m;
  [90m   |[0m [31m[1m^^^^^^^^^^^^^^^^^^^^^^^^^^^^^^^^^^^^^^^^^^^^^^^^^^^^^^^^^^^^^^^^^^^^[0m
  [90m10 |[0m [36mimport[0m { [33mTutorialModal[0m } [36mfrom[0m [32m'@/components/shared/TutorialModal'[0m;
  [90m11 |[0m
  [90m12 |[0m [36mconst[0m inter = [33mInter[0m({ subsets: [[32m"latin"[0m] });

Import map: aliased to relative './src/components/auth/AuthInitializer' inside of [project]/Desktop/hyperlocal-frontend


https://nextjs.org/docs/messages/module-not-found


⨯ ./Desktop/hyperlocal-frontend/src/app/layout.tsx:9:1
Module not found: Can't resolve '@/components/auth/AuthInitializer'
  [90m 7 |[0m [36mimport[0m { [33mToaster[0m } [36mfrom[0m [32m"@/components/ui/sonner"[0m;
  [90m 8 |[0m [36mimport[0m [33mErrorDiagnosticsModal[0m [36mfrom[0m [32m"@/components/shared/ErrorDiagnosticsModal"[0m;
[31m[1m>[0m [90m 9 |[0m [36mimport[0m { [33mAuthInitializer[0m } [36mfrom[0m [32m'@/components/auth/AuthInitializer'[0m;
  [90m   |[0m [31m[1m^^^^^^^^^^^^^^^^^^^^^^^^^^^^^^^^^^^^^^^^^^^^^^^^^^^^^^^^^^^^^^^^^^^^[0m
  [90m10 |[0m [36mimport[0m { [33mTutorialModal[0m } [36mfrom[0m [32m'@/components/shared/TutorialModal'[0m;
  [90m11 |[0m
  [90m12 |[0m [36mconst[0m inter = [33mInter[0m({ subsets: [[32m"latin"[0m] });

Import map: aliased to relative './src/components/auth/AuthInitializer' inside of [project]/Desktop/hyperlocal-frontend


https://nextjs.org/docs/messages/module-not-found


⨯ ./Desktop/hyperlocal-frontend/src/app/layout.tsx:9:1
Module not found: Can't resolve '@/components/auth/AuthInitializer'
  [90m 7 |[0m [36mimport[0m { [33mToaster[0m } [36mfrom[0m [32m"@/components/ui/sonner"[0m;
  [90m 8 |[0m [36mimport[0m [33mErrorDiagnosticsModal[0m [36mfrom[0m [32m"@/components/shared/ErrorDiagnosticsModal"[0m;
[31m[1m>[0m [90m 9 |[0m [36mimport[0m { [33mAuthInitializer[0m } [36mfrom[0m [32m'@/components/auth/AuthInitializer'[0m;
  [90m   |[0m [31m[1m^^^^^^^^^^^^^^^^^^^^^^^^^^^^^^^^^^^^^^^^^^^^^^^^^^^^^^^^^^^^^^^^^^^^[0m
  [90m10 |[0m [36mimport[0m { [33mTutorialModal[0m } [36mfrom[0m [32m'@/components/shared/TutorialModal'[0m;
  [90m11 |[0m
  [90m12 |[0m [36mconst[0m inter = [33mInter[0m({ subsets: [[32m"latin"[0m] });

Import map: aliased to relative './src/components/auth/AuthInitializer' inside of [project]/Desktop/hyperlocal-frontend


https://nextjs.org/docs/messages/module-not-found


⨯ ./Desktop/hyperlocal-frontend/src/app/layout.tsx:9:1
Module not found: Can't resolve '@/components/auth/AuthInitializer'
  [90m 7 |[0m [36mimport[0m { [33mToaster[0m } [36mfrom[0m [32m"@/components/ui/sonner"[0m;
  [90m 8 |[0m [36mimport[0m [33mErrorDiagnosticsModal[0m [36mfrom[0m [32m"@/components/shared/ErrorDiagnosticsModal"[0m;
[31m[1m>[0m [90m 9 |[0m [36mimport[0m { [33mAuthInitializer[0m } [36mfrom[0m [32m'@/components/auth/AuthInitializer'[0m;
  [90m   |[0m [31m[1m^^^^^^^^^^^^^^^^^^^^^^^^^^^^^^^^^^^^^^^^^^^^^^^^^^^^^^^^^^^^^^^^^^^^[0m
  [90m10 |[0m [36mimport[0m { [33mTutorialModal[0m } [36mfrom[0m [32m'@/components/shared/TutorialModal'[0m;
  [90m11 |[0m
  [90m12 |[0m [36mconst[0m inter = [33mInter[0m({ subsets: [[32m"latin"[0m] });

Import map: aliased to relative './src/components/auth/AuthInitializer' inside of [project]/Desktop/hyperlocal-frontend


https://nextjs.org/docs/messages/module-not-found


⨯ ./Desktop/hyperlocal-frontend/src/app/layout.tsx:9:1
Module not found: Can't resolve '@/components/auth/AuthInitializer'
  [90m 7 |[0m [36mimport[0m { [33mToaster[0m } [36mfrom[0m [32m"@/components/ui/sonner"[0m;
  [90m 8 |[0m [36mimport[0m [33mErrorDiagnosticsModal[0m [36mfrom[0m [32m"@/components/shared/ErrorDiagnosticsModal"[0m;
[31m[1m>[0m [90m 9 |[0m [36mimport[0m { [33mAuthInitializer[0m } [36mfrom[0m [32m'@/components/auth/AuthInitializer'[0m;
  [90m   |[0m [31m[1m^^^^^^^^^^^^^^^^^^^^^^^^^^^^^^^^^^^^^^^^^^^^^^^^^^^^^^^^^^^^^^^^^^^^[0m
  [90m10 |[0m [36mimport[0m { [33mTutorialModal[0m } [36mfrom[0m [32m'@/components/shared/TutorialModal'[0m;
  [90m11 |[0m
  [90m12 |[0m [36mconst[0m inter = [33mInter[0m({ subsets: [[32m"latin"[0m] });

Import map: aliased to relative './src/components/auth/AuthInitializer' inside of [project]/Desktop/hyperlocal-frontend


https://nextjs.org/docs/messages/module-not-found


⨯ ./Desktop/hyperlocal-frontend/src/app/layout.tsx:9:1
Module not found: Can't resolve '@/components/auth/AuthInitializer'
  [90m 7 |[0m [36mimport[0m { [33mToaster[0m } [36mfrom[0m [32m"@/components/ui/sonner"[0m;
  [90m 8 |[0m [36mimport[0m [33mErrorDiagnosticsModal[0m [36mfrom[0m [32m"@/components/shared/ErrorDiagnosticsModal"[0m;
[31m[1m>[0m [90m 9 |[0m [36mimport[0m { [33mAuthInitializer[0m } [36mfrom[0m [32m'@/components/auth/AuthInitializer'[0m;
  [90m   |[0m [31m[1m^^^^^^^^^^^^^^^^^^^^^^^^^^^^^^^^^^^^^^^^^^^^^^^^^^^^^^^^^^^^^^^^^^^^[0m
  [90m10 |[0m [36mimport[0m { [33mTutorialModal[0m } [36mfrom[0m [32m'@/components/shared/TutorialModal'[0m;
  [90m11 |[0m
  [90m12 |[0m [36mconst[0m inter = [33mInter[0m({ subsets: [[32m"latin"[0m] });

Import map: aliased to relative './src/components/auth/AuthInitializer' inside of [project]/Desktop/hyperlocal-frontend


https://nextjs.org/docs/messages/module-not-found


⨯ ./Desktop/hyperlocal-frontend/src/app/layout.tsx:9:1
Module not found: Can't resolve '@/components/auth/AuthInitializer'
  [90m 7 |[0m [36mimport[0m { [33mToaster[0m } [36mfrom[0m [32m"@/components/ui/sonner"[0m;
  [90m 8 |[0m [36mimport[0m [33mErrorDiagnosticsModal[0m [36mfrom[0m [32m"@/components/shared/ErrorDiagnosticsModal"[0m;
[31m[1m>[0m [90m 9 |[0m [36mimport[0m { [33mAuthInitializer[0m } [36mfrom[0m [32m'@/components/auth/AuthInitializer'[0m;
  [90m   |[0m [31m[1m^^^^^^^^^^^^^^^^^^^^^^^^^^^^^^^^^^^^^^^^^^^^^^^^^^^^^^^^^^^^^^^^^^^^[0m
  [90m10 |[0m [36mimport[0m { [33mTutorialModal[0m } [36mfrom[0m [32m'@/components/shared/TutorialModal'[0m;
  [90m11 |[0m
  [90m12 |[0m [36mconst[0m inter = [33mInter[0m({ subsets: [[32m"latin"[0m] });

Import map: aliased to relative './src/components/auth/AuthInitializer' inside of [project]/Desktop/hyperlocal-frontend


https://nextjs.org/docs/messages/module-not-found


⨯ ./Desktop/hyperlocal-frontend/src/app/layout.tsx:9:1
Module not found: Can't resolve '@/components/auth/AuthInitializer'
  [90m 7 |[0m [36mimport[0m { [33mToaster[0m } [36mfrom[0m [32m"@/components/ui/sonner"[0m;
  [90m 8 |[0m [36mimport[0m [33mErrorDiagnosticsModal[0m [36mfrom[0m [32m"@/components/shared/ErrorDiagnosticsModal"[0m;
[31m[1m>[0m [90m 9 |[0m [36mimport[0m { [33mAuthInitializer[0m } [36mfrom[0m [32m'@/components/auth/AuthInitializer'[0m;
  [90m   |[0m [31m[1m^^^^^^^^^^^^^^^^^^^^^^^^^^^^^^^^^^^^^^^^^^^^^^^^^^^^^^^^^^^^^^^^^^^^[0m
  [90m10 |[0m [36mimport[0m { [33mTutorialModal[0m } [36mfrom[0m [32m'@/components/shared/TutorialModal'[0m;
  [90m11 |[0m
  [90m12 |[0m [36mconst[0m inter = [33mInter[0m({ subsets: [[32m"latin"[0m] });

Import map: aliased to relative './src/components/auth/AuthInitializer' inside of [project]/Desktop/hyperlocal-frontend


https://nextjs.org/docs/messages/module-not-found


⨯ ./Desktop/hyperlocal-frontend/src/app/layout.tsx:9:1
Module not found: Can't resolve '@/components/auth/AuthInitializer'
  [90m 7 |[0m [36mimport[0m { [33mToaster[0m } [36mfrom[0m [32m"@/components/ui/sonner"[0m;
  [90m 8 |[0m [36mimport[0m [33mErrorDiagnosticsModal[0m [36mfrom[0m [32m"@/components/shared/ErrorDiagnosticsModal"[0m;
[31m[1m>[0m [90m 9 |[0m [36mimport[0m { [33mAuthInitializer[0m } [36mfrom[0m [32m'@/components/auth/AuthInitializer'[0m;
  [90m   |[0m [31m[1m^^^^^^^^^^^^^^^^^^^^^^^^^^^^^^^^^^^^^^^^^^^^^^^^^^^^^^^^^^^^^^^^^^^^[0m
  [90m10 |[0m [36mimport[0m { [33mTutorialModal[0m } [36mfrom[0m [32m'@/components/shared/TutorialModal'[0m;
  [90m11 |[0m
  [90m12 |[0m [36mconst[0m inter = [33mInter[0m({ subsets: [[32m"latin"[0m] });

Import map: aliased to relative './src/components/auth/AuthInitializer' inside of [project]/Desktop/hyperlocal-frontend


https://nextjs.org/docs/messages/module-not-found


⨯ ./Desktop/hyperlocal-frontend/src/app/layout.tsx:9:1
Module not found: Can't resolve '@/components/auth/AuthInitializer'
  [90m 7 |[0m [36mimport[0m { [33mToaster[0m } [36mfrom[0m [32m"@/components/ui/sonner"[0m;
  [90m 8 |[0m [36mimport[0m [33mErrorDiagnosticsModal[0m [36mfrom[0m [32m"@/components/shared/ErrorDiagnosticsModal"[0m;
[31m[1m>[0m [90m 9 |[0m [36mimport[0m { [33mAuthInitializer[0m } [36mfrom[0m [32m'@/components/auth/AuthInitializer'[0m;
  [90m   |[0m [31m[1m^^^^^^^^^^^^^^^^^^^^^^^^^^^^^^^^^^^^^^^^^^^^^^^^^^^^^^^^^^^^^^^^^^^^[0m
  [90m10 |[0m [36mimport[0m { [33mTutorialModal[0m } [36mfrom[0m [32m'@/components/shared/TutorialModal'[0m;
  [90m11 |[0m
  [90m12 |[0m [36mconst[0m inter = [33mInter[0m({ subsets: [[32m"latin"[0m] });

Import map: aliased to relative './src/components/auth/AuthInitializer' inside of [project]/Desktop/hyperlocal-frontend


https://nextjs.org/docs/messages/module-not-found


⨯ ./Desktop/hyperlocal-frontend/src/app/layout.tsx:9:1
Module not found: Can't resolve '@/components/auth/AuthInitializer'
  [90m 7 |[0m [36mimport[0m { [33mToaster[0m } [36mfrom[0m [32m"@/components/ui/sonner"[0m;
  [90m 8 |[0m [36mimport[0m [33mErrorDiagnosticsModal[0m [36mfrom[0m [32m"@/components/shared/ErrorDiagnosticsModal"[0m;
[31m[1m>[0m [90m 9 |[0m [36mimport[0m { [33mAuthInitializer[0m } [36mfrom[0m [32m'@/components/auth/AuthInitializer'[0m;
  [90m   |[0m [31m[1m^^^^^^^^^^^^^^^^^^^^^^^^^^^^^^^^^^^^^^^^^^^^^^^^^^^^^^^^^^^^^^^^^^^^[0m
  [90m10 |[0m [36mimport[0m { [33mTutorialModal[0m } [36mfrom[0m [32m'@/components/shared/TutorialModal'[0m;
  [90m11 |[0m
  [90m12 |[0m [36mconst[0m inter = [33mInter[0m({ subsets: [[32m"latin"[0m] });

Import map: aliased to relative './src/components/auth/AuthInitializer' inside of [project]/Desktop/hyperlocal-frontend


https://nextjs.org/docs/messages/module-not-found


⨯ ./Desktop/hyperlocal-frontend/src/app/layout.tsx:9:1
Module not found: Can't resolve '@/components/auth/AuthInitializer'
  [90m 7 |[0m [36mimport[0m { [33mToaster[0m } [36mfrom[0m [32m"@/components/ui/sonner"[0m;
  [90m 8 |[0m [36mimport[0m [33mErrorDiagnosticsModal[0m [36mfrom[0m [32m"@/components/shared/ErrorDiagnosticsModal"[0m;
[31m[1m>[0m [90m 9 |[0m [36mimport[0m { [33mAuthInitializer[0m } [36mfrom[0m [32m'@/components/auth/AuthInitializer'[0m;
  [90m   |[0m [31m[1m^^^^^^^^^^^^^^^^^^^^^^^^^^^^^^^^^^^^^^^^^^^^^^^^^^^^^^^^^^^^^^^^^^^^[0m
  [90m10 |[0m [36mimport[0m { [33mTutorialModal[0m } [36mfrom[0m [32m'@/components/shared/TutorialModal'[0m;
  [90m11 |[0m
  [90m12 |[0m [36mconst[0m inter = [33mInter[0m({ subsets: [[32m"latin"[0m] });

Import map: aliased to relative './src/components/auth/AuthInitializer' inside of [project]/Desktop/hyperlocal-frontend


https://nextjs.org/docs/messages/module-not-found


⨯ ./Desktop/hyperlocal-frontend/src/app/layout.tsx:9:1
Module not found: Can't resolve '@/components/auth/AuthInitializer'
  [90m 7 |[0m [36mimport[0m { [33mToaster[0m } [36mfrom[0m [32m"@/components/ui/sonner"[0m;
  [90m 8 |[0m [36mimport[0m [33mErrorDiagnosticsModal[0m [36mfrom[0m [32m"@/components/shared/ErrorDiagnosticsModal"[0m;
[31m[1m>[0m [90m 9 |[0m [36mimport[0m { [33mAuthInitializer[0m } [36mfrom[0m [32m'@/components/auth/AuthInitializer'[0m;
  [90m   |[0m [31m[1m^^^^^^^^^^^^^^^^^^^^^^^^^^^^^^^^^^^^^^^^^^^^^^^^^^^^^^^^^^^^^^^^^^^^[0m
  [90m10 |[0m [36mimport[0m { [33mTutorialModal[0m } [36mfrom[0m [32m'@/components/shared/TutorialModal'[0m;
  [90m11 |[0m
  [90m12 |[0m [36mconst[0m inter = [33mInter[0m({ subsets: [[32m"latin"[0m] });

Import map: aliased to relative './src/components/auth/AuthInitializer' inside of [project]/Desktop/hyperlocal-frontend


https://nextjs.org/docs/messages/module-not-found


⨯ ./Desktop/hyperlocal-frontend/src/app/layout.tsx:9:1
Module not found: Can't resolve '@/components/auth/AuthInitializer'
  [90m 7 |[0m [36mimport[0m { [33mToaster[0m } [36mfrom[0m [32m"@/components/ui/sonner"[0m;
  [90m 8 |[0m [36mimport[0m [33mErrorDiagnosticsModal[0m [36mfrom[0m [32m"@/components/shared/ErrorDiagnosticsModal"[0m;
[31m[1m>[0m [90m 9 |[0m [36mimport[0m { [33mAuthInitializer[0m } [36mfrom[0m [32m'@/components/auth/AuthInitializer'[0m;
  [90m   |[0m [31m[1m^^^^^^^^^^^^^^^^^^^^^^^^^^^^^^^^^^^^^^^^^^^^^^^^^^^^^^^^^^^^^^^^^^^^[0m
  [90m10 |[0m [36mimport[0m { [33mTutorialModal[0m } [36mfrom[0m [32m'@/components/shared/TutorialModal'[0m;
  [90m11 |[0m
  [90m12 |[0m [36mconst[0m inter = [33mInter[0m({ subsets: [[32m"latin"[0m] });

Import map: aliased to relative './src/components/auth/AuthInitializer' inside of [project]/Desktop/hyperlocal-frontend


https://nextjs.org/docs/messages/module-not-found


⨯ ./Desktop/hyperlocal-frontend/src/app/layout.tsx:9:1
Module not found: Can't resolve '@/components/auth/AuthInitializer'
  [90m 7 |[0m [36mimport[0m { [33mToaster[0m } [36mfrom[0m [32m"@/components/ui/sonner"[0m;
  [90m 8 |[0m [36mimport[0m [33mErrorDiagnosticsModal[0m [36mfrom[0m [32m"@/components/shared/ErrorDiagnosticsModal"[0m;
[31m[1m>[0m [90m 9 |[0m [36mimport[0m { [33mAuthInitializer[0m } [36mfrom[0m [32m'@/components/auth/AuthInitializer'[0m;
  [90m   |[0m [31m[1m^^^^^^^^^^^^^^^^^^^^^^^^^^^^^^^^^^^^^^^^^^^^^^^^^^^^^^^^^^^^^^^^^^^^[0m
  [90m10 |[0m [36mimport[0m { [33mTutorialModal[0m } [36mfrom[0m [32m'@/components/shared/TutorialModal'[0m;
  [90m11 |[0m
  [90m12 |[0m [36mconst[0m inter = [33mInter[0m({ subsets: [[32m"latin"[0m] });

Import map: aliased to relative './src/components/auth/AuthInitializer' inside of [project]/Desktop/hyperlocal-frontend


https://nextjs.org/docs/messages/module-not-found


[browser] Uncaught Error: ./Desktop/hyperlocal-frontend/src/app/layout.tsx:9:1
Module not found: Can't resolve '@/components/auth/AuthInitializer'
   7 | import { Toaster } from "@/components/ui/sonner";
   8 | import ErrorDiagnosticsModal from "@/components/shared/ErrorDiagnosticsModal";
>  9 | import { AuthInitializer } from '@/components/auth/AuthInitializer';
     | ^^^^^^^^^^^^^^^^^^^^^^^^^^^^^^^^^^^^^^^^^^^^^^^^^^^^^^^^^^^^^^^^^^^^
  10 | import { TutorialModal } from '@/components/shared/TutorialModal';
  11 |
  12 | const inter = Inter({ subsets: ["latin"] });

Import map: aliased to relative './src/components/auth/AuthInitializer' inside of [project]/Desktop/hyperlocal-frontend


https://nextjs.org/docs/messages/module-not-found


    at <unknown> (Error: ./Desktop/hyperlocal-frontend/src/app/layout.tsx:9:1)
    at <unknown> (https://nextjs.org/docs/messages/module-not-found)
    at <unknown> (Error: (./Desktop/hyperlocal-frontend/src/app/layout.tsx:9:1)
    at <unknown> (https://nextjs.org/docs/messages/module-not-found)
[browser] Uncaught Error: ./Desktop/hyperlocal-frontend/src/app/layout.tsx:9:1
Module not found: Can't resolve '@/components/auth/AuthInitializer'
   7 | import { Toaster } from "@/components/ui/sonner";
   8 | import ErrorDiagnosticsModal from "@/components/shared/ErrorDiagnosticsModal";
>  9 | import { AuthInitializer } from '@/components/auth/AuthInitializer';
     | ^^^^^^^^^^^^^^^^^^^^^^^^^^^^^^^^^^^^^^^^^^^^^^^^^^^^^^^^^^^^^^^^^^^^
  10 | import { TutorialModal } from '@/components/shared/TutorialModal';
  11 |
  12 | const inter = Inter({ subsets: ["latin"] });

Import map: aliased to relative './src/components/auth/AuthInitializer' inside of [project]/Desktop/hyperlocal-frontend


https://nextjs.org/docs/messages/module-not-found


    at <unknown> (Error: ./Desktop/hyperlocal-frontend/src/app/layout.tsx:9:1)
    at <unknown> (https://nextjs.org/docs/messages/module-not-found)
    at <unknown> (Error: (./Desktop/hyperlocal-frontend/src/app/layout.tsx:9:1)
    at <unknown> (https://nextjs.org/docs/messages/module-not-found)
⨯ ./Desktop/hyperlocal-frontend/src/app/layout.tsx:9:1
Module not found: Can't resolve '@/components/auth/AuthInitializer'
  [90m 7 |[0m [36mimport[0m { [33mToaster[0m } [36mfrom[0m [32m"@/components/ui/sonner"[0m;
  [90m 8 |[0m [36mimport[0m [33mErrorDiagnosticsModal[0m [36mfrom[0m [32m"@/components/shared/ErrorDiagnosticsModal"[0m;
[31m[1m>[0m [90m 9 |[0m [36mimport[0m { [33mAuthInitializer[0m } [36mfrom[0m [32m'@/components/auth/AuthInitializer'[0m;
  [90m   |[0m [31m[1m^^^^^^^^^^^^^^^^^^^^^^^^^^^^^^^^^^^^^^^^^^^^^^^^^^^^^^^^^^^^^^^^^^^^[0m
  [90m10 |[0m [36mimport[0m { [33mTutorialModal[0m } [36mfrom[0m [32m'@/components/shared/TutorialModal'[0m;
  [90m11 |[0m
  [90m12 |[0m [36mconst[0m inter = [33mInter[0m({ subsets: [[32m"latin"[0m] });

Import map: aliased to relative './src/components/auth/AuthInitializer' inside of [project]/Desktop/hyperlocal-frontend


https://nextjs.org/docs/messages/module-not-found


⨯ ./Desktop/hyperlocal-frontend/src/app/layout.tsx:9:1
Module not found: Can't resolve '@/components/auth/AuthInitializer'
  [90m 7 |[0m [36mimport[0m { [33mToaster[0m } [36mfrom[0m [32m"@/components/ui/sonner"[0m;
  [90m 8 |[0m [36mimport[0m [33mErrorDiagnosticsModal[0m [36mfrom[0m [32m"@/components/shared/ErrorDiagnosticsModal"[0m;
[31m[1m>[0m [90m 9 |[0m [36mimport[0m { [33mAuthInitializer[0m } [36mfrom[0m [32m'@/components/auth/AuthInitializer'[0m;
  [90m   |[0m [31m[1m^^^^^^^^^^^^^^^^^^^^^^^^^^^^^^^^^^^^^^^^^^^^^^^^^^^^^^^^^^^^^^^^^^^^[0m
  [90m10 |[0m [36mimport[0m { [33mTutorialModal[0m } [36mfrom[0m [32m'@/components/shared/TutorialModal'[0m;
  [90m11 |[0m
  [90m12 |[0m [36mconst[0m inter = [33mInter[0m({ subsets: [[32m"latin"[0m] });

Import map: aliased to relative './src/components/auth/AuthInitializer' inside of [project]/Desktop/hyperlocal-frontend


https://nextjs.org/docs/messages/module-not-found


[browser] Uncaught Error: ./Desktop/hyperlocal-frontend/src/app/layout.tsx:9:1
Module not found: Can't resolve '@/components/auth/AuthInitializer'
   7 | import { Toaster } from "@/components/ui/sonner";
   8 | import ErrorDiagnosticsModal from "@/components/shared/ErrorDiagnosticsModal";
>  9 | import { AuthInitializer } from '@/components/auth/AuthInitializer';
     | ^^^^^^^^^^^^^^^^^^^^^^^^^^^^^^^^^^^^^^^^^^^^^^^^^^^^^^^^^^^^^^^^^^^^
  10 | import { TutorialModal } from '@/components/shared/TutorialModal';
  11 |
  12 | const inter = Inter({ subsets: ["latin"] });

Import map: aliased to relative './src/components/auth/AuthInitializer' inside of [project]/Desktop/hyperlocal-frontend


https://nextjs.org/docs/messages/module-not-found


    at <unknown> (Error: ./Desktop/hyperlocal-frontend/src/app/layout.tsx:9:1)
    at <unknown> (https://nextjs.org/docs/messages/module-not-found)
    at <unknown> (Error: (./Desktop/hyperlocal-frontend/src/app/layout.tsx:9:1)
    at <unknown> (https://nextjs.org/docs/messages/module-not-found)
[browser] Uncaught Error: ./Desktop/hyperlocal-frontend/src/app/layout.tsx:9:1
Module not found: Can't resolve '@/components/auth/AuthInitializer'
   7 | import { Toaster } from "@/components/ui/sonner";
   8 | import ErrorDiagnosticsModal from "@/components/shared/ErrorDiagnosticsModal";
>  9 | import { AuthInitializer } from '@/components/auth/AuthInitializer';
     | ^^^^^^^^^^^^^^^^^^^^^^^^^^^^^^^^^^^^^^^^^^^^^^^^^^^^^^^^^^^^^^^^^^^^
  10 | import { TutorialModal } from '@/components/shared/TutorialModal';
  11 |
  12 | const inter = Inter({ subsets: ["latin"] });

Import map: aliased to relative './src/components/auth/AuthInitializer' inside of [project]/Desktop/hyperlocal-frontend


https://nextjs.org/docs/messages/module-not-found


    at <unknown> (Error: ./Desktop/hyperlocal-frontend/src/app/layout.tsx:9:1)
    at <unknown> (https://nextjs.org/docs/messages/module-not-found)
    at <unknown> (Error: (./Desktop/hyperlocal-frontend/src/app/layout.tsx:9:1)
    at <unknown> (https://nextjs.org/docs/messages/module-not-found)
⨯ ./Desktop/hyperlocal-frontend/src/app/layout.tsx:9:1
Module not found: Can't resolve '@/components/auth/AuthInitializer'
  [90m 7 |[0m [36mimport[0m { [33mToaster[0m } [36mfrom[0m [32m"@/components/ui/sonner"[0m;
  [90m 8 |[0m [36mimport[0m [33mErrorDiagnosticsModal[0m [36mfrom[0m [32m"@/components/shared/ErrorDiagnosticsModal"[0m;
[31m[1m>[0m [90m 9 |[0m [36mimport[0m { [33mAuthInitializer[0m } [36mfrom[0m [32m'@/components/auth/AuthInitializer'[0m;
  [90m   |[0m [31m[1m^^^^^^^^^^^^^^^^^^^^^^^^^^^^^^^^^^^^^^^^^^^^^^^^^^^^^^^^^^^^^^^^^^^^[0m
  [90m10 |[0m [36mimport[0m { [33mTutorialModal[0m } [36mfrom[0m [32m'@/components/shared/TutorialModal'[0m;
  [90m11 |[0m
  [90m12 |[0m [36mconst[0m inter = [33mInter[0m({ subsets: [[32m"latin"[0m] });

Import map: aliased to relative './src/components/auth/AuthInitializer' inside of [project]/Desktop/hyperlocal-frontend


https://nextjs.org/docs/messages/module-not-found


⨯ ./Desktop/hyperlocal-frontend/src/app/layout.tsx:9:1
Module not found: Can't resolve '@/components/auth/AuthInitializer'
  [90m 7 |[0m [36mimport[0m { [33mToaster[0m } [36mfrom[0m [32m"@/components/ui/sonner"[0m;
  [90m 8 |[0m [36mimport[0m [33mErrorDiagnosticsModal[0m [36mfrom[0m [32m"@/components/shared/ErrorDiagnosticsModal"[0m;
[31m[1m>[0m [90m 9 |[0m [36mimport[0m { [33mAuthInitializer[0m } [36mfrom[0m [32m'@/components/auth/AuthInitializer'[0m;
  [90m   |[0m [31m[1m^^^^^^^^^^^^^^^^^^^^^^^^^^^^^^^^^^^^^^^^^^^^^^^^^^^^^^^^^^^^^^^^^^^^[0m
  [90m10 |[0m [36mimport[0m { [33mTutorialModal[0m } [36mfrom[0m [32m'@/components/shared/TutorialModal'[0m;
  [90m11 |[0m
  [90m12 |[0m [36mconst[0m inter = [33mInter[0m({ subsets: [[32m"latin"[0m] });

Import map: aliased to relative './src/components/auth/AuthInitializer' inside of [project]/Desktop/hyperlocal-frontend


https://nextjs.org/docs/messages/module-not-found


⨯ ./Desktop/hyperlocal-frontend/src/app/layout.tsx:9:1
Module not found: Can't resolve '@/components/auth/AuthInitializer'
  [90m 7 |[0m [36mimport[0m { [33mToaster[0m } [36mfrom[0m [32m"@/components/ui/sonner"[0m;
  [90m 8 |[0m [36mimport[0m [33mErrorDiagnosticsModal[0m [36mfrom[0m [32m"@/components/shared/ErrorDiagnosticsModal"[0m;
[31m[1m>[0m [90m 9 |[0m [36mimport[0m { [33mAuthInitializer[0m } [36mfrom[0m [32m'@/components/auth/AuthInitializer'[0m;
  [90m   |[0m [31m[1m^^^^^^^^^^^^^^^^^^^^^^^^^^^^^^^^^^^^^^^^^^^^^^^^^^^^^^^^^^^^^^^^^^^^[0m
  [90m10 |[0m [36mimport[0m { [33mTutorialModal[0m } [36mfrom[0m [32m'@/components/shared/TutorialModal'[0m;
  [90m11 |[0m
  [90m12 |[0m [36mconst[0m inter = [33mInter[0m({ subsets: [[32m"latin"[0m] });

Import map: aliased to relative './src/components/auth/AuthInitializer' inside of [project]/Desktop/hyperlocal-frontend


https://nextjs.org/docs/messages/module-not-found


⨯ ./Desktop/hyperlocal-frontend/src/app/layout.tsx:9:1
Module not found: Can't resolve '@/components/auth/AuthInitializer'
  [90m 7 |[0m [36mimport[0m { [33mToaster[0m } [36mfrom[0m [32m"@/components/ui/sonner"[0m;
  [90m 8 |[0m [36mimport[0m [33mErrorDiagnosticsModal[0m [36mfrom[0m [32m"@/components/shared/ErrorDiagnosticsModal"[0m;
[31m[1m>[0m [90m 9 |[0m [36mimport[0m { [33mAuthInitializer[0m } [36mfrom[0m [32m'@/components/auth/AuthInitializer'[0m;
  [90m   |[0m [31m[1m^^^^^^^^^^^^^^^^^^^^^^^^^^^^^^^^^^^^^^^^^^^^^^^^^^^^^^^^^^^^^^^^^^^^[0m
  [90m10 |[0m [36mimport[0m { [33mTutorialModal[0m } [36mfrom[0m [32m'@/components/shared/TutorialModal'[0m;
  [90m11 |[0m
  [90m12 |[0m [36mconst[0m inter = [33mInter[0m({ subsets: [[32m"latin"[0m] });

Import map: aliased to relative './src/components/auth/AuthInitializer' inside of [project]/Desktop/hyperlocal-frontend


https://nextjs.org/docs/messages/module-not-found


⨯ ./Desktop/hyperlocal-frontend/src/app/layout.tsx:9:1
Module not found: Can't resolve '@/components/auth/AuthInitializer'
  [90m 7 |[0m [36mimport[0m { [33mToaster[0m } [36mfrom[0m [32m"@/components/ui/sonner"[0m;
  [90m 8 |[0m [36mimport[0m [33mErrorDiagnosticsModal[0m [36mfrom[0m [32m"@/components/shared/ErrorDiagnosticsModal"[0m;
[31m[1m>[0m [90m 9 |[0m [36mimport[0m { [33mAuthInitializer[0m } [36mfrom[0m [32m'@/components/auth/AuthInitializer'[0m;
  [90m   |[0m [31m[1m^^^^^^^^^^^^^^^^^^^^^^^^^^^^^^^^^^^^^^^^^^^^^^^^^^^^^^^^^^^^^^^^^^^^[0m
  [90m10 |[0m [36mimport[0m { [33mTutorialModal[0m } [36mfrom[0m [32m'@/components/shared/TutorialModal'[0m;
  [90m11 |[0m
  [90m12 |[0m [36mconst[0m inter = [33mInter[0m({ subsets: [[32m"latin"[0m] });

Import map: aliased to relative './src/components/auth/AuthInitializer' inside of [project]/Desktop/hyperlocal-frontend


https://nextjs.org/docs/messages/module-not-found


⨯ ./Desktop/hyperlocal-frontend/src/app/layout.tsx:9:1
Module not found: Can't resolve '@/components/auth/AuthInitializer'
  [90m 7 |[0m [36mimport[0m { [33mToaster[0m } [36mfrom[0m [32m"@/components/ui/sonner"[0m;
  [90m 8 |[0m [36mimport[0m [33mErrorDiagnosticsModal[0m [36mfrom[0m [32m"@/components/shared/ErrorDiagnosticsModal"[0m;
[31m[1m>[0m [90m 9 |[0m [36mimport[0m { [33mAuthInitializer[0m } [36mfrom[0m [32m'@/components/auth/AuthInitializer'[0m;
  [90m   |[0m [31m[1m^^^^^^^^^^^^^^^^^^^^^^^^^^^^^^^^^^^^^^^^^^^^^^^^^^^^^^^^^^^^^^^^^^^^[0m
  [90m10 |[0m [36mimport[0m { [33mTutorialModal[0m } [36mfrom[0m [32m'@/components/shared/TutorialModal'[0m;
  [90m11 |[0m
  [90m12 |[0m [36mconst[0m inter = [33mInter[0m({ subsets: [[32m"latin"[0m] });

Import map: aliased to relative './src/components/auth/AuthInitializer' inside of [project]/Desktop/hyperlocal-frontend


https://nextjs.org/docs/messages/module-not-found


⨯ ./Desktop/hyperlocal-frontend/src/app/layout.tsx:9:1
Module not found: Can't resolve '@/components/auth/AuthInitializer'
  [90m 7 |[0m [36mimport[0m { [33mToaster[0m } [36mfrom[0m [32m"@/components/ui/sonner"[0m;
  [90m 8 |[0m [36mimport[0m [33mErrorDiagnosticsModal[0m [36mfrom[0m [32m"@/components/shared/ErrorDiagnosticsModal"[0m;
[31m[1m>[0m [90m 9 |[0m [36mimport[0m { [33mAuthInitializer[0m } [36mfrom[0m [32m'@/components/auth/AuthInitializer'[0m;
  [90m   |[0m [31m[1m^^^^^^^^^^^^^^^^^^^^^^^^^^^^^^^^^^^^^^^^^^^^^^^^^^^^^^^^^^^^^^^^^^^^[0m
  [90m10 |[0m [36mimport[0m { [33mTutorialModal[0m } [36mfrom[0m [32m'@/components/shared/TutorialModal'[0m;
  [90m11 |[0m
  [90m12 |[0m [36mconst[0m inter = [33mInter[0m({ subsets: [[32m"latin"[0m] });

Import map: aliased to relative './src/components/auth/AuthInitializer' inside of [project]/Desktop/hyperlocal-frontend


https://nextjs.org/docs/messages/module-not-found


⨯ ./Desktop/hyperlocal-frontend/src/app/layout.tsx:9:1
Module not found: Can't resolve '@/components/auth/AuthInitializer'
  [90m 7 |[0m [36mimport[0m { [33mToaster[0m } [36mfrom[0m [32m"@/components/ui/sonner"[0m;
  [90m 8 |[0m [36mimport[0m [33mErrorDiagnosticsModal[0m [36mfrom[0m [32m"@/components/shared/ErrorDiagnosticsModal"[0m;
[31m[1m>[0m [90m 9 |[0m [36mimport[0m { [33mAuthInitializer[0m } [36mfrom[0m [32m'@/components/auth/AuthInitializer'[0m;
  [90m   |[0m [31m[1m^^^^^^^^^^^^^^^^^^^^^^^^^^^^^^^^^^^^^^^^^^^^^^^^^^^^^^^^^^^^^^^^^^^^[0m
  [90m10 |[0m [36mimport[0m { [33mTutorialModal[0m } [36mfrom[0m [32m'@/components/shared/TutorialModal'[0m;
  [90m11 |[0m
  [90m12 |[0m [36mconst[0m inter = [33mInter[0m({ subsets: [[32m"latin"[0m] });

Import map: aliased to relative './src/components/auth/AuthInitializer' inside of [project]/Desktop/hyperlocal-frontend


https://nextjs.org/docs/messages/module-not-found


⨯ ./Desktop/hyperlocal-frontend/src/app/layout.tsx:9:1
Module not found: Can't resolve '@/components/auth/AuthInitializer'
  [90m 7 |[0m [36mimport[0m { [33mToaster[0m } [36mfrom[0m [32m"@/components/ui/sonner"[0m;
  [90m 8 |[0m [36mimport[0m [33mErrorDiagnosticsModal[0m [36mfrom[0m [32m"@/components/shared/ErrorDiagnosticsModal"[0m;
[31m[1m>[0m [90m 9 |[0m [36mimport[0m { [33mAuthInitializer[0m } [36mfrom[0m [32m'@/components/auth/AuthInitializer'[0m;
  [90m   |[0m [31m[1m^^^^^^^^^^^^^^^^^^^^^^^^^^^^^^^^^^^^^^^^^^^^^^^^^^^^^^^^^^^^^^^^^^^^[0m
  [90m10 |[0m [36mimport[0m { [33mTutorialModal[0m } [36mfrom[0m [32m'@/components/shared/TutorialModal'[0m;
  [90m11 |[0m
  [90m12 |[0m [36mconst[0m inter = [33mInter[0m({ subsets: [[32m"latin"[0m] });

Import map: aliased to relative './src/components/auth/AuthInitializer' inside of [project]/Desktop/hyperlocal-frontend


https://nextjs.org/docs/messages/module-not-found


⨯ ./Desktop/hyperlocal-frontend/src/app/layout.tsx:9:1
Module not found: Can't resolve '@/components/auth/AuthInitializer'
  [90m 7 |[0m [36mimport[0m { [33mToaster[0m } [36mfrom[0m [32m"@/components/ui/sonner"[0m;
  [90m 8 |[0m [36mimport[0m [33mErrorDiagnosticsModal[0m [36mfrom[0m [32m"@/components/shared/ErrorDiagnosticsModal"[0m;
[31m[1m>[0m [90m 9 |[0m [36mimport[0m { [33mAuthInitializer[0m } [36mfrom[0m [32m'@/components/auth/AuthInitializer'[0m;
  [90m   |[0m [31m[1m^^^^^^^^^^^^^^^^^^^^^^^^^^^^^^^^^^^^^^^^^^^^^^^^^^^^^^^^^^^^^^^^^^^^[0m
  [90m10 |[0m [36mimport[0m { [33mTutorialModal[0m } [36mfrom[0m [32m'@/components/shared/TutorialModal'[0m;
  [90m11 |[0m
  [90m12 |[0m [36mconst[0m inter = [33mInter[0m({ subsets: [[32m"latin"[0m] });

Import map: aliased to relative './src/components/auth/AuthInitializer' inside of [project]/Desktop/hyperlocal-frontend


https://nextjs.org/docs/messages/module-not-found


⨯ ./Desktop/hyperlocal-frontend/src/app/layout.tsx:9:1
Module not found: Can't resolve '@/components/auth/AuthInitializer'
  [90m 7 |[0m [36mimport[0m { [33mToaster[0m } [36mfrom[0m [32m"@/components/ui/sonner"[0m;
  [90m 8 |[0m [36mimport[0m [33mErrorDiagnosticsModal[0m [36mfrom[0m [32m"@/components/shared/ErrorDiagnosticsModal"[0m;
[31m[1m>[0m [90m 9 |[0m [36mimport[0m { [33mAuthInitializer[0m } [36mfrom[0m [32m'@/components/auth/AuthInitializer'[0m;
  [90m   |[0m [31m[1m^^^^^^^^^^^^^^^^^^^^^^^^^^^^^^^^^^^^^^^^^^^^^^^^^^^^^^^^^^^^^^^^^^^^[0m
  [90m10 |[0m [36mimport[0m { [33mTutorialModal[0m } [36mfrom[0m [32m'@/components/shared/TutorialModal'[0m;
  [90m11 |[0m
  [90m12 |[0m [36mconst[0m inter = [33mInter[0m({ subsets: [[32m"latin"[0m] });

Import map: aliased to relative './src/components/auth/AuthInitializer' inside of [project]/Desktop/hyperlocal-frontend


https://nextjs.org/docs/messages/module-not-found


⨯ ./Desktop/hyperlocal-frontend/src/app/layout.tsx:9:1
Module not found: Can't resolve '@/components/auth/AuthInitializer'
  [90m 7 |[0m [36mimport[0m { [33mToaster[0m } [36mfrom[0m [32m"@/components/ui/sonner"[0m;
  [90m 8 |[0m [36mimport[0m [33mErrorDiagnosticsModal[0m [36mfrom[0m [32m"@/components/shared/ErrorDiagnosticsModal"[0m;
[31m[1m>[0m [90m 9 |[0m [36mimport[0m { [33mAuthInitializer[0m } [36mfrom[0m [32m'@/components/auth/AuthInitializer'[0m;
  [90m   |[0m [31m[1m^^^^^^^^^^^^^^^^^^^^^^^^^^^^^^^^^^^^^^^^^^^^^^^^^^^^^^^^^^^^^^^^^^^^[0m
  [90m10 |[0m [36mimport[0m { [33mTutorialModal[0m } [36mfrom[0m [32m'@/components/shared/TutorialModal'[0m;
  [90m11 |[0m
  [90m12 |[0m [36mconst[0m inter = [33mInter[0m({ subsets: [[32m"latin"[0m] });

Import map: aliased to relative './src/components/auth/AuthInitializer' inside of [project]/Desktop/hyperlocal-frontend


https://nextjs.org/docs/messages/module-not-found


[browser] Uncaught Error: ./Desktop/hyperlocal-frontend/src/app/layout.tsx:9:1
Module not found: Can't resolve '@/components/auth/AuthInitializer'
   7 | import { Toaster } from "@/components/ui/sonner";
   8 | import ErrorDiagnosticsModal from "@/components/shared/ErrorDiagnosticsModal";
>  9 | import { AuthInitializer } from '@/components/auth/AuthInitializer';
     | ^^^^^^^^^^^^^^^^^^^^^^^^^^^^^^^^^^^^^^^^^^^^^^^^^^^^^^^^^^^^^^^^^^^^
  10 | import { TutorialModal } from '@/components/shared/TutorialModal';
  11 |
  12 | const inter = Inter({ subsets: ["latin"] });

Import map: aliased to relative './src/components/auth/AuthInitializer' inside of [project]/Desktop/hyperlocal-frontend


https://nextjs.org/docs/messages/module-not-found


    at <unknown> (Error: ./Desktop/hyperlocal-frontend/src/app/layout.tsx:9:1)
    at <unknown> (https://nextjs.org/docs/messages/module-not-found)
    at <unknown> (Error: (./Desktop/hyperlocal-frontend/src/app/layout.tsx:9:1)
    at <unknown> (https://nextjs.org/docs/messages/module-not-found)
[browser] Uncaught Error: ./Desktop/hyperlocal-frontend/src/app/layout.tsx:9:1
Module not found: Can't resolve '@/components/auth/AuthInitializer'
   7 | import { Toaster } from "@/components/ui/sonner";
   8 | import ErrorDiagnosticsModal from "@/components/shared/ErrorDiagnosticsModal";
>  9 | import { AuthInitializer } from '@/components/auth/AuthInitializer';
     | ^^^^^^^^^^^^^^^^^^^^^^^^^^^^^^^^^^^^^^^^^^^^^^^^^^^^^^^^^^^^^^^^^^^^
  10 | import { TutorialModal } from '@/components/shared/TutorialModal';
  11 |
  12 | const inter = Inter({ subsets: ["latin"] });

Import map: aliased to relative './src/components/auth/AuthInitializer' inside of [project]/Desktop/hyperlocal-frontend


https://nextjs.org/docs/messages/module-not-found


    at <unknown> (Error: ./Desktop/hyperlocal-frontend/src/app/layout.tsx:9:1)
    at <unknown> (https://nextjs.org/docs/messages/module-not-found)
    at <unknown> (Error: (./Desktop/hyperlocal-frontend/src/app/layout.tsx:9:1)
    at <unknown> (https://nextjs.org/docs/messages/module-not-found)
⨯ ./Desktop/hyperlocal-frontend/src/app/layout.tsx:9:1
Module not found: Can't resolve '@/components/auth/AuthInitializer'
  [90m 7 |[0m [36mimport[0m { [33mToaster[0m } [36mfrom[0m [32m"@/components/ui/sonner"[0m;
  [90m 8 |[0m [36mimport[0m [33mErrorDiagnosticsModal[0m [36mfrom[0m [32m"@/components/shared/ErrorDiagnosticsModal"[0m;
[31m[1m>[0m [90m 9 |[0m [36mimport[0m { [33mAuthInitializer[0m } [36mfrom[0m [32m'@/components/auth/AuthInitializer'[0m;
  [90m   |[0m [31m[1m^^^^^^^^^^^^^^^^^^^^^^^^^^^^^^^^^^^^^^^^^^^^^^^^^^^^^^^^^^^^^^^^^^^^[0m
  [90m10 |[0m [36mimport[0m { [33mTutorialModal[0m } [36mfrom[0m [32m'@/components/shared/TutorialModal'[0m;
  [90m11 |[0m
  [90m12 |[0m [36mconst[0m inter = [33mInter[0m({ subsets: [[32m"latin"[0m] });

Import map: aliased to relative './src/components/auth/AuthInitializer' inside of [project]/Desktop/hyperlocal-frontend


https://nextjs.org/docs/messages/module-not-found


⨯ ./Desktop/hyperlocal-frontend/src/app/layout.tsx:9:1
Module not found: Can't resolve '@/components/auth/AuthInitializer'
  [90m 7 |[0m [36mimport[0m { [33mToaster[0m } [36mfrom[0m [32m"@/components/ui/sonner"[0m;
  [90m 8 |[0m [36mimport[0m [33mErrorDiagnosticsModal[0m [36mfrom[0m [32m"@/components/shared/ErrorDiagnosticsModal"[0m;
[31m[1m>[0m [90m 9 |[0m [36mimport[0m { [33mAuthInitializer[0m } [36mfrom[0m [32m'@/components/auth/AuthInitializer'[0m;
  [90m   |[0m [31m[1m^^^^^^^^^^^^^^^^^^^^^^^^^^^^^^^^^^^^^^^^^^^^^^^^^^^^^^^^^^^^^^^^^^^^[0m
  [90m10 |[0m [36mimport[0m { [33mTutorialModal[0m } [36mfrom[0m [32m'@/components/shared/TutorialModal'[0m;
  [90m11 |[0m
  [90m12 |[0m [36mconst[0m inter = [33mInter[0m({ subsets: [[32m"latin"[0m] });

Import map: aliased to relative './src/components/auth/AuthInitializer' inside of [project]/Desktop/hyperlocal-frontend


https://nextjs.org/docs/messages/module-not-found


⨯ ./Desktop/hyperlocal-frontend/src/app/layout.tsx:9:1
Module not found: Can't resolve '@/components/auth/AuthInitializer'
  [90m 7 |[0m [36mimport[0m { [33mToaster[0m } [36mfrom[0m [32m"@/components/ui/sonner"[0m;
  [90m 8 |[0m [36mimport[0m [33mErrorDiagnosticsModal[0m [36mfrom[0m [32m"@/components/shared/ErrorDiagnosticsModal"[0m;
[31m[1m>[0m [90m 9 |[0m [36mimport[0m { [33mAuthInitializer[0m } [36mfrom[0m [32m'@/components/auth/AuthInitializer'[0m;
  [90m   |[0m [31m[1m^^^^^^^^^^^^^^^^^^^^^^^^^^^^^^^^^^^^^^^^^^^^^^^^^^^^^^^^^^^^^^^^^^^^[0m
  [90m10 |[0m [36mimport[0m { [33mTutorialModal[0m } [36mfrom[0m [32m'@/components/shared/TutorialModal'[0m;
  [90m11 |[0m
  [90m12 |[0m [36mconst[0m inter = [33mInter[0m({ subsets: [[32m"latin"[0m] });

Import map: aliased to relative './src/components/auth/AuthInitializer' inside of [project]/Desktop/hyperlocal-frontend


https://nextjs.org/docs/messages/module-not-found


⨯ ./Desktop/hyperlocal-frontend/src/app/layout.tsx:9:1
Module not found: Can't resolve '@/components/auth/AuthInitializer'
  [90m 7 |[0m [36mimport[0m { [33mToaster[0m } [36mfrom[0m [32m"@/components/ui/sonner"[0m;
  [90m 8 |[0m [36mimport[0m [33mErrorDiagnosticsModal[0m [36mfrom[0m [32m"@/components/shared/ErrorDiagnosticsModal"[0m;
[31m[1m>[0m [90m 9 |[0m [36mimport[0m { [33mAuthInitializer[0m } [36mfrom[0m [32m'@/components/auth/AuthInitializer'[0m;
  [90m   |[0m [31m[1m^^^^^^^^^^^^^^^^^^^^^^^^^^^^^^^^^^^^^^^^^^^^^^^^^^^^^^^^^^^^^^^^^^^^[0m
  [90m10 |[0m [36mimport[0m { [33mTutorialModal[0m } [36mfrom[0m [32m'@/components/shared/TutorialModal'[0m;
  [90m11 |[0m
  [90m12 |[0m [36mconst[0m inter = [33mInter[0m({ subsets: [[32m"latin"[0m] });

Import map: aliased to relative './src/components/auth/AuthInitializer' inside of [project]/Desktop/hyperlocal-frontend


https://nextjs.org/docs/messages/module-not-found


⨯ ./Desktop/hyperlocal-frontend/src/app/layout.tsx:9:1
Module not found: Can't resolve '@/components/auth/AuthInitializer'
  [90m 7 |[0m [36mimport[0m { [33mToaster[0m } [36mfrom[0m [32m"@/components/ui/sonner"[0m;
  [90m 8 |[0m [36mimport[0m [33mErrorDiagnosticsModal[0m [36mfrom[0m [32m"@/components/shared/ErrorDiagnosticsModal"[0m;
[31m[1m>[0m [90m 9 |[0m [36mimport[0m { [33mAuthInitializer[0m } [36mfrom[0m [32m'@/components/auth/AuthInitializer'[0m;
  [90m   |[0m [31m[1m^^^^^^^^^^^^^^^^^^^^^^^^^^^^^^^^^^^^^^^^^^^^^^^^^^^^^^^^^^^^^^^^^^^^[0m
  [90m10 |[0m [36mimport[0m { [33mTutorialModal[0m } [36mfrom[0m [32m'@/components/shared/TutorialModal'[0m;
  [90m11 |[0m
  [90m12 |[0m [36mconst[0m inter = [33mInter[0m({ subsets: [[32m"latin"[0m] });

Import map: aliased to relative './src/components/auth/AuthInitializer' inside of [project]/Desktop/hyperlocal-frontend


https://nextjs.org/docs/messages/module-not-found


⨯ ./Desktop/hyperlocal-frontend/src/app/layout.tsx:9:1
Module not found: Can't resolve '@/components/auth/AuthInitializer'
  [90m 7 |[0m [36mimport[0m { [33mToaster[0m } [36mfrom[0m [32m"@/components/ui/sonner"[0m;
  [90m 8 |[0m [36mimport[0m [33mErrorDiagnosticsModal[0m [36mfrom[0m [32m"@/components/shared/ErrorDiagnosticsModal"[0m;
[31m[1m>[0m [90m 9 |[0m [36mimport[0m { [33mAuthInitializer[0m } [36mfrom[0m [32m'@/components/auth/AuthInitializer'[0m;
  [90m   |[0m [31m[1m^^^^^^^^^^^^^^^^^^^^^^^^^^^^^^^^^^^^^^^^^^^^^^^^^^^^^^^^^^^^^^^^^^^^[0m
  [90m10 |[0m [36mimport[0m { [33mTutorialModal[0m } [36mfrom[0m [32m'@/components/shared/TutorialModal'[0m;
  [90m11 |[0m
  [90m12 |[0m [36mconst[0m inter = [33mInter[0m({ subsets: [[32m"latin"[0m] });

Import map: aliased to relative './src/components/auth/AuthInitializer' inside of [project]/Desktop/hyperlocal-frontend


https://nextjs.org/docs/messages/module-not-found


⨯ ./Desktop/hyperlocal-frontend/src/app/layout.tsx:9:1
Module not found: Can't resolve '@/components/auth/AuthInitializer'
  [90m 7 |[0m [36mimport[0m { [33mToaster[0m } [36mfrom[0m [32m"@/components/ui/sonner"[0m;
  [90m 8 |[0m [36mimport[0m [33mErrorDiagnosticsModal[0m [36mfrom[0m [32m"@/components/shared/ErrorDiagnosticsModal"[0m;
[31m[1m>[0m [90m 9 |[0m [36mimport[0m { [33mAuthInitializer[0m } [36mfrom[0m [32m'@/components/auth/AuthInitializer'[0m;
  [90m   |[0m [31m[1m^^^^^^^^^^^^^^^^^^^^^^^^^^^^^^^^^^^^^^^^^^^^^^^^^^^^^^^^^^^^^^^^^^^^[0m
  [90m10 |[0m [36mimport[0m { [33mTutorialModal[0m } [36mfrom[0m [32m'@/components/shared/TutorialModal'[0m;
  [90m11 |[0m
  [90m12 |[0m [36mconst[0m inter = [33mInter[0m({ subsets: [[32m"latin"[0m] });

Import map: aliased to relative './src/components/auth/AuthInitializer' inside of [project]/Desktop/hyperlocal-frontend


https://nextjs.org/docs/messages/module-not-found


⨯ ./Desktop/hyperlocal-frontend/src/app/layout.tsx:9:1
Module not found: Can't resolve '@/components/auth/AuthInitializer'
  [90m 7 |[0m [36mimport[0m { [33mToaster[0m } [36mfrom[0m [32m"@/components/ui/sonner"[0m;
  [90m 8 |[0m [36mimport[0m [33mErrorDiagnosticsModal[0m [36mfrom[0m [32m"@/components/shared/ErrorDiagnosticsModal"[0m;
[31m[1m>[0m [90m 9 |[0m [36mimport[0m { [33mAuthInitializer[0m } [36mfrom[0m [32m'@/components/auth/AuthInitializer'[0m;
  [90m   |[0m [31m[1m^^^^^^^^^^^^^^^^^^^^^^^^^^^^^^^^^^^^^^^^^^^^^^^^^^^^^^^^^^^^^^^^^^^^[0m
  [90m10 |[0m [36mimport[0m { [33mTutorialModal[0m } [36mfrom[0m [32m'@/components/shared/TutorialModal'[0m;
  [90m11 |[0m
  [90m12 |[0m [36mconst[0m inter = [33mInter[0m({ subsets: [[32m"latin"[0m] });

Import map: aliased to relative './src/components/auth/AuthInitializer' inside of [project]/Desktop/hyperlocal-frontend


https://nextjs.org/docs/messages/module-not-found


⨯ ./Desktop/hyperlocal-frontend/src/app/layout.tsx:9:1
Module not found: Can't resolve '@/components/auth/AuthInitializer'
  [90m 7 |[0m [36mimport[0m { [33mToaster[0m } [36mfrom[0m [32m"@/components/ui/sonner"[0m;
  [90m 8 |[0m [36mimport[0m [33mErrorDiagnosticsModal[0m [36mfrom[0m [32m"@/components/shared/ErrorDiagnosticsModal"[0m;
[31m[1m>[0m [90m 9 |[0m [36mimport[0m { [33mAuthInitializer[0m } [36mfrom[0m [32m'@/components/auth/AuthInitializer'[0m;
  [90m   |[0m [31m[1m^^^^^^^^^^^^^^^^^^^^^^^^^^^^^^^^^^^^^^^^^^^^^^^^^^^^^^^^^^^^^^^^^^^^[0m
  [90m10 |[0m [36mimport[0m { [33mTutorialModal[0m } [36mfrom[0m [32m'@/components/shared/TutorialModal'[0m;
  [90m11 |[0m
  [90m12 |[0m [36mconst[0m inter = [33mInter[0m({ subsets: [[32m"latin"[0m] });

Import map: aliased to relative './src/components/auth/AuthInitializer' inside of [project]/Desktop/hyperlocal-frontend


https://nextjs.org/docs/messages/module-not-found


⨯ ./Desktop/hyperlocal-frontend/src/app/layout.tsx:9:1
Module not found: Can't resolve '@/components/auth/AuthInitializer'
  [90m 7 |[0m [36mimport[0m { [33mToaster[0m } [36mfrom[0m [32m"@/components/ui/sonner"[0m;
  [90m 8 |[0m [36mimport[0m [33mErrorDiagnosticsModal[0m [36mfrom[0m [32m"@/components/shared/ErrorDiagnosticsModal"[0m;
[31m[1m>[0m [90m 9 |[0m [36mimport[0m { [33mAuthInitializer[0m } [36mfrom[0m [32m'@/components/auth/AuthInitializer'[0m;
  [90m   |[0m [31m[1m^^^^^^^^^^^^^^^^^^^^^^^^^^^^^^^^^^^^^^^^^^^^^^^^^^^^^^^^^^^^^^^^^^^^[0m
  [90m10 |[0m [36mimport[0m { [33mTutorialModal[0m } [36mfrom[0m [32m'@/components/shared/TutorialModal'[0m;
  [90m11 |[0m
  [90m12 |[0m [36mconst[0m inter = [33mInter[0m({ subsets: [[32m"latin"[0m] });

Import map: aliased to relative './src/components/auth/AuthInitializer' inside of [project]/Desktop/hyperlocal-frontend


https://nextjs.org/docs/messages/module-not-found


[browser] Uncaught Error: ./Desktop/hyperlocal-frontend/src/app/layout.tsx:9:1
Module not found: Can't resolve '@/components/auth/AuthInitializer'
   7 | import { Toaster } from "@/components/ui/sonner";
   8 | import ErrorDiagnosticsModal from "@/components/shared/ErrorDiagnosticsModal";
>  9 | import { AuthInitializer } from '@/components/auth/AuthInitializer';
     | ^^^^^^^^^^^^^^^^^^^^^^^^^^^^^^^^^^^^^^^^^^^^^^^^^^^^^^^^^^^^^^^^^^^^
  10 | import { TutorialModal } from '@/components/shared/TutorialModal';
  11 |
  12 | const inter = Inter({ subsets: ["latin"] });

Import map: aliased to relative './src/components/auth/AuthInitializer' inside of [project]/Desktop/hyperlocal-frontend


https://nextjs.org/docs/messages/module-not-found


    at <unknown> (Error: ./Desktop/hyperlocal-frontend/src/app/layout.tsx:9:1)
    at <unknown> (https://nextjs.org/docs/messages/module-not-found)
    at <unknown> (Error: (./Desktop/hyperlocal-frontend/src/app/layout.tsx:9:1)
    at <unknown> (https://nextjs.org/docs/messages/module-not-found)
[browser] Uncaught Error: ./Desktop/hyperlocal-frontend/src/app/layout.tsx:9:1
Module not found: Can't resolve '@/components/auth/AuthInitializer'
   7 | import { Toaster } from "@/components/ui/sonner";
   8 | import ErrorDiagnosticsModal from "@/components/shared/ErrorDiagnosticsModal";
>  9 | import { AuthInitializer } from '@/components/auth/AuthInitializer';
     | ^^^^^^^^^^^^^^^^^^^^^^^^^^^^^^^^^^^^^^^^^^^^^^^^^^^^^^^^^^^^^^^^^^^^
  10 | import { TutorialModal } from '@/components/shared/TutorialModal';
  11 |
  12 | const inter = Inter({ subsets: ["latin"] });

Import map: aliased to relative './src/components/auth/AuthInitializer' inside of [project]/Desktop/hyperlocal-frontend


https://nextjs.org/docs/messages/module-not-found


    at <unknown> (Error: ./Desktop/hyperlocal-frontend/src/app/layout.tsx:9:1)
    at <unknown> (https://nextjs.org/docs/messages/module-not-found)
    at <unknown> (Error: (./Desktop/hyperlocal-frontend/src/app/layout.tsx:9:1)
    at <unknown> (https://nextjs.org/docs/messages/module-not-found)
[browser] ./Desktop/hyperlocal-frontend/src/app/layout.tsx:9:1
Module not found: Can't resolve '@/components/auth/AuthInitializer'
   7 | import { Toaster } from "@/components/ui/sonner";
   8 | import ErrorDiagnosticsModal from "@/components/shared/ErrorDiagnosticsModal";
>  9 | import { AuthInitializer } from '@/components/auth/AuthInitializer';
     | ^^^^^^^^^^^^^^^^^^^^^^^^^^^^^^^^^^^^^^^^^^^^^^^^^^^^^^^^^^^^^^^^^^^^
  10 | import { TutorialModal } from '@/components/shared/TutorialModal';
  11 |
  12 | const inter = Inter({ subsets: ["latin"] });

Import map: aliased to relative './src/components/auth/AuthInitializer' inside of [project]/Desktop/hyperlocal-frontend

https://nextjs.org/docs/messages/module-not-found 
[browser] ./Desktop/hyperlocal-frontend/src/app/layout.tsx:9:1
Module not found: Can't resolve '@/components/auth/AuthInitializer'
   7 | import { Toaster } from "@/components/ui/sonner";
   8 | import ErrorDiagnosticsModal from "@/components/shared/ErrorDiagnosticsModal";
>  9 | import { AuthInitializer } from '@/components/auth/AuthInitializer';
     | ^^^^^^^^^^^^^^^^^^^^^^^^^^^^^^^^^^^^^^^^^^^^^^^^^^^^^^^^^^^^^^^^^^^^
  10 | import { TutorialModal } from '@/components/shared/TutorialModal';
  11 |
  12 | const inter = Inter({ subsets: ["latin"] });

Import map: aliased to relative './src/components/auth/AuthInitializer' inside of [project]/Desktop/hyperlocal-frontend

https://nextjs.org/docs/messages/module-not-found 
[browser] ./Desktop/hyperlocal-frontend/src/app/layout.tsx:9:1
Module not found: Can't resolve '@/components/auth/AuthInitializer'
   7 | import { Toaster } from "@/components/ui/sonner";
   8 | import ErrorDiagnosticsModal from "@/components/shared/ErrorDiagnosticsModal";
>  9 | import { AuthInitializer } from '@/components/auth/AuthInitializer';
     | ^^^^^^^^^^^^^^^^^^^^^^^^^^^^^^^^^^^^^^^^^^^^^^^^^^^^^^^^^^^^^^^^^^^^
  10 | import { TutorialModal } from '@/components/shared/TutorialModal';
  11 |
  12 | const inter = Inter({ subsets: ["latin"] });

Import map: aliased to relative './src/components/auth/AuthInitializer' inside of [project]/Desktop/hyperlocal-frontend

https://nextjs.org/docs/messages/module-not-found 
[browser] ./Desktop/hyperlocal-frontend/src/app/layout.tsx:9:1
Module not found: Can't resolve '@/components/auth/AuthInitializer'
   7 | import { Toaster } from "@/components/ui/sonner";
   8 | import ErrorDiagnosticsModal from "@/components/shared/ErrorDiagnosticsModal";
>  9 | import { AuthInitializer } from '@/components/auth/AuthInitializer';
     | ^^^^^^^^^^^^^^^^^^^^^^^^^^^^^^^^^^^^^^^^^^^^^^^^^^^^^^^^^^^^^^^^^^^^
  10 | import { TutorialModal } from '@/components/shared/TutorialModal';
  11 |
  12 | const inter = Inter({ subsets: ["latin"] });

Import map: aliased to relative './src/components/auth/AuthInitializer' inside of [project]/Desktop/hyperlocal-frontend

https://nextjs.org/docs/messages/module-not-found 
[browser] ./Desktop/hyperlocal-frontend/src/app/layout.tsx:9:1
Module not found: Can't resolve '@/components/auth/AuthInitializer'
   7 | import { Toaster } from "@/components/ui/sonner";
   8 | import ErrorDiagnosticsModal from "@/components/shared/ErrorDiagnosticsModal";
>  9 | import { AuthInitializer } from '@/components/auth/AuthInitializer';
     | ^^^^^^^^^^^^^^^^^^^^^^^^^^^^^^^^^^^^^^^^^^^^^^^^^^^^^^^^^^^^^^^^^^^^
  10 | import { TutorialModal } from '@/components/shared/TutorialModal';
  11 |
  12 | const inter = Inter({ subsets: ["latin"] });

Import map: aliased to relative './src/components/auth/AuthInitializer' inside of [project]/Desktop/hyperlocal-frontend

https://nextjs.org/docs/messages/module-not-found 
[browser] ./Desktop/hyperlocal-frontend/src/app/layout.tsx:9:1
Module not found: Can't resolve '@/components/auth/AuthInitializer'
   7 | import { Toaster } from "@/components/ui/sonner";
   8 | import ErrorDiagnosticsModal from "@/components/shared/ErrorDiagnosticsModal";
>  9 | import { AuthInitializer } from '@/components/auth/AuthInitializer';
     | ^^^^^^^^^^^^^^^^^^^^^^^^^^^^^^^^^^^^^^^^^^^^^^^^^^^^^^^^^^^^^^^^^^^^
  10 | import { TutorialModal } from '@/components/shared/TutorialModal';
  11 |
  12 | const inter = Inter({ subsets: ["latin"] });

Import map: aliased to relative './src/components/auth/AuthInitializer' inside of [project]/Desktop/hyperlocal-frontend

https://nextjs.org/docs/messages/module-not-found 
[browser] ./Desktop/hyperlocal-frontend/src/app/layout.tsx:9:1
Module not found: Can't resolve '@/components/auth/AuthInitializer'
   7 | import { Toaster } from "@/components/ui/sonner";
   8 | import ErrorDiagnosticsModal from "@/components/shared/ErrorDiagnosticsModal";
>  9 | import { AuthInitializer } from '@/components/auth/AuthInitializer';
     | ^^^^^^^^^^^^^^^^^^^^^^^^^^^^^^^^^^^^^^^^^^^^^^^^^^^^^^^^^^^^^^^^^^^^
  10 | import { TutorialModal } from '@/components/shared/TutorialModal';
  11 |
  12 | const inter = Inter({ subsets: ["latin"] });

Import map: aliased to relative './src/components/auth/AuthInitializer' inside of [project]/Desktop/hyperlocal-frontend

https://nextjs.org/docs/messages/module-not-found 
[browser] ./Desktop/hyperlocal-frontend/src/app/layout.tsx:9:1
Module not found: Can't resolve '@/components/auth/AuthInitializer'
   7 | import { Toaster } from "@/components/ui/sonner";
   8 | import ErrorDiagnosticsModal from "@/components/shared/ErrorDiagnosticsModal";
>  9 | import { AuthInitializer } from '@/components/auth/AuthInitializer';
     | ^^^^^^^^^^^^^^^^^^^^^^^^^^^^^^^^^^^^^^^^^^^^^^^^^^^^^^^^^^^^^^^^^^^^
  10 | import { TutorialModal } from '@/components/shared/TutorialModal';
  11 |
  12 | const inter = Inter({ subsets: ["latin"] });

Import map: aliased to relative './src/components/auth/AuthInitializer' inside of [project]/Desktop/hyperlocal-frontend

https://nextjs.org/docs/messages/module-not-found 
[browser] ./Desktop/hyperlocal-frontend/src/app/layout.tsx:9:1
Module not found: Can't resolve '@/components/auth/AuthInitializer'
   7 | import { Toaster } from "@/components/ui/sonner";
   8 | import ErrorDiagnosticsModal from "@/components/shared/ErrorDiagnosticsModal";
>  9 | import { AuthInitializer } from '@/components/auth/AuthInitializer';
     | ^^^^^^^^^^^^^^^^^^^^^^^^^^^^^^^^^^^^^^^^^^^^^^^^^^^^^^^^^^^^^^^^^^^^
  10 | import { TutorialModal } from '@/components/shared/TutorialModal';
  11 |
  12 | const inter = Inter({ subsets: ["latin"] });

Import map: aliased to relative './src/components/auth/AuthInitializer' inside of [project]/Desktop/hyperlocal-frontend

https://nextjs.org/docs/messages/module-not-found 
[browser] ./Desktop/hyperlocal-frontend/src/app/layout.tsx:9:1
Module not found: Can't resolve '@/components/auth/AuthInitializer'
   7 | import { Toaster } from "@/components/ui/sonner";
   8 | import ErrorDiagnosticsModal from "@/components/shared/ErrorDiagnosticsModal";
>  9 | import { AuthInitializer } from '@/components/auth/AuthInitializer';
     | ^^^^^^^^^^^^^^^^^^^^^^^^^^^^^^^^^^^^^^^^^^^^^^^^^^^^^^^^^^^^^^^^^^^^
  10 | import { TutorialModal } from '@/components/shared/TutorialModal';
  11 |
  12 | const inter = Inter({ subsets: ["latin"] });

Import map: aliased to relative './src/components/auth/AuthInitializer' inside of [project]/Desktop/hyperlocal-frontend

https://nextjs.org/docs/messages/module-not-found 
[browser] ./Desktop/hyperlocal-frontend/src/app/layout.tsx:9:1
Module not found: Can't resolve '@/components/auth/AuthInitializer'
   7 | import { Toaster } from "@/components/ui/sonner";
   8 | import ErrorDiagnosticsModal from "@/components/shared/ErrorDiagnosticsModal";
>  9 | import { AuthInitializer } from '@/components/auth/AuthInitializer';
     | ^^^^^^^^^^^^^^^^^^^^^^^^^^^^^^^^^^^^^^^^^^^^^^^^^^^^^^^^^^^^^^^^^^^^
  10 | import { TutorialModal } from '@/components/shared/TutorialModal';
  11 |
  12 | const inter = Inter({ subsets: ["latin"] });

Import map: aliased to relative './src/components/auth/AuthInitializer' inside of [project]/Desktop/hyperlocal-frontend

https://nextjs.org/docs/messages/module-not-found 
[browser] ./Desktop/hyperlocal-frontend/src/app/layout.tsx:9:1
Module not found: Can't resolve '@/components/auth/AuthInitializer'
   7 | import { Toaster } from "@/components/ui/sonner";
   8 | import ErrorDiagnosticsModal from "@/components/shared/ErrorDiagnosticsModal";
>  9 | import { AuthInitializer } from '@/components/auth/AuthInitializer';
     | ^^^^^^^^^^^^^^^^^^^^^^^^^^^^^^^^^^^^^^^^^^^^^^^^^^^^^^^^^^^^^^^^^^^^
  10 | import { TutorialModal } from '@/components/shared/TutorialModal';
  11 |
  12 | const inter = Inter({ subsets: ["latin"] });

Import map: aliased to relative './src/components/auth/AuthInitializer' inside of [project]/Desktop/hyperlocal-frontend

https://nextjs.org/docs/messages/module-not-found 
[browser] ./Desktop/hyperlocal-frontend/src/app/layout.tsx:9:1
Module not found: Can't resolve '@/components/auth/AuthInitializer'
   7 | import { Toaster } from "@/components/ui/sonner";
   8 | import ErrorDiagnosticsModal from "@/components/shared/ErrorDiagnosticsModal";
>  9 | import { AuthInitializer } from '@/components/auth/AuthInitializer';
     | ^^^^^^^^^^^^^^^^^^^^^^^^^^^^^^^^^^^^^^^^^^^^^^^^^^^^^^^^^^^^^^^^^^^^
  10 | import { TutorialModal } from '@/components/shared/TutorialModal';
  11 |
  12 | const inter = Inter({ subsets: ["latin"] });

Import map: aliased to relative './src/components/auth/AuthInitializer' inside of [project]/Desktop/hyperlocal-frontend

https://nextjs.org/docs/messages/module-not-found 
[browser] ./Desktop/hyperlocal-frontend/src/app/layout.tsx:9:1
Module not found: Can't resolve '@/components/auth/AuthInitializer'
   7 | import { Toaster } from "@/components/ui/sonner";
   8 | import ErrorDiagnosticsModal from "@/components/shared/ErrorDiagnosticsModal";
>  9 | import { AuthInitializer } from '@/components/auth/AuthInitializer';
     | ^^^^^^^^^^^^^^^^^^^^^^^^^^^^^^^^^^^^^^^^^^^^^^^^^^^^^^^^^^^^^^^^^^^^
  10 | import { TutorialModal } from '@/components/shared/TutorialModal';
  11 |
  12 | const inter = Inter({ subsets: ["latin"] });

Import map: aliased to relative './src/components/auth/AuthInitializer' inside of [project]/Desktop/hyperlocal-frontend

https://nextjs.org/docs/messages/module-not-found 
[browser] ./Desktop/hyperlocal-frontend/src/app/layout.tsx:9:1
Module not found: Can't resolve '@/components/auth/AuthInitializer'
   7 | import { Toaster } from "@/components/ui/sonner";
   8 | import ErrorDiagnosticsModal from "@/components/shared/ErrorDiagnosticsModal";
>  9 | import { AuthInitializer } from '@/components/auth/AuthInitializer';
     | ^^^^^^^^^^^^^^^^^^^^^^^^^^^^^^^^^^^^^^^^^^^^^^^^^^^^^^^^^^^^^^^^^^^^
  10 | import { TutorialModal } from '@/components/shared/TutorialModal';
  11 |
  12 | const inter = Inter({ subsets: ["latin"] });

Import map: aliased to relative './src/components/auth/AuthInitializer' inside of [project]/Desktop/hyperlocal-frontend

https://nextjs.org/docs/messages/module-not-found 
[browser] ./Desktop/hyperlocal-frontend/src/app/layout.tsx:9:1
Module not found: Can't resolve '@/components/auth/AuthInitializer'
   7 | import { Toaster } from "@/components/ui/sonner";
   8 | import ErrorDiagnosticsModal from "@/components/shared/ErrorDiagnosticsModal";
>  9 | import { AuthInitializer } from '@/components/auth/AuthInitializer';
     | ^^^^^^^^^^^^^^^^^^^^^^^^^^^^^^^^^^^^^^^^^^^^^^^^^^^^^^^^^^^^^^^^^^^^
  10 | import { TutorialModal } from '@/components/shared/TutorialModal';
  11 |
  12 | const inter = Inter({ subsets: ["latin"] });

Import map: aliased to relative './src/components/auth/AuthInitializer' inside of [project]/Desktop/hyperlocal-frontend

https://nextjs.org/docs/messages/module-not-found 
[browser] ./Desktop/hyperlocal-frontend/src/app/layout.tsx:9:1
Module not found: Can't resolve '@/components/auth/AuthInitializer'
   7 | import { Toaster } from "@/components/ui/sonner";
   8 | import ErrorDiagnosticsModal from "@/components/shared/ErrorDiagnosticsModal";
>  9 | import { AuthInitializer } from '@/components/auth/AuthInitializer';
     | ^^^^^^^^^^^^^^^^^^^^^^^^^^^^^^^^^^^^^^^^^^^^^^^^^^^^^^^^^^^^^^^^^^^^
  10 | import { TutorialModal } from '@/components/shared/TutorialModal';
  11 |
  12 | const inter = Inter({ subsets: ["latin"] });

Import map: aliased to relative './src/components/auth/AuthInitializer' inside of [project]/Desktop/hyperlocal-frontend

https://nextjs.org/docs/messages/module-not-found 
[browser] ./Desktop/hyperlocal-frontend/src/app/layout.tsx:9:1
Module not found: Can't resolve '@/components/auth/AuthInitializer'
   7 | import { Toaster } from "@/components/ui/sonner";
   8 | import ErrorDiagnosticsModal from "@/components/shared/ErrorDiagnosticsModal";
>  9 | import { AuthInitializer } from '@/components/auth/AuthInitializer';
     | ^^^^^^^^^^^^^^^^^^^^^^^^^^^^^^^^^^^^^^^^^^^^^^^^^^^^^^^^^^^^^^^^^^^^
  10 | import { TutorialModal } from '@/components/shared/TutorialModal';
  11 |
  12 | const inter = Inter({ subsets: ["latin"] });

Import map: aliased to relative './src/components/auth/AuthInitializer' inside of [project]/Desktop/hyperlocal-frontend

https://nextjs.org/docs/messages/module-not-found 
[browser] ./Desktop/hyperlocal-frontend/src/app/layout.tsx:9:1
Module not found: Can't resolve '@/components/auth/AuthInitializer'
   7 | import { Toaster } from "@/components/ui/sonner";
   8 | import ErrorDiagnosticsModal from "@/components/shared/ErrorDiagnosticsModal";
>  9 | import { AuthInitializer } from '@/components/auth/AuthInitializer';
     | ^^^^^^^^^^^^^^^^^^^^^^^^^^^^^^^^^^^^^^^^^^^^^^^^^^^^^^^^^^^^^^^^^^^^
  10 | import { TutorialModal } from '@/components/shared/TutorialModal';
  11 |
  12 | const inter = Inter({ subsets: ["latin"] });

Import map: aliased to relative './src/components/auth/AuthInitializer' inside of [project]/Desktop/hyperlocal-frontend

https://nextjs.org/docs/messages/module-not-found 
[browser] ./Desktop/hyperlocal-frontend/src/app/layout.tsx:9:1
Module not found: Can't resolve '@/components/auth/AuthInitializer'
   7 | import { Toaster } from "@/components/ui/sonner";
   8 | import ErrorDiagnosticsModal from "@/components/shared/ErrorDiagnosticsModal";
>  9 | import { AuthInitializer } from '@/components/auth/AuthInitializer';
     | ^^^^^^^^^^^^^^^^^^^^^^^^^^^^^^^^^^^^^^^^^^^^^^^^^^^^^^^^^^^^^^^^^^^^
  10 | import { TutorialModal } from '@/components/shared/TutorialModal';
  11 |
  12 | const inter = Inter({ subsets: ["latin"] });

Import map: aliased to relative './src/components/auth/AuthInitializer' inside of [project]/Desktop/hyperlocal-frontend

https://nextjs.org/docs/messages/module-not-found 
⨯ ./Desktop/hyperlocal-frontend/src/app/layout.tsx:9:1
Module not found: Can't resolve '@/components/auth/AuthInitializer'
  [90m 7 |[0m [36mimport[0m { [33mToaster[0m } [36mfrom[0m [32m"@/components/ui/sonner"[0m;
  [90m 8 |[0m [36mimport[0m [33mErrorDiagnosticsModal[0m [36mfrom[0m [32m"@/components/shared/ErrorDiagnosticsModal"[0m;
[31m[1m>[0m [90m 9 |[0m [36mimport[0m { [33mAuthInitializer[0m } [36mfrom[0m [32m'@/components/auth/AuthInitializer'[0m;
  [90m   |[0m [31m[1m^^^^^^^^^^^^^^^^^^^^^^^^^^^^^^^^^^^^^^^^^^^^^^^^^^^^^^^^^^^^^^^^^^^^[0m
  [90m10 |[0m [36mimport[0m { [33mTutorialModal[0m } [36mfrom[0m [32m'@/components/shared/TutorialModal'[0m;
  [90m11 |[0m
  [90m12 |[0m [36mconst[0m inter = [33mInter[0m({ subsets: [[32m"latin"[0m] });

Import map: aliased to relative './src/components/auth/AuthInitializer' inside of [project]/Desktop/hyperlocal-frontend


https://nextjs.org/docs/messages/module-not-found


[browser] Uncaught Error: ./Desktop/hyperlocal-frontend/src/app/layout.tsx:9:1
Module not found: Can't resolve '@/components/auth/AuthInitializer'
   7 | import { Toaster } from "@/components/ui/sonner";
   8 | import ErrorDiagnosticsModal from "@/components/shared/ErrorDiagnosticsModal";
>  9 | import { AuthInitializer } from '@/components/auth/AuthInitializer';
     | ^^^^^^^^^^^^^^^^^^^^^^^^^^^^^^^^^^^^^^^^^^^^^^^^^^^^^^^^^^^^^^^^^^^^
  10 | import { TutorialModal } from '@/components/shared/TutorialModal';
  11 |
  12 | const inter = Inter({ subsets: ["latin"] });

Import map: aliased to relative './src/components/auth/AuthInitializer' inside of [project]/Desktop/hyperlocal-frontend


https://nextjs.org/docs/messages/module-not-found


    at <unknown> (Error: ./Desktop/hyperlocal-frontend/src/app/layout.tsx:9:1)
    at <unknown> (https://nextjs.org/docs/messages/module-not-found)
    at <unknown> (Error: (./Desktop/hyperlocal-frontend/src/app/layout.tsx:9:1)
    at <unknown> (https://nextjs.org/docs/messages/module-not-found)
[browser] ./Desktop/hyperlocal-frontend/src/app/layout.tsx:9:1
Module not found: Can't resolve '@/components/auth/AuthInitializer'
   7 | import { Toaster } from "@/components/ui/sonner";
   8 | import ErrorDiagnosticsModal from "@/components/shared/ErrorDiagnosticsModal";
>  9 | import { AuthInitializer } from '@/components/auth/AuthInitializer';
     | ^^^^^^^^^^^^^^^^^^^^^^^^^^^^^^^^^^^^^^^^^^^^^^^^^^^^^^^^^^^^^^^^^^^^
  10 | import { TutorialModal } from '@/components/shared/TutorialModal';
  11 |
  12 | const inter = Inter({ subsets: ["latin"] });

Import map: aliased to relative './src/components/auth/AuthInitializer' inside of [project]/Desktop/hyperlocal-frontend

https://nextjs.org/docs/messages/module-not-found 
[browser] ./Desktop/hyperlocal-frontend/src/app/layout.tsx:9:1
Module not found: Can't resolve '@/components/auth/AuthInitializer'
   7 | import { Toaster } from "@/components/ui/sonner";
   8 | import ErrorDiagnosticsModal from "@/components/shared/ErrorDiagnosticsModal";
>  9 | import { AuthInitializer } from '@/components/auth/AuthInitializer';
     | ^^^^^^^^^^^^^^^^^^^^^^^^^^^^^^^^^^^^^^^^^^^^^^^^^^^^^^^^^^^^^^^^^^^^
  10 | import { TutorialModal } from '@/components/shared/TutorialModal';
  11 |
  12 | const inter = Inter({ subsets: ["latin"] });

Import map: aliased to relative './src/components/auth/AuthInitializer' inside of [project]/Desktop/hyperlocal-frontend

https://nextjs.org/docs/messages/module-not-found 
[browser] ./Desktop/hyperlocal-frontend/src/app/layout.tsx:9:1
Module not found: Can't resolve '@/components/auth/AuthInitializer'
   7 | import { Toaster } from "@/components/ui/sonner";
   8 | import ErrorDiagnosticsModal from "@/components/shared/ErrorDiagnosticsModal";
>  9 | import { AuthInitializer } from '@/components/auth/AuthInitializer';
     | ^^^^^^^^^^^^^^^^^^^^^^^^^^^^^^^^^^^^^^^^^^^^^^^^^^^^^^^^^^^^^^^^^^^^
  10 | import { TutorialModal } from '@/components/shared/TutorialModal';
  11 |
  12 | const inter = Inter({ subsets: ["latin"] });

Import map: aliased to relative './src/components/auth/AuthInitializer' inside of [project]/Desktop/hyperlocal-frontend

https://nextjs.org/docs/messages/module-not-found 
[browser] ./Desktop/hyperlocal-frontend/src/app/layout.tsx:9:1
Module not found: Can't resolve '@/components/auth/AuthInitializer'
   7 | import { Toaster } from "@/components/ui/sonner";
   8 | import ErrorDiagnosticsModal from "@/components/shared/ErrorDiagnosticsModal";
>  9 | import { AuthInitializer } from '@/components/auth/AuthInitializer';
     | ^^^^^^^^^^^^^^^^^^^^^^^^^^^^^^^^^^^^^^^^^^^^^^^^^^^^^^^^^^^^^^^^^^^^
  10 | import { TutorialModal } from '@/components/shared/TutorialModal';
  11 |
  12 | const inter = Inter({ subsets: ["latin"] });

Import map: aliased to relative './src/components/auth/AuthInitializer' inside of [project]/Desktop/hyperlocal-frontend

https://nextjs.org/docs/messages/module-not-found 
[browser] ./Desktop/hyperlocal-frontend/src/app/layout.tsx:9:1
Module not found: Can't resolve '@/components/auth/AuthInitializer'
   7 | import { Toaster } from "@/components/ui/sonner";
   8 | import ErrorDiagnosticsModal from "@/components/shared/ErrorDiagnosticsModal";
>  9 | import { AuthInitializer } from '@/components/auth/AuthInitializer';
     | ^^^^^^^^^^^^^^^^^^^^^^^^^^^^^^^^^^^^^^^^^^^^^^^^^^^^^^^^^^^^^^^^^^^^
  10 | import { TutorialModal } from '@/components/shared/TutorialModal';
  11 |
  12 | const inter = Inter({ subsets: ["latin"] });

Import map: aliased to relative './src/components/auth/AuthInitializer' inside of [project]/Desktop/hyperlocal-frontend

https://nextjs.org/docs/messages/module-not-found 
[browser] ./Desktop/hyperlocal-frontend/src/app/layout.tsx:9:1
Module not found: Can't resolve '@/components/auth/AuthInitializer'
   7 | import { Toaster } from "@/components/ui/sonner";
   8 | import ErrorDiagnosticsModal from "@/components/shared/ErrorDiagnosticsModal";
>  9 | import { AuthInitializer } from '@/components/auth/AuthInitializer';
     | ^^^^^^^^^^^^^^^^^^^^^^^^^^^^^^^^^^^^^^^^^^^^^^^^^^^^^^^^^^^^^^^^^^^^
  10 | import { TutorialModal } from '@/components/shared/TutorialModal';
  11 |
  12 | const inter = Inter({ subsets: ["latin"] });

Import map: aliased to relative './src/components/auth/AuthInitializer' inside of [project]/Desktop/hyperlocal-frontend

https://nextjs.org/docs/messages/module-not-found 
[browser] ./Desktop/hyperlocal-frontend/src/app/layout.tsx:9:1
Module not found: Can't resolve '@/components/auth/AuthInitializer'
   7 | import { Toaster } from "@/components/ui/sonner";
   8 | import ErrorDiagnosticsModal from "@/components/shared/ErrorDiagnosticsModal";
>  9 | import { AuthInitializer } from '@/components/auth/AuthInitializer';
     | ^^^^^^^^^^^^^^^^^^^^^^^^^^^^^^^^^^^^^^^^^^^^^^^^^^^^^^^^^^^^^^^^^^^^
  10 | import { TutorialModal } from '@/components/shared/TutorialModal';
  11 |
  12 | const inter = Inter({ subsets: ["latin"] });

Import map: aliased to relative './src/components/auth/AuthInitializer' inside of [project]/Desktop/hyperlocal-frontend

https://nextjs.org/docs/messages/module-not-found 
[browser] ./Desktop/hyperlocal-frontend/src/app/layout.tsx:9:1
Module not found: Can't resolve '@/components/auth/AuthInitializer'
   7 | import { Toaster } from "@/components/ui/sonner";
   8 | import ErrorDiagnosticsModal from "@/components/shared/ErrorDiagnosticsModal";
>  9 | import { AuthInitializer } from '@/components/auth/AuthInitializer';
     | ^^^^^^^^^^^^^^^^^^^^^^^^^^^^^^^^^^^^^^^^^^^^^^^^^^^^^^^^^^^^^^^^^^^^
  10 | import { TutorialModal } from '@/components/shared/TutorialModal';
  11 |
  12 | const inter = Inter({ subsets: ["latin"] });

Import map: aliased to relative './src/components/auth/AuthInitializer' inside of [project]/Desktop/hyperlocal-frontend

https://nextjs.org/docs/messages/module-not-found 
[browser] ./Desktop/hyperlocal-frontend/src/app/layout.tsx:9:1
Module not found: Can't resolve '@/components/auth/AuthInitializer'
   7 | import { Toaster } from "@/components/ui/sonner";
   8 | import ErrorDiagnosticsModal from "@/components/shared/ErrorDiagnosticsModal";
>  9 | import { AuthInitializer } from '@/components/auth/AuthInitializer';
     | ^^^^^^^^^^^^^^^^^^^^^^^^^^^^^^^^^^^^^^^^^^^^^^^^^^^^^^^^^^^^^^^^^^^^
  10 | import { TutorialModal } from '@/components/shared/TutorialModal';
  11 |
  12 | const inter = Inter({ subsets: ["latin"] });

Import map: aliased to relative './src/components/auth/AuthInitializer' inside of [project]/Desktop/hyperlocal-frontend

https://nextjs.org/docs/messages/module-not-found 
[browser] ./Desktop/hyperlocal-frontend/src/app/layout.tsx:9:1
Module not found: Can't resolve '@/components/auth/AuthInitializer'
   7 | import { Toaster } from "@/components/ui/sonner";
   8 | import ErrorDiagnosticsModal from "@/components/shared/ErrorDiagnosticsModal";
>  9 | import { AuthInitializer } from '@/components/auth/AuthInitializer';
     | ^^^^^^^^^^^^^^^^^^^^^^^^^^^^^^^^^^^^^^^^^^^^^^^^^^^^^^^^^^^^^^^^^^^^
  10 | import { TutorialModal } from '@/components/shared/TutorialModal';
  11 |
  12 | const inter = Inter({ subsets: ["latin"] });

Import map: aliased to relative './src/components/auth/AuthInitializer' inside of [project]/Desktop/hyperlocal-frontend

https://nextjs.org/docs/messages/module-not-found 
[browser] ./Desktop/hyperlocal-frontend/src/app/layout.tsx:9:1
Module not found: Can't resolve '@/components/auth/AuthInitializer'
   7 | import { Toaster } from "@/components/ui/sonner";
   8 | import ErrorDiagnosticsModal from "@/components/shared/ErrorDiagnosticsModal";
>  9 | import { AuthInitializer } from '@/components/auth/AuthInitializer';
     | ^^^^^^^^^^^^^^^^^^^^^^^^^^^^^^^^^^^^^^^^^^^^^^^^^^^^^^^^^^^^^^^^^^^^
  10 | import { TutorialModal } from '@/components/shared/TutorialModal';
  11 |
  12 | const inter = Inter({ subsets: ["latin"] });

Import map: aliased to relative './src/components/auth/AuthInitializer' inside of [project]/Desktop/hyperlocal-frontend

https://nextjs.org/docs/messages/module-not-found 
[browser] ./Desktop/hyperlocal-frontend/src/app/layout.tsx:9:1
Module not found: Can't resolve '@/components/auth/AuthInitializer'
   7 | import { Toaster } from "@/components/ui/sonner";
   8 | import ErrorDiagnosticsModal from "@/components/shared/ErrorDiagnosticsModal";
>  9 | import { AuthInitializer } from '@/components/auth/AuthInitializer';
     | ^^^^^^^^^^^^^^^^^^^^^^^^^^^^^^^^^^^^^^^^^^^^^^^^^^^^^^^^^^^^^^^^^^^^
  10 | import { TutorialModal } from '@/components/shared/TutorialModal';
  11 |
  12 | const inter = Inter({ subsets: ["latin"] });

Import map: aliased to relative './src/components/auth/AuthInitializer' inside of [project]/Desktop/hyperlocal-frontend

https://nextjs.org/docs/messages/module-not-found 
[browser] ./Desktop/hyperlocal-frontend/src/app/layout.tsx:9:1
Module not found: Can't resolve '@/components/auth/AuthInitializer'
   7 | import { Toaster } from "@/components/ui/sonner";
   8 | import ErrorDiagnosticsModal from "@/components/shared/ErrorDiagnosticsModal";
>  9 | import { AuthInitializer } from '@/components/auth/AuthInitializer';
     | ^^^^^^^^^^^^^^^^^^^^^^^^^^^^^^^^^^^^^^^^^^^^^^^^^^^^^^^^^^^^^^^^^^^^
  10 | import { TutorialModal } from '@/components/shared/TutorialModal';
  11 |
  12 | const inter = Inter({ subsets: ["latin"] });

Import map: aliased to relative './src/components/auth/AuthInitializer' inside of [project]/Desktop/hyperlocal-frontend

https://nextjs.org/docs/messages/module-not-found 
[browser] ./Desktop/hyperlocal-frontend/src/app/layout.tsx:9:1
Module not found: Can't resolve '@/components/auth/AuthInitializer'
   7 | import { Toaster } from "@/components/ui/sonner";
   8 | import ErrorDiagnosticsModal from "@/components/shared/ErrorDiagnosticsModal";
>  9 | import { AuthInitializer } from '@/components/auth/AuthInitializer';
     | ^^^^^^^^^^^^^^^^^^^^^^^^^^^^^^^^^^^^^^^^^^^^^^^^^^^^^^^^^^^^^^^^^^^^
  10 | import { TutorialModal } from '@/components/shared/TutorialModal';
  11 |
  12 | const inter = Inter({ subsets: ["latin"] });

Import map: aliased to relative './src/components/auth/AuthInitializer' inside of [project]/Desktop/hyperlocal-frontend

https://nextjs.org/docs/messages/module-not-found 
[browser] ./Desktop/hyperlocal-frontend/src/app/layout.tsx:9:1
Module not found: Can't resolve '@/components/auth/AuthInitializer'
   7 | import { Toaster } from "@/components/ui/sonner";
   8 | import ErrorDiagnosticsModal from "@/components/shared/ErrorDiagnosticsModal";
>  9 | import { AuthInitializer } from '@/components/auth/AuthInitializer';
     | ^^^^^^^^^^^^^^^^^^^^^^^^^^^^^^^^^^^^^^^^^^^^^^^^^^^^^^^^^^^^^^^^^^^^
  10 | import { TutorialModal } from '@/components/shared/TutorialModal';
  11 |
  12 | const inter = Inter({ subsets: ["latin"] });

Import map: aliased to relative './src/components/auth/AuthInitializer' inside of [project]/Desktop/hyperlocal-frontend

https://nextjs.org/docs/messages/module-not-found 
[browser] ./Desktop/hyperlocal-frontend/src/app/layout.tsx:9:1
Module not found: Can't resolve '@/components/auth/AuthInitializer'
   7 | import { Toaster } from "@/components/ui/sonner";
   8 | import ErrorDiagnosticsModal from "@/components/shared/ErrorDiagnosticsModal";
>  9 | import { AuthInitializer } from '@/components/auth/AuthInitializer';
     | ^^^^^^^^^^^^^^^^^^^^^^^^^^^^^^^^^^^^^^^^^^^^^^^^^^^^^^^^^^^^^^^^^^^^
  10 | import { TutorialModal } from '@/components/shared/TutorialModal';
  11 |
  12 | const inter = Inter({ subsets: ["latin"] });

Import map: aliased to relative './src/components/auth/AuthInitializer' inside of [project]/Desktop/hyperlocal-frontend

https://nextjs.org/docs/messages/module-not-found 
[browser] ./Desktop/hyperlocal-frontend/src/app/layout.tsx:9:1
Module not found: Can't resolve '@/components/auth/AuthInitializer'
   7 | import { Toaster } from "@/components/ui/sonner";
   8 | import ErrorDiagnosticsModal from "@/components/shared/ErrorDiagnosticsModal";
>  9 | import { AuthInitializer } from '@/components/auth/AuthInitializer';
     | ^^^^^^^^^^^^^^^^^^^^^^^^^^^^^^^^^^^^^^^^^^^^^^^^^^^^^^^^^^^^^^^^^^^^
  10 | import { TutorialModal } from '@/components/shared/TutorialModal';
  11 |
  12 | const inter = Inter({ subsets: ["latin"] });

Import map: aliased to relative './src/components/auth/AuthInitializer' inside of [project]/Desktop/hyperlocal-frontend

https://nextjs.org/docs/messages/module-not-found 
[browser] ./Desktop/hyperlocal-frontend/src/app/layout.tsx:9:1
Module not found: Can't resolve '@/components/auth/AuthInitializer'
   7 | import { Toaster } from "@/components/ui/sonner";
   8 | import ErrorDiagnosticsModal from "@/components/shared/ErrorDiagnosticsModal";
>  9 | import { AuthInitializer } from '@/components/auth/AuthInitializer';
     | ^^^^^^^^^^^^^^^^^^^^^^^^^^^^^^^^^^^^^^^^^^^^^^^^^^^^^^^^^^^^^^^^^^^^
  10 | import { TutorialModal } from '@/components/shared/TutorialModal';
  11 |
  12 | const inter = Inter({ subsets: ["latin"] });

Import map: aliased to relative './src/components/auth/AuthInitializer' inside of [project]/Desktop/hyperlocal-frontend

https://nextjs.org/docs/messages/module-not-found 
[browser] ./Desktop/hyperlocal-frontend/src/app/layout.tsx:9:1
Module not found: Can't resolve '@/components/auth/AuthInitializer'
   7 | import { Toaster } from "@/components/ui/sonner";
   8 | import ErrorDiagnosticsModal from "@/components/shared/ErrorDiagnosticsModal";
>  9 | import { AuthInitializer } from '@/components/auth/AuthInitializer';
     | ^^^^^^^^^^^^^^^^^^^^^^^^^^^^^^^^^^^^^^^^^^^^^^^^^^^^^^^^^^^^^^^^^^^^
  10 | import { TutorialModal } from '@/components/shared/TutorialModal';
  11 |
  12 | const inter = Inter({ subsets: ["latin"] });

Import map: aliased to relative './src/components/auth/AuthInitializer' inside of [project]/Desktop/hyperlocal-frontend

https://nextjs.org/docs/messages/module-not-found 
[browser] ./Desktop/hyperlocal-frontend/src/app/layout.tsx:9:1
Module not found: Can't resolve '@/components/auth/AuthInitializer'
   7 | import { Toaster } from "@/components/ui/sonner";
   8 | import ErrorDiagnosticsModal from "@/components/shared/ErrorDiagnosticsModal";
>  9 | import { AuthInitializer } from '@/components/auth/AuthInitializer';
     | ^^^^^^^^^^^^^^^^^^^^^^^^^^^^^^^^^^^^^^^^^^^^^^^^^^^^^^^^^^^^^^^^^^^^
  10 | import { TutorialModal } from '@/components/shared/TutorialModal';
  11 |
  12 | const inter = Inter({ subsets: ["latin"] });

Import map: aliased to relative './src/components/auth/AuthInitializer' inside of [project]/Desktop/hyperlocal-frontend

https://nextjs.org/docs/messages/module-not-found 
[browser] AxiosError: Request failed with status code 401
    at async fetchVendorData (src/app/vendor-dashboard/VendorDashboardClient.tsx:203:53)
  201 |       const vendorId = profileData.vendor.id;
  202 |
> 203 |       const [leadsRes, catalogRes, categoriesRes] = await Promise.all([
      |                                                     ^
  204 |         apiClient.get('/leads', { params: { vendorId } }),
  205 |         apiClient.get(`/catalog/vendor/${vendorId}`),
  206 |         apiClient.get('/search/categories') (src/app/vendor-dashboard/VendorDashboardClient.tsx:214:15)
⨯ ./Desktop/hyperlocal-frontend/src/app/page.tsx:446:19
Expected '</', got 'jsx text'
  [90m444 |[0m             </div>
  [90m445 |[0m           </div>
[31m[1m>[0m [90m446 |[0m         </section>
  [90m    |[0m                   [31m[1m^^^^^^^^^^^^^^^^^^^^^^^^^^^^^^^^^^^^^^^^^^^^^^^^^^^^^^^^^^^^^^^^^^^^^^^^^^[0m
[31m[1m>[0m [90m447 |[0m
  [90m    |[0m [31m[1m^[0m
[31m[1m>[0m [90m448 |[0m
  [90m    |[0m [31m[1m^[0m
[31m[1m>[0m [90m449 |[0m         {[90m/* ─── INDIAMART STYLE INSTANT REQUIREMENT BOARD (RFQ) ─── */[0m}
  [90m    |[0m [31m[1m^^^^^^^^[0m
  [90m450 |[0m         <section className=[32m"relative z-10 max-w-6xl mx-auto mb-20 px-4 lg:px-0"[0m>
  [90m451 |[0m           {[90m/* Mobile Trust Strip */[0m}
  [90m452 |[0m           <div className=[32m"lg:hidden flex overflow-x-auto gap-3 pb-3 mb-2 scrollbar-none s...[0m

Parsing ecmascript source code failed

Import traces:
  Client Component Browser:
    ./Desktop/hyperlocal-frontend/src/app/page.tsx [Client Component Browser]
    ./Desktop/hyperlocal-frontend/src/app/page.tsx [Server Component]

  Client Component SSR:
    ./Desktop/hyperlocal-frontend/src/app/page.tsx [Client Component SSR]
    ./Desktop/hyperlocal-frontend/src/app/page.tsx [Server Component]


⨯ ./Desktop/hyperlocal-frontend/src/app/page.tsx:446:19
Expected '</', got 'jsx text'
  [90m444 |[0m             </div>
  [90m445 |[0m           </div>
[31m[1m>[0m [90m446 |[0m         </section>
  [90m    |[0m                   [31m[1m^^^^^^^^^^^^^^^^^^^^^^^^^^^^^^^^^^^^^^^^^^^^^^^^^^^^^^^^^^^^^^^^^^^^^^^^^^[0m
[31m[1m>[0m [90m447 |[0m
  [90m    |[0m [31m[1m^[0m
[31m[1m>[0m [90m448 |[0m
  [90m    |[0m [31m[1m^[0m
[31m[1m>[0m [90m449 |[0m         {[90m/* ─── INDIAMART STYLE INSTANT REQUIREMENT BOARD (RFQ) ─── */[0m}
  [90m    |[0m [31m[1m^^^^^^^^[0m
  [90m450 |[0m         <section className=[32m"relative z-10 max-w-6xl mx-auto mb-20 px-4 lg:px-0"[0m>
  [90m451 |[0m           {[90m/* Mobile Trust Strip */[0m}
  [90m452 |[0m           <div className=[32m"lg:hidden flex overflow-x-auto gap-3 pb-3 mb-2 scrollbar-none s...[0m

Parsing ecmascript source code failed

Import traces:
  Client Component Browser:
    ./Desktop/hyperlocal-frontend/src/app/page.tsx [Client Component Browser]
    ./Desktop/hyperlocal-frontend/src/app/page.tsx [Server Component]

  Client Component SSR:
    ./Desktop/hyperlocal-frontend/src/app/page.tsx [Client Component SSR]
    ./Desktop/hyperlocal-frontend/src/app/page.tsx [Server Component]


⨯ ./Desktop/hyperlocal-frontend/src/app/page.tsx:446:19
Expected '</', got 'jsx text'
  [90m444 |[0m             </div>
  [90m445 |[0m           </div>
[31m[1m>[0m [90m446 |[0m         </section>
  [90m    |[0m                   [31m[1m^^^^^^^^^^^^^^^^^^^^^^^^^^^^^^^^^^^^^^^^^^^^^^^^^^^^^^^^^^^^^^^^^^^^^^^^^^[0m
[31m[1m>[0m [90m447 |[0m
  [90m    |[0m [31m[1m^[0m
[31m[1m>[0m [90m448 |[0m
  [90m    |[0m [31m[1m^[0m
[31m[1m>[0m [90m449 |[0m         {[90m/* ─── INDIAMART STYLE INSTANT REQUIREMENT BOARD (RFQ) ─── */[0m}
  [90m    |[0m [31m[1m^^^^^^^^[0m
  [90m450 |[0m         <section className=[32m"relative z-10 max-w-6xl mx-auto mb-20 px-4 lg:px-0"[0m>
  [90m451 |[0m           {[90m/* Mobile Trust Strip */[0m}
  [90m452 |[0m           <div className=[32m"lg:hidden flex overflow-x-auto gap-3 pb-3 mb-2 scrollbar-none s...[0m

Parsing ecmascript source code failed

Import traces:
  Client Component Browser:
    ./Desktop/hyperlocal-frontend/src/app/page.tsx [Client Component Browser]
    ./Desktop/hyperlocal-frontend/src/app/page.tsx [Server Component]

  Client Component SSR:
    ./Desktop/hyperlocal-frontend/src/app/page.tsx [Client Component SSR]
    ./Desktop/hyperlocal-frontend/src/app/page.tsx [Server Component]


[browser] Uncaught Error: ./Desktop/hyperlocal-frontend/src/app/page.tsx:446:19
Expected '</', got 'jsx text'
  444 |             </div>
  445 |           </div>
> 446 |         </section>
      |                   ^^^^^^^^^^^^^^^^^^^^^^^^^^^^^^^^^^^^^^^^^^^^^^^^^^^^^^^^^^^^^^^^^^^^^^^^^^
> 447 |
      | ^
> 448 |
      | ^
> 449 |         {/* ─── INDIAMART STYLE INSTANT REQUIREMENT BOARD (RFQ) ─── */}
      | ^^^^^^^^
  450 |         <section className="relative z-10 max-w-6xl mx-auto mb-20 px-4 lg:px-0">
  451 |           {/* Mobile Trust Strip */}
  452 |           <div className="lg:hidden flex overflow-x-auto gap-3 pb-3 mb-2 scrollbar-none s...

Parsing ecmascript source code failed

Import traces:
  Client Component Browser:
    ./Desktop/hyperlocal-frontend/src/app/page.tsx [Client Component Browser]
    ./Desktop/hyperlocal-frontend/src/app/page.tsx [Server Component]

  Client Component SSR:
    ./Desktop/hyperlocal-frontend/src/app/page.tsx [Client Component SSR]
    ./Desktop/hyperlocal-frontend/src/app/page.tsx [Server Component]


    at <unknown> (Error: ./Desktop/hyperlocal-frontend/src/app/page.tsx:446:19)
    at <unknown> (Error: (./Desktop/hyperlocal-frontend/src/app/page.tsx:446:19)
[browser] Uncaught Error: ./Desktop/hyperlocal-frontend/src/app/page.tsx:446:19
Expected '</', got 'jsx text'
  444 |             </div>
  445 |           </div>
> 446 |         </section>
      |                   ^^^^^^^^^^^^^^^^^^^^^^^^^^^^^^^^^^^^^^^^^^^^^^^^^^^^^^^^^^^^^^^^^^^^^^^^^^
> 447 |
      | ^
> 448 |
      | ^
> 449 |         {/* ─── INDIAMART STYLE INSTANT REQUIREMENT BOARD (RFQ) ─── */}
      | ^^^^^^^^
  450 |         <section className="relative z-10 max-w-6xl mx-auto mb-20 px-4 lg:px-0">
  451 |           {/* Mobile Trust Strip */}
  452 |           <div className="lg:hidden flex overflow-x-auto gap-3 pb-3 mb-2 scrollbar-none s...

Parsing ecmascript source code failed

Import traces:
  Client Component Browser:
    ./Desktop/hyperlocal-frontend/src/app/page.tsx [Client Component Browser]
    ./Desktop/hyperlocal-frontend/src/app/page.tsx [Server Component]

  Client Component SSR:
    ./Desktop/hyperlocal-frontend/src/app/page.tsx [Client Component SSR]
    ./Desktop/hyperlocal-frontend/src/app/page.tsx [Server Component]


    at <unknown> (Error: ./Desktop/hyperlocal-frontend/src/app/page.tsx:446:19)
    at <unknown> (Error: (./Desktop/hyperlocal-frontend/src/app/page.tsx:446:19)
[browser] React has detected a change in the order of Hooks called by VendorDashboardClient. This will lead to bugs and errors if not fixed. For more information, read the Rules of Hooks: https://react.dev/link/rules-of-hooks

   Previous render            Next render
   ------------------------------------------------------
1. useContext                 useContext
2. useCallback                useCallback
3. useCallback                useCallback
4. useSyncExternalStore       useSyncExternalStore
5. useDebugValue              useDebugValue
6. useCallback                useCallback
7. useCallback                useCallback
8. useSyncExternalStore       useSyncExternalStore
9. useDebugValue              useDebugValue
10. useState                  useState
11. useState                  useState
12. useState                  useState
13. useState                  useState
14. useState                  useState
15. useState                  useState
16. useState                  useState
17. useState                  useState
18. useState                  useState
19. useState                  useState
20. useState                  useState
21. useState                  useState
22. useState                  useState
23. useState                  useState
24. useState                  useState
25. useState                  useState
26. useState                  useState
27. useState                  useState
28. useState                  useState
29. useEffect                 useEffect
30. useEffect                 useEffect
31. useEffect                 useEffect
32. undefined                 useState
   ^^^^^^^^^^^^^^^^^^^^^^^^^^^^^^^^^^^^^^^^^^^^^^^^^^^^^^
 
    at VendorDashboardClient (src/app/vendor-dashboard/VendorDashboardClient.tsx:510:51)
  508 | ...
  509 | ...cal state for tracking revenue
> 510 | ... [leadRevenues, setLeadRevenues] = useState<Record<string, string>>({});
      |                                               ^
  511 | ... handleRevenueChange = (leadId: string, val: string) => setLeadRevenues(prev => ({ ......
  512 | ... handleRevenueSave = (leadId: string) => toast.success('Revenue updated for this lead!');
  513 | ... (src/app/vendor-dashboard/VendorDashboardClient.tsx:510:51)
[browser] Uncaught Error: Rendered more hooks than during the previous render.
    at VendorDashboardClient (src/app/vendor-dashboard/VendorDashboardClient.tsx:510:51)
    at VendorDashboardPage (file:///Users/goldy/Desktop/hyperlocal-frontend/.next/dev/static/chunks/Desktop_hyperlocal-frontend_src_0gwau5c._.js:4657:251)
  508 | ...
  509 | ...cal state for tracking revenue
> 510 | ... [leadRevenues, setLeadRevenues] = useState<Record<string, string>>({});
      |                                               ^
  511 | ... handleRevenueChange = (leadId: string, val: string) => setLeadRevenues(prev => ({ ......
  512 | ... handleRevenueSave = (leadId: string) => toast.success('Revenue updated for this lead!');
  513 | ...
[browser] Diagnostics captured global error: Error: Rendered more hooks than during the previous render.
    at VendorDashboardClient (src/app/vendor-dashboard/VendorDashboardClient.tsx:510:51)
    at VendorDashboardPage (file:///Users/goldy/Desktop/hyperlocal-frontend/.next/dev/static/chunks/Desktop_hyperlocal-frontend_src_0gwau5c._.js:4657:251)
  508 | ...
  509 | ...cal state for tracking revenue
> 510 | ... [leadRevenues, setLeadRevenues] = useState<Record<string, string>>({});
      |                                               ^
  511 | ... handleRevenueChange = (leadId: string, val: string) => setLeadRevenues(prev => ({ ......
  512 | ... handleRevenueSave = (leadId: string) => toast.success('Revenue updated for this lead!');
  513 | ... (src/components/shared/ErrorDiagnosticsModal.tsx:25:15)
⚠ Fast Refresh had to perform a full reload due to a runtime error.
[browser] Warning: Missing `Description` or `aria-describedby={undefined}` for {DialogContent}.
[browser] Warning: Missing `Description` or `aria-describedby={undefined}` for {DialogContent}.
[browser] Warning: Missing `Description` or `aria-describedby={undefined}` for {DialogContent}.
[browser] Warning: Missing `Description` or `aria-describedby={undefined}` for {DialogContent}.
[browser] A tree hydrated but some attributes of the server rendered HTML didn't match the client properties. This won't be patched up. This can happen if a SSR-ed Client Component used:

- A server/client branch `if (typeof window !== 'undefined')`.
- Variable input such as `Date.now()` or `Math.random()` which changes each time it's called.
- Date formatting in a user's locale which doesn't match the server.
- External changing data without sending a snapshot of it along with the HTML.
- Invalid HTML tag nesting.

It can also happen if the client has a browser extension installed which messes with the HTML before React loaded.

https://react.dev/link/hydration-mismatch

  ...
    <HotReload globalError={[...]} webSocket={WebSocket} staticIndicatorState={{pathname:null, ...}}>
      <AppDevOverlayErrorBoundary globalError={[...]}>
        <ReplaySsrOnlyErrors>
        <DevRootHTTPAccessFallbackBoundary>
          <HTTPAccessFallbackBoundary notFound={<NotAllowedRootHTTPFallbackError>}>
            <HTTPAccessFallbackErrorBoundary pathname="/" notFound={<NotAllowedRootHTTPFallbackError>} ...>
              <RedirectBoundary>
                <RedirectErrorBoundary router={{...}}>
                  <Head>
                  <__next_root_layout_boundary__>
                    <SegmentViewNode type="layout" pagePath="layout.tsx">
                      <SegmentTrieNode>
                      <link>
                      <script>
                      <script>
                      <script>
                      <RootLayout>
                        <html lang="en">
                          <body
                            className="inter_5972bc34-module__OU16Qa__className min-h-screen bg-background text-foregr..."
-                           data-new-gr-c-s-check-loaded="14.1297.0"
-                           data-gr-ext-installed=""
                          >
                  ...
 
⚠ Fast Refresh had to perform a full reload due to a runtime error.
⚠ Fast Refresh had to perform a full reload due to a runtime error.
[browser] The final argument passed to useEffect changed size between renders. The order and size of this array must remain constant.

Previous: [true, true, false, /, [object Object]]
Incoming: [true, true, /, [object Object]] 
    at AuthGuard (src/components/shared/AuthGuard.tsx:18:3)
    at Set.forEach (<anonymous>)
  16 |   useEffect(() => {
  17 |     setMounted(true);
> 18 |   }, []);
     |   ^
  19 |
  20 |   useEffect(() => {
  21 |     if (mounted && _hasHydrated) { (src/components/shared/AuthGuard.tsx:18:3)
[browser] AxiosError: Request failed with status code 401
    at async fetchVendorData (src/app/vendor-dashboard/VendorDashboardClient.tsx:208:53)
  206 |       const vendorId = profileData.vendor.id;
  207 |
> 208 |       const [leadsRes, catalogRes, categoriesRes] = await Promise.all([
      |                                                     ^
  209 |         apiClient.get('/leads', { params: { vendorId } }),
  210 |         apiClient.get(`/catalog/vendor/${vendorId}`),
  211 |         apiClient.get('/search/categories') (src/app/vendor-dashboard/VendorDashboardClient.tsx:219:15)
[browser] The final argument passed to useEffect changed size between renders. The order and size of this array must remain constant.

Previous: [true, true, false, /explore, [object Object]]
Incoming: [true, true, /explore, [object Object]] 
    at AuthGuard (src/components/shared/AuthGuard.tsx:18:3)
    at Set.forEach (<anonymous>)
  16 |   useEffect(() => {
  17 |     setMounted(true);
> 18 |   }, []);
     |   ^
  19 |
  20 |   useEffect(() => {
  21 |     if (mounted && _hasHydrated) { (src/components/shared/AuthGuard.tsx:18:3)
⚠ Fast Refresh had to perform a full reload due to a runtime error.
⚠ Fast Refresh had to perform a full reload due to a runtime error.
⚠ Fast Refresh had to perform a full reload due to a runtime error.
[browser] Uncaught Error: ./Desktop/hyperlocal-frontend/src/app/explore/page.tsx:581:22
Expected '</', got 'ident'
  579 |                 </div>
  580 |                 
> 581 |                 <div className="flex items-center gap-4">
      |                      ^^^^^^^^^
  582 |                   <label className="flex items-center gap-2 cursor-pointer text-sm font-s...
  583 |                     <input 
  584 |                       type="checkbox"

Parsing ecmascript source code failed

Import traces:
  Client Component Browser:
    ./Desktop/hyperlocal-frontend/src/app/explore/page.tsx [Client Component Browser]
    ./Desktop/hyperlocal-frontend/src/app/explore/page.tsx [Server Component]

  Client Component SSR:
    ./Desktop/hyperlocal-frontend/src/app/explore/page.tsx [Client Component SSR]
    ./Desktop/hyperlocal-frontend/src/app/explore/page.tsx [Server Component]


    at <unknown> (Error: ./Desktop/hyperlocal-frontend/src/app/explore/page.tsx:581:22)
    at <unknown> (Error: (./Desktop/hyperlocal-frontend/src/app/explore/page.tsx:581:22)
[browser] ./Desktop/hyperlocal-frontend/src/app/explore/page.tsx:581:22
Expected '</', got 'ident'
  579 |                 </div>
  580 |                 
> 581 |                 <div className="flex items-center gap-4">
      |                      ^^^^^^^^^
  582 |                   <label className="flex items-center gap-2 cursor-pointer text-sm font-s...
  583 |                     <input 
  584 |                       type="checkbox"

Parsing ecmascript source code failed

Import traces:
  Client Component Browser:
    ./Desktop/hyperlocal-frontend/src/app/explore/page.tsx [Client Component Browser]
    ./Desktop/hyperlocal-frontend/src/app/explore/page.tsx [Server Component]

  Client Component SSR:
    ./Desktop/hyperlocal-frontend/src/app/explore/page.tsx [Client Component SSR]
    ./Desktop/hyperlocal-frontend/src/app/explore/page.tsx [Server Component] 
[browser] ./Desktop/hyperlocal-frontend/src/app/explore/page.tsx:581:22
Expected '</', got 'ident'
  579 |                 </div>
  580 |                 
> 581 |                 <div className="flex items-center gap-4">
      |                      ^^^^^^^^^
  582 |                   <label className="flex items-center gap-2 cursor-pointer text-sm font-s...
  583 |                     <input 
  584 |                       type="checkbox"

Parsing ecmascript source code failed

Import traces:
  Client Component Browser:
    ./Desktop/hyperlocal-frontend/src/app/explore/page.tsx [Client Component Browser]
    ./Desktop/hyperlocal-frontend/src/app/explore/page.tsx [Server Component]

  Client Component SSR:
    ./Desktop/hyperlocal-frontend/src/app/explore/page.tsx [Client Component SSR]
    ./Desktop/hyperlocal-frontend/src/app/explore/page.tsx [Server Component] 
[browser] ./Desktop/hyperlocal-frontend/src/app/explore/page.tsx:581:22
Expected '</', got 'ident'
  579 |                 </div>
  580 |                 
> 581 |                 <div className="flex items-center gap-4">
      |                      ^^^^^^^^^
  582 |                   <label className="flex items-center gap-2 cursor-pointer text-sm font-s...
  583 |                     <input 
  584 |                       type="checkbox"

Parsing ecmascript source code failed

Import traces:
  Client Component Browser:
    ./Desktop/hyperlocal-frontend/src/app/explore/page.tsx [Client Component Browser]
    ./Desktop/hyperlocal-frontend/src/app/explore/page.tsx [Server Component]

  Client Component SSR:
    ./Desktop/hyperlocal-frontend/src/app/explore/page.tsx [Client Component SSR]
    ./Desktop/hyperlocal-frontend/src/app/explore/page.tsx [Server Component] 
[browser] ./Desktop/hyperlocal-frontend/src/app/explore/page.tsx:581:22
Expected '</', got 'ident'
  579 |                 </div>
  580 |                 
> 581 |                 <div className="flex items-center gap-4">
      |                      ^^^^^^^^^
  582 |                   <label className="flex items-center gap-2 cursor-pointer text-sm font-s...
  583 |                     <input 
  584 |                       type="checkbox"

Parsing ecmascript source code failed

Import traces:
  Client Component Browser:
    ./Desktop/hyperlocal-frontend/src/app/explore/page.tsx [Client Component Browser]
    ./Desktop/hyperlocal-frontend/src/app/explore/page.tsx [Server Component]

  Client Component SSR:
    ./Desktop/hyperlocal-frontend/src/app/explore/page.tsx [Client Component SSR]
    ./Desktop/hyperlocal-frontend/src/app/explore/page.tsx [Server Component] 
[browser] ./Desktop/hyperlocal-frontend/src/app/explore/page.tsx:581:22
Expected '</', got 'ident'
  579 |                 </div>
  580 |                 
> 581 |                 <div className="flex items-center gap-4">
      |                      ^^^^^^^^^
  582 |                   <label className="flex items-center gap-2 cursor-pointer text-sm font-s...
  583 |                     <input 
  584 |                       type="checkbox"

Parsing ecmascript source code failed

Import traces:
  Client Component Browser:
    ./Desktop/hyperlocal-frontend/src/app/explore/page.tsx [Client Component Browser]
    ./Desktop/hyperlocal-frontend/src/app/explore/page.tsx [Server Component]

  Client Component SSR:
    ./Desktop/hyperlocal-frontend/src/app/explore/page.tsx [Client Component SSR]
    ./Desktop/hyperlocal-frontend/src/app/explore/page.tsx [Server Component] 
[browser] ./Desktop/hyperlocal-frontend/src/app/explore/page.tsx:581:22
Expected '</', got 'ident'
  579 |                 </div>
  580 |                 
> 581 |                 <div className="flex items-center gap-4">
      |                      ^^^^^^^^^
  582 |                   <label className="flex items-center gap-2 cursor-pointer text-sm font-s...
  583 |                     <input 
  584 |                       type="checkbox"

Parsing ecmascript source code failed

Import traces:
  Client Component Browser:
    ./Desktop/hyperlocal-frontend/src/app/explore/page.tsx [Client Component Browser]
    ./Desktop/hyperlocal-frontend/src/app/explore/page.tsx [Server Component]

  Client Component SSR:
    ./Desktop/hyperlocal-frontend/src/app/explore/page.tsx [Client Component SSR]
    ./Desktop/hyperlocal-frontend/src/app/explore/page.tsx [Server Component] 
[browser] ./Desktop/hyperlocal-frontend/src/app/explore/page.tsx:581:22
Expected '</', got 'ident'
  579 |                 </div>
  580 |                 
> 581 |                 <div className="flex items-center gap-4">
      |                      ^^^^^^^^^
  582 |                   <label className="flex items-center gap-2 cursor-pointer text-sm font-s...
  583 |                     <input 
  584 |                       type="checkbox"

Parsing ecmascript source code failed

Import traces:
  Client Component Browser:
    ./Desktop/hyperlocal-frontend/src/app/explore/page.tsx [Client Component Browser]
    ./Desktop/hyperlocal-frontend/src/app/explore/page.tsx [Server Component]

  Client Component SSR:
    ./Desktop/hyperlocal-frontend/src/app/explore/page.tsx [Client Component SSR]
    ./Desktop/hyperlocal-frontend/src/app/explore/page.tsx [Server Component] 
[browser] ./Desktop/hyperlocal-frontend/src/app/explore/page.tsx:581:22
Expected '</', got 'ident'
  579 |                 </div>
  580 |                 
> 581 |                 <div className="flex items-center gap-4">
      |                      ^^^^^^^^^
  582 |                   <label className="flex items-center gap-2 cursor-pointer text-sm font-s...
  583 |                     <input 
  584 |                       type="checkbox"

Parsing ecmascript source code failed

Import traces:
  Client Component Browser:
    ./Desktop/hyperlocal-frontend/src/app/explore/page.tsx [Client Component Browser]
    ./Desktop/hyperlocal-frontend/src/app/explore/page.tsx [Server Component]

  Client Component SSR:
    ./Desktop/hyperlocal-frontend/src/app/explore/page.tsx [Client Component SSR]
    ./Desktop/hyperlocal-frontend/src/app/explore/page.tsx [Server Component] 
[browser] Uncaught Error: ./Desktop/hyperlocal-frontend/src/app/explore/page.tsx:581:22
Expected '</', got 'ident'
  579 |                 </div>
  580 |                 
> 581 |                 <div className="flex items-center gap-4">
      |                      ^^^^^^^^^
  582 |                   <label className="flex items-center gap-2 cursor-pointer text-sm font-s...
  583 |                     <input 
  584 |                       type="checkbox"

Parsing ecmascript source code failed

Import traces:
  Client Component Browser:
    ./Desktop/hyperlocal-frontend/src/app/explore/page.tsx [Client Component Browser]
    ./Desktop/hyperlocal-frontend/src/app/explore/page.tsx [Server Component]

  Client Component SSR:
    ./Desktop/hyperlocal-frontend/src/app/explore/page.tsx [Client Component SSR]
    ./Desktop/hyperlocal-frontend/src/app/explore/page.tsx [Server Component]


    at <unknown> (Error: ./Desktop/hyperlocal-frontend/src/app/explore/page.tsx:581:22)
    at <unknown> (Error: (./Desktop/hyperlocal-frontend/src/app/explore/page.tsx:581:22)
[browser] ./Desktop/hyperlocal-frontend/src/app/explore/page.tsx:581:22
Expected '</', got 'ident'
  579 |                 </div>
  580 |                 
> 581 |                 <div className="flex items-center gap-4">
      |                      ^^^^^^^^^
  582 |                   <label className="flex items-center gap-2 cursor-pointer text-sm font-s...
  583 |                     <input 
  584 |                       type="checkbox"

Parsing ecmascript source code failed

Import traces:
  Client Component Browser:
    ./Desktop/hyperlocal-frontend/src/app/explore/page.tsx [Client Component Browser]
    ./Desktop/hyperlocal-frontend/src/app/explore/page.tsx [Server Component]

  Client Component SSR:
    ./Desktop/hyperlocal-frontend/src/app/explore/page.tsx [Client Component SSR]
    ./Desktop/hyperlocal-frontend/src/app/explore/page.tsx [Server Component] 
[browser] ./Desktop/hyperlocal-frontend/src/app/explore/page.tsx:581:22
Expected '</', got 'ident'
  579 |                 </div>
  580 |                 
> 581 |                 <div className="flex items-center gap-4">
      |                      ^^^^^^^^^
  582 |                   <label className="flex items-center gap-2 cursor-pointer text-sm font-s...
  583 |                     <input 
  584 |                       type="checkbox"

Parsing ecmascript source code failed

Import traces:
  Client Component Browser:
    ./Desktop/hyperlocal-frontend/src/app/explore/page.tsx [Client Component Browser]
    ./Desktop/hyperlocal-frontend/src/app/explore/page.tsx [Server Component]

  Client Component SSR:
    ./Desktop/hyperlocal-frontend/src/app/explore/page.tsx [Client Component SSR]
    ./Desktop/hyperlocal-frontend/src/app/explore/page.tsx [Server Component] 
⚠ Fast Refresh had to perform a full reload due to a runtime error.
⚠ Fast Refresh had to perform a full reload due to a runtime error.
⚠ Fast Refresh had to perform a full reload due to a runtime error.
⚠ Fast Refresh had to perform a full reload due to a runtime error.
⚠ Fast Refresh had to perform a full reload due to a runtime error.
[browser] ./Desktop/hyperlocal-frontend/src/components/shared/AuthModal.tsx:415:2
Expression expected
  413 |     </Drawer>
  414 |   );
> 415 | }</Drawer>
      |  ^
  416 |   );
  417 | }
  418 |

Parsing ecmascript source code failed

Import traces:
  Client Component Browser:
    ./Desktop/hyperlocal-frontend/src/components/shared/AuthModal.tsx [Client Component Browser]
    ./Desktop/hyperlocal-frontend/src/components/home/AuthenticatedHomeView.tsx [Client Component Browser]
    ./Desktop/hyperlocal-frontend/src/app/page.tsx [Client Component Browser]
    ./Desktop/hyperlocal-frontend/src/app/page.tsx [Server Component]

  Client Component SSR:
    ./Desktop/hyperlocal-frontend/src/components/shared/AuthModal.tsx [Client Component SSR]
    ./Desktop/hyperlocal-frontend/src/components/home/AuthenticatedHomeView.tsx [Client Component SSR]
    ./Desktop/hyperlocal-frontend/src/app/page.tsx [Client Component SSR]
    ./Desktop/hyperlocal-frontend/src/app/page.tsx [Server Component] 
[browser] ./Desktop/hyperlocal-frontend/src/components/shared/AuthModal.tsx:415:3
Unterminated regexp literal
  413 |     </Drawer>
  414 |   );
> 415 | }</Drawer>
      |   ^^^^^^^^
  416 |   );
  417 | }
  418 |

Parsing ecmascript source code failed

Import traces:
  Client Component Browser:
    ./Desktop/hyperlocal-frontend/src/components/shared/AuthModal.tsx [Client Component Browser]
    ./Desktop/hyperlocal-frontend/src/components/home/AuthenticatedHomeView.tsx [Client Component Browser]
    ./Desktop/hyperlocal-frontend/src/app/page.tsx [Client Component Browser]
    ./Desktop/hyperlocal-frontend/src/app/page.tsx [Server Component]

  Client Component SSR:
    ./Desktop/hyperlocal-frontend/src/components/shared/AuthModal.tsx [Client Component SSR]
    ./Desktop/hyperlocal-frontend/src/components/home/AuthenticatedHomeView.tsx [Client Component SSR]
    ./Desktop/hyperlocal-frontend/src/app/page.tsx [Client Component SSR]
    ./Desktop/hyperlocal-frontend/src/app/page.tsx [Server Component] 
[browser] ./Desktop/hyperlocal-frontend/src/components/shared/AuthModal.tsx:415:2
Expression expected
  413 |     </Drawer>
  414 |   );
> 415 | }</Drawer>
      |  ^
  416 |   );
  417 | }
  418 |

Parsing ecmascript source code failed

Import traces:
  Client Component Browser:
    ./Desktop/hyperlocal-frontend/src/components/shared/AuthModal.tsx [Client Component Browser]
    ./Desktop/hyperlocal-frontend/src/components/home/AuthenticatedHomeView.tsx [Client Component Browser]
    ./Desktop/hyperlocal-frontend/src/app/page.tsx [Client Component Browser]
    ./Desktop/hyperlocal-frontend/src/app/page.tsx [Server Component]

  Client Component SSR:
    ./Desktop/hyperlocal-frontend/src/components/shared/AuthModal.tsx [Client Component SSR]
    ./Desktop/hyperlocal-frontend/src/components/home/AuthenticatedHomeView.tsx [Client Component SSR]
    ./Desktop/hyperlocal-frontend/src/app/page.tsx [Client Component SSR]
    ./Desktop/hyperlocal-frontend/src/app/page.tsx [Server Component] 
[browser] ./Desktop/hyperlocal-frontend/src/components/shared/AuthModal.tsx:415:3
Unterminated regexp literal
  413 |     </Drawer>
  414 |   );
> 415 | }</Drawer>
      |   ^^^^^^^^
  416 |   );
  417 | }
  418 |

Parsing ecmascript source code failed

Import traces:
  Client Component Browser:
    ./Desktop/hyperlocal-frontend/src/components/shared/AuthModal.tsx [Client Component Browser]
    ./Desktop/hyperlocal-frontend/src/components/home/AuthenticatedHomeView.tsx [Client Component Browser]
    ./Desktop/hyperlocal-frontend/src/app/page.tsx [Client Component Browser]
    ./Desktop/hyperlocal-frontend/src/app/page.tsx [Server Component]

  Client Component SSR:
    ./Desktop/hyperlocal-frontend/src/components/shared/AuthModal.tsx [Client Component SSR]
    ./Desktop/hyperlocal-frontend/src/components/home/AuthenticatedHomeView.tsx [Client Component SSR]
    ./Desktop/hyperlocal-frontend/src/app/page.tsx [Client Component SSR]
    ./Desktop/hyperlocal-frontend/src/app/page.tsx [Server Component] 
⚠ Fast Refresh had to perform a full reload due to a runtime error.
[browser] Uncaught ReferenceError: useGoogleLogin is not defined
    at AuthModal (src/components/shared/AuthModal.tsx:185:23)
    at Set.forEach (<anonymous>)
    at AuthenticatedHomeView (src/components/home/AuthenticatedHomeView.tsx:212:55)
    at Home (src/app/page.tsx:3:1)
  183 |   };
  184 |
> 185 |   const googleLogin = useGoogleLogin({
      |                       ^
  186 |     onSuccess: async (tokenResponse) => {
  187 |       setLoading(true);
  188 |       try {
[browser] Diagnostics captured global error: ReferenceError: useGoogleLogin is not defined
    at AuthModal (src/components/shared/AuthModal.tsx:185:23)
    at Set.forEach (<anonymous>)
    at AuthenticatedHomeView (src/components/home/AuthenticatedHomeView.tsx:212:55)
    at Home (src/app/page.tsx:3:1)
  183 |   };
  184 |
> 185 |   const googleLogin = useGoogleLogin({
      |                       ^
  186 |     onSuccess: async (tokenResponse) => {
  187 |       setLoading(true);
  188 |       try { (src/components/shared/ErrorDiagnosticsModal.tsx:25:15)
[browser] Uncaught ReferenceError: useGoogleLogin is not defined
    at AuthModal (src/components/shared/AuthModal.tsx:185:23)
    at Set.forEach (<anonymous>)
    at ServiceSidebar (src/components/shared/ServiceSidebar.tsx:55:7)
    at <unknown> (src/app/explore/page.tsx:838:69)
    at Array.map (<anonymous>)
    at ExplorePage (src/app/explore/page.tsx:766:164)
  183 |   };
  184 |
> 185 |   const googleLogin = useGoogleLogin({
      |                       ^
  186 |     onSuccess: async (tokenResponse) => {
  187 |       setLoading(true);
  188 |       try {
[browser] Diagnostics captured global error: ReferenceError: useGoogleLogin is not defined
    at AuthModal (src/components/shared/AuthModal.tsx:185:23)
    at Set.forEach (<anonymous>)
    at ServiceSidebar (src/components/shared/ServiceSidebar.tsx:55:7)
    at <unknown> (src/app/explore/page.tsx:838:69)
    at Array.map (<anonymous>)
    at ExplorePage (src/app/explore/page.tsx:766:164)
  183 |   };
  184 |
> 185 |   const googleLogin = useGoogleLogin({
      |                       ^
  186 |     onSuccess: async (tokenResponse) => {
  187 |       setLoading(true);
  188 |       try { (src/components/shared/ErrorDiagnosticsModal.tsx:25:15)
[browser] Uncaught ReferenceError: useGoogleLogin is not defined
    at AuthModal (src/components/shared/AuthModal.tsx:185:23)
    at Set.forEach (<anonymous>)
    at AuthenticatedHomeView (src/components/home/AuthenticatedHomeView.tsx:212:55)
    at Home (src/app/page.tsx:3:1)
  183 |   };
  184 |
> 185 |   const googleLogin = useGoogleLogin({
      |                       ^
  186 |     onSuccess: async (tokenResponse) => {
  187 |       setLoading(true);
  188 |       try {
[browser] Diagnostics captured global error: ReferenceError: useGoogleLogin is not defined
    at AuthModal (src/components/shared/AuthModal.tsx:185:23)
    at Set.forEach (<anonymous>)
    at AuthenticatedHomeView (src/components/home/AuthenticatedHomeView.tsx:212:55)
    at Home (src/app/page.tsx:3:1)
  183 |   };
  184 |
> 185 |   const googleLogin = useGoogleLogin({
      |                       ^
  186 |     onSuccess: async (tokenResponse) => {
  187 |       setLoading(true);
  188 |       try { (src/components/shared/ErrorDiagnosticsModal.tsx:25:15)
⚠ Fast Refresh had to perform a full reload due to a runtime error.
⚠ Fast Refresh had to perform a full reload due to a runtime error.
⚠ Fast Refresh had to perform a full reload due to a runtime error.
⚠ Fast Refresh had to perform a full reload due to a runtime error.
⚠ Fast Refresh had to perform a full reload due to a runtime error.
⚠ Fast Refresh had to perform a full reload due to a runtime error.
